global_sequence,review_batch,batch_sequence,review_tier,record_id,headword_candidate,normalized,part_of_speech,entry_type,source_page_approx,ocr_confidence,existing_master,verification_status,human_review_required
1,n1906-001,1,0:existing-master-upgrade,kha-n1906-001377,nga,nga,pronoun,word,87,0.975,yes,pending,yes
2,n1906-001,2,1:simple-historical-word,kha-n1906-000001,ab,ab,interjection,word,5,0.975,no,pending,yes
3,n1906-001,3,1:simple-historical-word,kha-n1906-000002,abir,abir,noun,word,6,0.975,no,pending,yes
4,n1906-001,4,1:simple-historical-word,kha-n1906-000006,adda,adda,noun,word,6,0.975,no,pending,yes
5,n1906-001,5,1:simple-historical-word,kha-n1906-000007,ade,ade,adverb,word,6,0.975,no,pending,yes
6,n1906-001,6,1:simple-historical-word,kha-n1906-000008,ado,ado,interjection,word,6,0.975,no,pending,yes
7,n1906-001,7,1:simple-historical-word,kha-n1906-000010,ahor,ahor,noun,word,6,0.975,no,pending,yes
8,n1906-001,8,1:simple-historical-word,kha-n1906-000003,ak,ak,interjection,word,6,0.975,no,pending,yes
9,n1906-001,9,1:simple-historical-word,kha-n1906-000004,aku,aku,interjection,word,6,0.975,no,pending,yes
10,n1906-001,10,1:simple-historical-word,kha-n1906-000030,alhia,alhia,adjective,word,8,0.950,no,pending,yes
11,n1906-001,11,1:simple-historical-word,kha-n1906-000031,along,along,noun,word,8,0.975,no,pending,yes
12,n1906-001,12,1:simple-historical-word,kha-n1906-000034,amrang,amrang,noun,word,8,0.975,no,pending,yes
13,n1906-001,13,1:simple-historical-word,kha-n1906-000035,ana,ana,noun,word,8,0.975,no,pending,yes
14,n1906-001,14,1:simple-historical-word,kha-n1906-000009,angret,angret,noun,word,6,0.975,no,pending,yes
15,n1906-001,15,1:simple-historical-word,kha-n1906-000036,ani,ani,interjection,word,8,0.975,no,pending,yes
16,n1906-001,16,1:simple-historical-word,kha-n1906-000038,antad,antad,verb,word,8,0.975,no,pending,yes
17,n1906-001,17,1:simple-historical-word,kha-n1906-000039,antra,antra,noun,word,8,0.975,no,pending,yes
18,n1906-001,18,1:simple-historical-word,kha-n1906-000042,ar,ar,adjective,word,9,0.975,no,pending,yes
19,n1906-001,19,1:simple-historical-word,kha-n1906-000045,arbaliang,arbaliang,adjective,word,9,0.975,no,pending,yes
20,n1906-001,20,1:simple-historical-word,kha-n1906-000043,arban,arban,adjective,word,9,0.975,no,pending,yes
21,n1906-001,21,1:simple-historical-word,kha-n1906-000044,arbriew,arbriew,noun,word,9,0.975,no,pending,yes
22,n1906-001,22,1:simple-historical-word,kha-n1906-000046,arbud,arbud,adjective,word,9,0.975,no,pending,yes
23,n1906-001,23,1:simple-historical-word,kha-n1906-000050,ardeng,ardeng,noun,word,9,0.975,no,pending,yes
24,n1906-001,24,1:simple-historical-word,kha-n1906-000052,ari,ari,interjection,word,9,0.975,no,pending,yes
25,n1906-001,25,1:simple-historical-word,kha-n1906-000047,arkhap,arkhap,noun,word,9,0.975,no,pending,yes
26,n1906-001,26,1:simple-historical-word,kha-n1906-000048,arkhep,arkhep,noun,word,9,0.975,no,pending,yes
27,n1906-001,27,1:simple-historical-word,kha-n1906-000049,arklur,arklur,noun,word,9,0.975,no,pending,yes
28,n1906-001,28,1:simple-historical-word,kha-n1906-000054,arlak,arlak,noun,word,9,0.975,no,pending,yes
29,n1906-001,29,1:simple-historical-word,kha-n1906-000055,arliang,arliang,noun,word,9,0.975,no,pending,yes
30,n1906-001,30,1:simple-historical-word,kha-n1906-000051,arngat,arngat,adjective,word,9,0.975,no,pending,yes
31,n1906-001,31,1:simple-historical-word,kha-n1906-000057,arpateng,arpateng,noun,word,9,0.975,no,pending,yes
32,n1906-001,32,1:simple-historical-word,kha-n1906-000058,arphew,arphew,adjective,word,9,0.975,no,pending,yes
33,n1906-001,33,1:simple-historical-word,kha-n1906-000059,arpiah,arpiah,noun,word,9,0.975,no,pending,yes
34,n1906-001,34,1:simple-historical-word,kha-n1906-000060,arsap,arsap,adjective,word,9,0.975,no,pending,yes
35,n1906-001,35,1:simple-historical-word,kha-n1906-000062,arsh'ing,arsh'ing,noun,word,9,0.975,no,pending,yes
36,n1906-001,36,1:simple-historical-word,kha-n1906-000061,arshah,arshah,adverb,word,9,0.975,no,pending,yes
37,n1906-001,37,1:simple-historical-word,kha-n1906-000063,arsut,arsut,adverb,word,9,0.975,no,pending,yes
38,n1906-001,38,1:simple-historical-word,kha-n1906-000064,artatien,artatien,adjective,word,10,0.975,no,pending,yes
39,n1906-001,39,1:simple-historical-word,kha-n1906-000065,arwat,arwat,adverb,word,10,0.975,no,pending,yes
40,n1906-001,40,1:simple-historical-word,kha-n1906-000066,asbab,asbab,noun,word,10,0.975,no,pending,yes
41,n1906-001,41,1:simple-historical-word,kha-n1906-000067,asir,asir,noun,word,10,0.975,no,pending,yes
42,n1906-001,42,1:simple-historical-word,kha-n1906-000068,astor,astor,noun,word,10,0.975,no,pending,yes
43,n1906-001,43,1:simple-historical-word,kha-n1906-000069,ata,ata,noun,word,10,0.975,no,pending,yes
44,n1906-001,44,1:simple-historical-word,kha-n1906-000070,atad,atad,noun,word,10,0.975,no,pending,yes
45,n1906-001,45,1:simple-historical-word,kha-n1906-000072,atbylliang,atbylliang,noun,word,10,0.975,no,pending,yes
46,n1906-001,46,1:simple-historical-word,kha-n1906-000073,atjalyngkhiang,atjalyngkhiang,noun,word,10,0.975,no,pending,yes
47,n1906-001,47,1:simple-historical-word,kha-n1906-000074,atlyngkding,atlyngkding,verb,word,10,0.975,no,pending,yes
48,n1906-001,48,1:simple-historical-word,kha-n1906-000075,atmiang,atmiang,verb,word,10,0.975,no,pending,yes
49,n1906-001,49,1:simple-historical-word,kha-n1906-000080,ator,ator,noun,word,10,0.975,no,pending,yes
50,n1906-001,50,1:simple-historical-word,kha-n1906-000081,atoskhana,atoskhana,noun,word,10,0.975,no,pending,yes
51,n1906-001,51,1:simple-historical-word,kha-n1906-000079,atsohkhliang,atsohkhliang,verb,word,10,0.975,no,pending,yes
52,n1906-001,52,1:simple-historical-word,kha-n1906-000082,awria,awria,adjective,word,10,0.975,no,pending,yes
53,n1906-001,53,1:simple-historical-word,kha-n1906-000272,b'ymdei,b'ymdei,adjective,word,23,0.975,no,pending,yes
54,n1906-001,54,1:simple-historical-word,kha-n1906-000273,b'ymjukut,b'ymjukut,adjective,word,23,0.975,no,pending,yes
55,n1906-001,55,1:simple-historical-word,kha-n1906-000274,b'ymler,b'ymler,adjective,word,23,0.975,no,pending,yes
56,n1906-001,56,1:simple-historical-word,kha-n1906-000083,ba,ba,conjunction,word,11,0.975,no,pending,yes
57,n1906-001,57,1:simple-historical-word,kha-n1906-000084,babe,babe,verb,word,11,0.975,no,pending,yes
58,n1906-001,58,1:simple-historical-word,kha-n1906-000085,babha,babha,adjective,word,11,0.950,no,pending,yes
59,n1906-001,59,1:simple-historical-word,kha-n1906-000086,baborshi,baborshi,noun,word,11,0.975,no,pending,yes
60,n1906-001,60,1:simple-historical-word,kha-n1906-000093,bad,bad,conjunction,word,11,0.975,no,pending,yes
61,n1906-001,61,1:simple-historical-word,kha-n1906-000094,baden,baden,noun,word,11,0.975,no,pending,yes
62,n1906-001,62,1:simple-historical-word,kha-n1906-000149,bafan,bafan,noun,word,15,0.975,no,pending,yes
63,n1906-001,63,1:simple-historical-word,kha-n1906-000099,bahkhala,bahkhala,verb,word,12,0.975,no,pending,yes
64,n1906-001,64,1:simple-historical-word,kha-n1906-000100,bahkyndong,bahkyndong,verb,word,12,0.975,no,pending,yes
65,n1906-001,65,1:simple-historical-word,kha-n1906-000101,bahryndang,bahryndang,verb,word,12,0.975,no,pending,yes
66,n1906-001,66,1:simple-historical-word,kha-n1906-000105,baiong,baiong,verb,word,12,0.975,no,pending,yes
67,n1906-001,67,1:simple-historical-word,kha-n1906-000108,bajawalla,bajawalla,noun,word,13,0.975,no,pending,yes
68,n1906-001,68,1:simple-historical-word,kha-n1906-003851,bajikor,bajikor,noun,word,271,0.975,no,pending,yes
69,n1906-001,69,1:simple-historical-word,kha-n1906-000110,bajuhon,bajuhon,noun,word,13,0.975,no,pending,yes
70,n1906-001,70,1:simple-historical-word,kha-n1906-000087,bak,bak,adverb,word,11,0.975,no,pending,yes
71,n1906-001,71,1:simple-historical-word,kha-n1906-000089,bakha,bakha,noun,word,11,0.975,no,pending,yes
72,n1906-001,72,1:simple-historical-word,kha-n1906-000090,bakhraw,bakhraw,adjective,word,11,0.975,no,pending,yes
73,n1906-001,73,1:simple-historical-word,kha-n1906-000092,bakla,bakla,verb,word,11,0.950,no,pending,yes
74,n1906-001,74,1:simple-historical-word,kha-n1906-000111,balei,balei,adverb,word,13,0.975,no,pending,yes
75,n1906-001,75,1:simple-historical-word,kha-n1906-000114,bambriew,bambriew,adjective,word,13,0.975,no,pending,yes
76,n1906-001,76,1:simple-historical-word,kha-n1906-000125,bamon,bamon,noun,word,13,0.975,no,pending,yes
77,n1906-001,77,1:simple-historical-word,kha-n1906-000126,bamplan,bamplan,verb,word,13,0.975,no,pending,yes
78,n1906-001,78,1:simple-historical-word,kha-n1906-000127,bamram,bamram,verb,word,13,0.975,no,pending,yes
79,n1906-001,79,1:simple-historical-word,kha-n1906-000128,bamsap,bamsap,verb,word,14,0.975,no,pending,yes
80,n1906-001,80,1:simple-historical-word,kha-n1906-000130,bamsih,bamsih,verb,word,14,0.975,no,pending,yes
81,n1906-001,81,1:simple-historical-word,kha-n1906-000131,bamtyngka,bamtyngka,verb,word,14,0.975,no,pending,yes
82,n1906-001,82,1:simple-historical-word,kha-n1906-000134,banat,banat,noun,word,14,0.975,no,pending,yes
83,n1906-001,83,1:simple-historical-word,kha-n1906-000136,bandari,bandari,noun,word,14,0.975,no,pending,yes
84,n1906-001,84,1:simple-historical-word,kha-n1906-000137,bandobos,bandobos,verb,word,14,0.975,no,pending,yes
85,n1906-001,85,1:simple-historical-word,kha-n1906-000096,bang,bang,adjective,word,11,0.975,no,pending,yes
86,n1906-001,86,1:simple-historical-word,kha-n1906-000138,bania,bania,noun,word,14,0.975,no,pending,yes
87,n1906-001,87,1:simple-historical-word,kha-n1906-000139,banse,banse,verb,word,14,0.975,no,pending,yes
88,n1906-001,88,1:simple-historical-word,kha-n1906-000141,baphoi,baphoi,adjective,word,14,0.975,no,pending,yes
89,n1906-001,89,1:simple-historical-word,kha-n1906-000142,bapli,bapli,adjective,word,14,0.975,no,pending,yes
90,n1906-001,90,1:simple-historical-word,kha-n1906-000144,baranda,baranda,noun,word,15,0.975,no,pending,yes
91,n1906-001,91,1:simple-historical-word,kha-n1906-000145,barandi,barandi,noun,word,15,0.975,no,pending,yes
92,n1906-001,92,1:simple-historical-word,kha-n1906-000146,barobor,barobor,adverb,word,15,0.975,no,pending,yes
93,n1906-001,93,1:simple-historical-word,kha-n1906-000147,baroh,baroh,adjective,word,15,0.975,no,pending,yes
94,n1906-001,94,1:simple-historical-word,kha-n1906-000148,basa,basa,noun,word,15,0.975,no,pending,yes
95,n1906-001,95,1:simple-historical-word,kha-n1906-000150,bashala,bashala,adjective,word,15,0.975,no,pending,yes
96,n1906-001,96,1:simple-historical-word,kha-n1906-000151,bashia,bashia,adjective,word,15,0.975,no,pending,yes
97,n1906-001,97,1:simple-historical-word,kha-n1906-000152,bashla,bashla,verb,word,15,0.975,no,pending,yes
98,n1906-001,98,1:simple-historical-word,kha-n1906-000155,batai,batai,verb,word,15,0.975,no,pending,yes
99,n1906-001,99,1:simple-historical-word,kha-n1906-002910,batap,batap,noun,word,203,0.975,no,pending,yes
100,n1906-001,100,1:simple-historical-word,kha-n1906-000156,batip,batip,adverb,word,15,0.975,no,pending,yes
101,n1906-002,1,1:simple-historical-word,kha-n1906-000169,bcr,bcr,adverb,word,16,0.975,no,pending,yes
102,n1906-002,2,1:simple-historical-word,kha-n1906-002946,bdien,bdien,verb,word,206,0.975,no,pending,yes
103,n1906-002,3,1:simple-historical-word,kha-n1906-000158,behbeiii,behbeiii,verb,word,15,0.975,no,pending,yes
104,n1906-002,4,1:simple-historical-word,kha-n1906-000160,behdiengkhlam,behdiengkhlam,noun,word,15,0.975,no,pending,yes
105,n1906-002,5,1:simple-historical-word,kha-n1906-000161,behmrad,behmrad,verb,word,15,0.975,no,pending,yes
106,n1906-002,6,1:simple-historical-word,kha-n1906-000162,behnongshohnoh,behnongshohnoh,verb,word,16,0.975,no,pending,yes
107,n1906-002,7,1:simple-historical-word,kha-n1906-000163,behsbai,behsbai,verb,word,16,0.975,no,pending,yes
108,n1906-002,8,1:simple-historical-word,kha-n1906-000164,behshnong,behshnong,verb,word,16,0.975,no,pending,yes
109,n1906-002,9,1:simple-historical-word,kha-n1906-000165,behshoh,behshoh,verb,word,16,0.975,no,pending,yes
110,n1906-002,10,1:simple-historical-word,kha-n1906-000167,beit,beit,adjective,word,16,0.975,no,pending,yes
111,n1906-002,11,1:simple-historical-word,kha-n1906-000172,bha,bha,adverb,word,16,0.975,no,pending,yes
112,n1906-002,12,1:simple-historical-word,kha-n1906-000173,bhabriew,bhabriew,adjective,word,16,0.975,no,pending,yes
113,n1906-002,13,1:simple-historical-word,kha-n1906-000174,bhah,bhah,noun,word,16,0.975,no,pending,yes
114,n1906-002,14,1:simple-historical-word,kha-n1906-003019,bhalyntem,bhalyntem,noun,word,210,0.975,no,pending,yes
115,n1906-002,15,1:simple-historical-word,kha-n1906-000175,bhamet,bhamet,adjective,word,16,0.975,no,pending,yes
116,n1906-002,16,1:simple-historical-word,kha-n1906-003023,bhan,bhan,verb,word,210,0.975,no,pending,yes
117,n1906-002,17,1:simple-historical-word,kha-n1906-000179,bhur,bhur,noun,word,17,0.975,no,pending,yes
118,n1906-002,18,1:simple-historical-word,kha-n1906-000183,biahphongrai,biahphongrai,verb,word,17,0.975,no,pending,yes
119,n1906-002,19,1:simple-historical-word,kha-n1906-000181,biang,biang,adjective,word,17,0.975,no,pending,yes
120,n1906-002,20,1:simple-historical-word,kha-n1906-000182,biangbiang,biangbiang,adverb,word,17,0.975,no,pending,yes
121,n1906-002,21,1:simple-historical-word,kha-n1906-000185,biar,biar,noun,word,17,0.975,no,pending,yes
122,n1906-002,22,1:simple-historical-word,kha-n1906-000186,bieit,bieit,adjective,word,18,0.975,no,pending,yes
123,n1906-002,23,1:simple-historical-word,kha-n1906-001248,biengpyngkiang,biengpyngkiang,noun,word,78,0.975,no,pending,yes
124,n1906-002,24,1:simple-historical-word,kha-n1906-001254,biengshankhung,biengshankhung,noun,word,79,0.975,no,pending,yes
125,n1906-002,25,1:simple-historical-word,kha-n1906-000187,bih,bih,noun,word,18,0.975,no,pending,yes
126,n1906-002,26,1:simple-historical-word,kha-n1906-000258,biiid,biiid,adjective,word,22,0.975,no,pending,yes
127,n1906-002,27,1:simple-historical-word,kha-n1906-000261,biin,biin,adjective,word,22,0.975,no,pending,yes
128,n1906-002,28,1:simple-historical-word,kha-n1906-000188,bijar,bijar,adjective,word,18,0.975,no,pending,yes
129,n1906-002,29,1:simple-historical-word,kha-n1906-000190,biria,biria,adverb,word,18,0.975,no,pending,yes
130,n1906-002,30,1:simple-historical-word,kha-n1906-000192,bishar,bishar,verb,word,18,0.975,no,pending,yes
131,n1906-002,31,1:simple-historical-word,kha-n1906-000193,bishni,bishni,verb,word,18,0.975,no,pending,yes
132,n1906-002,32,1:simple-historical-word,kha-n1906-000194,bit,bit,adjective,word,18,0.975,no,pending,yes
133,n1906-002,33,1:simple-historical-word,kha-n1906-000195,bitar,bitar,adjective,word,18,0.975,no,pending,yes
134,n1906-002,34,1:simple-historical-word,kha-n1906-000197,blait,blait,adverb,word,18,0.975,no,pending,yes
135,n1906-002,35,1:simple-historical-word,kha-n1906-000198,blang,blang,noun,word,18,0.975,no,pending,yes
136,n1906-002,36,1:simple-historical-word,kha-n1906-000196,bldd,bldd,adjective,word,18,0.975,no,pending,yes
137,n1906-002,37,1:simple-historical-word,kha-n1906-000203,bluit,bluit,adverb,word,19,0.975,no,pending,yes
138,n1906-002,38,1:simple-historical-word,kha-n1906-000204,blur,blur,adverb,word,19,0.975,no,pending,yes
139,n1906-002,39,1:simple-historical-word,kha-n1906-002769,bmiang,bmiang,noun,word,194,0.975,no,pending,yes
140,n1906-002,40,1:simple-historical-word,kha-n1906-000205,bnai,bnai,noun,word,19,0.975,no,pending,yes
141,n1906-002,41,1:simple-historical-word,kha-n1906-000206,bnoh,bnoh,noun,word,19,0.975,no,pending,yes
142,n1906-002,42,1:simple-historical-word,kha-n1906-000208,bohkhaila,bohkhaila,noun,word,19,0.975,no,pending,yes
143,n1906-002,43,1:simple-historical-word,kha-n1906-000211,boit,boit,noun,word,19,0.975,no,pending,yes
144,n1906-002,44,1:simple-historical-word,kha-n1906-000214,borkyndat,borkyndat,noun,word,20,0.975,no,pending,yes
145,n1906-002,45,1:simple-historical-word,kha-n1906-001323,bpei,bpei,noun,word,83,0.975,no,pending,yes
146,n1906-002,46,1:simple-historical-word,kha-n1906-000215,brai,brai,verb,word,20,0.975,no,pending,yes
147,n1906-002,47,1:simple-historical-word,kha-n1906-000217,bram,bram,adjective,word,20,0.975,no,pending,yes
148,n1906-002,48,1:simple-historical-word,kha-n1906-000218,bred,bred,verb,word,20,0.975,no,pending,yes
149,n1906-002,49,1:simple-historical-word,kha-n1906-000221,bri,bri,noun,word,20,0.975,no,pending,yes
150,n1906-002,50,1:simple-historical-word,kha-n1906-000222,bria,bria,adverb,word,20,0.975,no,pending,yes
151,n1906-002,51,1:simple-historical-word,kha-n1906-000223,brin,brin,adverb,word,20,0.975,no,pending,yes
152,n1906-002,52,1:simple-historical-word,kha-n1906-000224,brisoh,brisoh,noun,word,20,0.975,no,pending,yes
153,n1906-002,53,1:simple-historical-word,kha-n1906-000225,broh,broh,adverb,word,20,0.975,no,pending,yes
154,n1906-002,54,1:simple-historical-word,kha-n1906-000226,brop,brop,adverb,word,20,0.975,no,pending,yes
155,n1906-002,55,1:simple-historical-word,kha-n1906-000228,brot,brot,noun,word,20,0.975,no,pending,yes
156,n1906-002,56,1:simple-historical-word,kha-n1906-000216,brtii,brtii,adverb,word,20,0.975,no,pending,yes
157,n1906-002,57,1:simple-historical-word,kha-n1906-000229,bruin,bruin,adverb,word,20,0.975,no,pending,yes
158,n1906-002,58,1:simple-historical-word,kha-n1906-000231,bseifi,bseifi,noun,word,21,0.975,no,pending,yes
159,n1906-002,59,1:simple-historical-word,kha-n1906-000232,bsiang,bsiang,noun,word,21,0.975,no,pending,yes
160,n1906-002,60,1:simple-historical-word,kha-n1906-000233,bsiap,bsiap,verb,word,21,0.975,no,pending,yes
161,n1906-002,61,1:simple-historical-word,kha-n1906-000236,bsong,bsong,noun,word,21,0.975,no,pending,yes
162,n1906-002,62,1:simple-historical-word,kha-n1906-000237,btai,btai,adjective,word,21,0.975,no,pending,yes
163,n1906-002,63,1:simple-historical-word,kha-n1906-000238,btat,btat,adverb,word,21,0.975,no,pending,yes
164,n1906-002,64,1:simple-historical-word,kha-n1906-000239,btet,btet,adjective,word,21,0.975,no,pending,yes
165,n1906-002,65,1:simple-historical-word,kha-n1906-000240,bther,bther,adverb,word,21,0.975,no,pending,yes
166,n1906-002,66,1:simple-historical-word,kha-n1906-000241,bthi,bthi,adjective,word,21,0.975,no,pending,yes
167,n1906-002,67,1:simple-historical-word,kha-n1906-000242,bthing,bthing,noun,word,21,0.975,no,pending,yes
168,n1906-002,68,1:simple-historical-word,kha-n1906-000243,bthong,bthong,noun,word,21,0.975,no,pending,yes
169,n1906-002,69,1:simple-historical-word,kha-n1906-000244,btiar,btiar,verb,word,21,0.975,no,pending,yes
170,n1906-002,70,1:simple-historical-word,kha-n1906-000250,buhai,buhai,verb,word,22,0.975,no,pending,yes
171,n1906-002,71,1:simple-historical-word,kha-n1906-000252,buhbynda,buhbynda,verb,word,22,0.975,no,pending,yes
172,n1906-002,72,1:simple-historical-word,kha-n1906-000253,buhkam,buhkam,verb,word,22,0.975,no,pending,yes
173,n1906-002,73,1:simple-historical-word,kha-n1906-000254,buhkhoh,buhkhoh,adverb,word,22,0.975,no,pending,yes
174,n1906-002,74,1:simple-historical-word,kha-n1906-000255,buhrih,buhrih,verb,word,22,0.975,no,pending,yes
175,n1906-002,75,1:simple-historical-word,kha-n1906-000245,bukhir,bukhir,adjective,word,21,0.975,no,pending,yes
176,n1906-002,76,1:simple-historical-word,kha-n1906-000260,bula,bula,noun,word,22,0.975,no,pending,yes
177,n1906-002,77,1:simple-historical-word,kha-n1906-000263,bunshah,bunshah,adverb,word,22,0.975,no,pending,yes
178,n1906-002,78,1:simple-historical-word,kha-n1906-000264,bunsien,bunsien,adverb,word,22,0.975,no,pending,yes
179,n1906-002,79,1:simple-historical-word,kha-n1906-000265,buria,buria,verb,word,23,0.975,no,pending,yes
180,n1906-002,80,1:simple-historical-word,kha-n1906-000266,buskit,buskit,noun,word,23,0.975,no,pending,yes
181,n1906-002,81,1:simple-historical-word,kha-n1906-002813,bykhiang,bykhiang,adjective,word,196,0.975,no,pending,yes
182,n1906-002,82,1:simple-historical-word,kha-n1906-000267,byllai,byllai,adverb,word,23,0.975,no,pending,yes
183,n1906-002,83,1:simple-historical-word,kha-n1906-000268,bylliat,bylliat,noun,word,23,0.975,no,pending,yes
184,n1906-002,84,1:simple-historical-word,kha-n1906-000269,bylllen,bylllen,adverb,word,23,0.975,no,pending,yes
185,n1906-002,85,1:simple-historical-word,kha-n1906-000270,byllun,byllun,adverb,word,23,0.975,no,pending,yes
186,n1906-002,86,1:simple-historical-word,kha-n1906-000294,bymgut,bymgut,adjective,word,24,0.975,no,pending,yes
187,n1906-002,87,1:simple-historical-word,kha-n1906-000275,byna,byna,verb,word,23,0.975,no,pending,yes
188,n1906-002,88,1:simple-historical-word,kha-n1906-000276,byndi,byndi,noun,word,23,0.975,no,pending,yes
189,n1906-002,89,1:simple-historical-word,kha-n1906-000277,byndi,byndi,verb,word,23,0.975,no,pending,yes
190,n1906-002,90,1:simple-historical-word,kha-n1906-000278,byneng,byneng,noun,word,23,0.975,no,pending,yes
191,n1906-002,91,1:simple-historical-word,kha-n1906-002817,byngkat,byngkat,adverb,word,196,0.975,no,pending,yes
192,n1906-002,92,1:simple-historical-word,kha-n1906-002821,byngkhiang,byngkhiang,adjective,word,196,0.975,no,pending,yes
193,n1906-002,93,1:simple-historical-word,kha-n1906-000279,bynhei,bynhei,noun,word,23,0.975,no,pending,yes
194,n1906-002,94,1:simple-historical-word,kha-n1906-000280,byniap,byniap,noun,word,23,0.975,no,pending,yes
195,n1906-002,95,1:simple-historical-word,kha-n1906-000282,byniej,byniej,noun,word,24,0.975,no,pending,yes
196,n1906-002,96,1:simple-historical-word,kha-n1906-000283,byniiiaw,byniiiaw,adverb,word,24,0.975,no,pending,yes
197,n1906-002,97,1:simple-historical-word,kha-n1906-000285,bynniid,bynniid,verb,word,24,0.975,no,pending,yes
198,n1906-002,98,1:simple-historical-word,kha-n1906-000284,bynoh,bynoh,noun,word,24,0.975,no,pending,yes
199,n1906-002,99,1:simple-historical-word,kha-n1906-000286,bynrap,bynrap,verb,word,24,0.975,no,pending,yes
200,n1906-002,100,1:simple-historical-word,kha-n1906-000287,bynriew,bynriew,noun,word,24,0.975,no,pending,yes
201,n1906-003,1,1:simple-historical-word,kha-n1906-002834,bynsi,bynsi,noun,word,197,0.975,no,pending,yes
202,n1906-003,2,1:simple-historical-word,kha-n1906-002835,bynsied,bynsied,verb,word,197,0.975,no,pending,yes
203,n1906-003,3,1:simple-historical-word,kha-n1906-002836,bynsong,bynsong,noun,word,197,0.975,no,pending,yes
204,n1906-003,4,1:simple-historical-word,kha-n1906-000289,bynta,bynta,noun,word,24,0.975,no,pending,yes
205,n1906-003,5,1:simple-historical-word,kha-n1906-000290,bynthiew,bynthiew,verb,word,24,0.975,no,pending,yes
206,n1906-003,6,1:simple-historical-word,kha-n1906-000291,byrddw,byrddw,noun,word,24,0.975,no,pending,yes
207,n1906-003,7,1:simple-historical-word,kha-n1906-000296,byrhuin,byrhuin,adverb,word,24,0.975,no,pending,yes
208,n1906-003,8,1:simple-historical-word,kha-n1906-000299,byrnep,byrnep,adverb,word,24,0.975,no,pending,yes
209,n1906-003,9,1:simple-historical-word,kha-n1906-000292,byrngia,byrngia,adjective,word,24,0.975,no,pending,yes
210,n1906-003,10,1:simple-historical-word,kha-n1906-000293,byrngiang,byrngiang,adjective,word,24,0.975,no,pending,yes
211,n1906-003,11,1:simple-historical-word,kha-n1906-000300,byrni,byrni,noun,word,24,0.975,no,pending,yes
212,n1906-003,12,1:simple-historical-word,kha-n1906-000302,byrshem,byrshem,verb,word,25,0.975,no,pending,yes
213,n1906-003,13,1:simple-historical-word,kha-n1906-000303,byrship,byrship,adjective,word,25,0.975,no,pending,yes
214,n1906-003,14,1:simple-historical-word,kha-n1906-000304,byrsieh,byrsieh,adjective,word,25,0.975,no,pending,yes
215,n1906-003,15,1:simple-historical-word,kha-n1906-003471,byrtap,byrtap,noun,word,239,0.975,no,pending,yes
216,n1906-003,16,1:simple-historical-word,kha-n1906-000305,byrthap,byrthap,noun,word,25,0.975,no,pending,yes
217,n1906-003,17,1:simple-historical-word,kha-n1906-000306,byrthen,byrthen,verb,word,25,0.975,no,pending,yes
218,n1906-003,18,1:simple-historical-word,kha-n1906-000308,byrthit,byrthit,adjective,word,25,0.975,no,pending,yes
219,n1906-003,19,1:simple-historical-word,kha-n1906-000310,byrthup,byrthup,adjective,word,25,0.975,no,pending,yes
220,n1906-003,20,1:simple-historical-word,kha-n1906-000311,byrtia,byrtia,adjective,word,25,0.975,no,pending,yes
221,n1906-003,21,1:simple-historical-word,kha-n1906-000312,byrtong,byrtong,adverb,word,25,0.975,no,pending,yes
222,n1906-003,22,1:simple-historical-word,kha-n1906-000314,bythat,bythat,verb,word,25,0.975,no,pending,yes
223,n1906-003,23,1:simple-historical-word,kha-n1906-001152,dab,dab,noun,word,73,0.975,no,pending,yes
224,n1906-003,24,1:simple-historical-word,kha-n1906-001326,dabi,dabi,noun,word,83,0.975,no,pending,yes
225,n1906-003,25,1:simple-historical-word,kha-n1906-001153,dabia,dabia,noun,word,73,0.975,no,pending,yes
226,n1906-003,26,1:simple-historical-word,kha-n1906-001154,dabor,dabor,noun,word,73,0.975,no,pending,yes
227,n1906-003,27,1:simple-historical-word,kha-n1906-001158,dad,dad,adjective,word,73,0.975,no,pending,yes
228,n1906-003,28,1:simple-historical-word,kha-n1906-001159,dadien,dadien,adverb,word,73,0.975,no,pending,yes
229,n1906-003,29,1:simple-historical-word,kha-n1906-001164,daifidong,daifidong,verb,word,74,0.975,no,pending,yes
230,n1906-003,30,1:simple-historical-word,kha-n1906-001162,daiii,daiii,verb,word,73,0.975,no,pending,yes
231,n1906-003,31,1:simple-historical-word,kha-n1906-001156,dak,dak,noun,word,73,0.975,no,pending,yes
232,n1906-003,32,1:simple-historical-word,kha-n1906-001157,daka,daka,noun,word,73,0.975,no,pending,yes
233,n1906-003,33,1:simple-historical-word,kha-n1906-001170,dam,dam,adjective,word,74,0.975,no,pending,yes
234,n1906-003,34,1:simple-historical-word,kha-n1906-001171,dambit,dambit,verb,word,74,0.975,no,pending,yes
235,n1906-003,35,1:simple-historical-word,kha-n1906-001172,dana,dana,noun,word,74,0.975,no,pending,yes
236,n1906-003,36,1:simple-historical-word,kha-n1906-001173,danda,danda,adjective,word,74,0.975,no,pending,yes
237,n1906-003,37,1:simple-historical-word,kha-n1906-001160,dangkhie,dangkhie,adjective,word,73,0.975,no,pending,yes
238,n1906-003,38,1:simple-historical-word,kha-n1906-001174,dap,dap,adjective,word,74,0.975,no,pending,yes
239,n1906-003,39,1:simple-historical-word,kha-n1906-001176,dara,dara,noun,word,74,0.975,no,pending,yes
240,n1906-003,40,1:simple-historical-word,kha-n1906-001179,dathew,dathew,adverb,word,74,0.975,no,pending,yes
241,n1906-003,41,1:simple-historical-word,kha-n1906-001180,daw,daw,noun,word,74,0.975,no,pending,yes
242,n1906-003,42,1:simple-historical-word,kha-n1906-001181,dawai,dawai,noun,word,74,0.975,no,pending,yes
243,n1906-003,43,1:simple-historical-word,kha-n1906-001359,dawani,dawani,noun,word,85,0.975,no,pending,yes
244,n1906-003,44,1:simple-historical-word,kha-n1906-001194,de,de,adverb,word,75,0.975,no,pending,yes
245,n1906-003,45,1:simple-historical-word,kha-n1906-001195,dek,dek,noun,word,75,0.975,no,pending,yes
246,n1906-003,46,1:simple-historical-word,kha-n1906-001198,demdiap,demdiap,adverb,word,75,0.975,no,pending,yes
247,n1906-003,47,1:simple-historical-word,kha-n1906-001199,demshylliah,demshylliah,verb,word,75,0.975,no,pending,yes
248,n1906-003,48,1:simple-historical-word,kha-n1906-001200,den,den,adverb,word,75,0.975,no,pending,yes
249,n1906-003,49,1:simple-historical-word,kha-n1906-001204,desi,desi,adjective,word,76,0.975,no,pending,yes
250,n1906-003,50,1:simple-historical-word,kha-n1906-001205,dew,dew,interjection,word,76,0.975,no,pending,yes
251,n1906-003,51,1:simple-historical-word,kha-n1906-001218,diang,diang,verb,word,76,0.975,no,pending,yes
252,n1906-003,52,1:simple-historical-word,kha-n1906-001220,diap,diap,adverb,word,76,0.975,no,pending,yes
253,n1906-003,53,1:simple-historical-word,kha-n1906-001221,diaw,diaw,adverb,word,76,0.975,no,pending,yes
254,n1906-003,54,1:simple-historical-word,kha-n1906-001222,didiaw,didiaw,noun,word,76,0.975,no,pending,yes
255,n1906-003,55,1:simple-historical-word,kha-n1906-001274,dien,dien,noun,word,80,0.975,no,pending,yes
256,n1906-003,56,1:simple-historical-word,kha-n1906-001229,diengblei,diengblei,noun,word,77,0.975,no,pending,yes
257,n1906-003,57,1:simple-historical-word,kha-n1906-001237,diengdoh,diengdoh,noun,word,77,0.950,no,pending,yes
258,n1906-003,58,1:simple-historical-word,kha-n1906-001243,diengjamynrei,diengjamynrei,noun,word,78,0.975,no,pending,yes
259,n1906-003,59,1:simple-historical-word,kha-n1906-001244,diengjing,diengjing,noun,word,78,0.975,no,pending,yes
260,n1906-003,60,1:simple-historical-word,kha-n1906-001233,diengkdin,diengkdin,noun,word,77,0.975,no,pending,yes
261,n1906-003,61,1:simple-historical-word,kha-n1906-001234,diengkseh,diengkseh,noun,word,77,0.975,no,pending,yes
262,n1906-003,62,1:simple-historical-word,kha-n1906-001235,diengkurlong,diengkurlong,noun,word,77,0.975,no,pending,yes
263,n1906-003,63,1:simple-historical-word,kha-n1906-001245,dienglyngngong,dienglyngngong,noun,word,78,0.975,no,pending,yes
264,n1906-003,64,1:simple-historical-word,kha-n1906-001247,diengphna,diengphna,noun,word,78,0.975,no,pending,yes
265,n1906-003,65,1:simple-historical-word,kha-n1906-001246,diengpingwait,diengpingwait,noun,word,78,0.975,no,pending,yes
266,n1906-003,66,1:simple-historical-word,kha-n1906-001252,diengsahbiar,diengsahbiar,noun,word,79,0.975,no,pending,yes
267,n1906-003,67,1:simple-historical-word,kha-n1906-001250,diengsawdong,diengsawdong,noun,word,78,0.975,no,pending,yes
268,n1906-003,68,1:simple-historical-word,kha-n1906-001251,diengshalangmat,diengshalangmat,noun,word,79,0.975,no,pending,yes
269,n1906-003,69,1:simple-historical-word,kha-n1906-001255,diengsliynrain,diengsliynrain,noun,word,79,0.975,no,pending,yes
270,n1906-003,70,1:simple-historical-word,kha-n1906-001256,diengsnidg,diengsnidg,noun,word,79,0.975,no,pending,yes
271,n1906-003,71,1:simple-historical-word,kha-n1906-001260,diengsoblyngdkhur,diengsoblyngdkhur,noun,word,79,0.975,no,pending,yes
272,n1906-003,72,1:simple-historical-word,kha-n1906-001258,diengsohbyrthit,diengsohbyrthit,noun,word,79,0.975,no,pending,yes
273,n1906-003,73,1:simple-historical-word,kha-n1906-001259,diengsohiong,diengsohiong,noun,word,79,0.975,no,pending,yes
274,n1906-003,74,1:simple-historical-word,kha-n1906-001261,diengsohmanir,diengsohmanir,noun,word,79,0.975,no,pending,yes
275,n1906-003,75,1:simple-historical-word,kha-n1906-001262,diengsohniamtra,diengsohniamtra,noun,word,79,0.975,no,pending,yes
276,n1906-003,76,1:simple-historical-word,kha-n1906-001263,diengsohphan,diengsohphan,noun,word,79,0.975,no,pending,yes
277,n1906-003,77,1:simple-historical-word,kha-n1906-001265,diengsohphoh,diengsohphoh,noun,word,79,0.975,no,pending,yes
278,n1906-003,78,1:simple-historical-word,kha-n1906-001264,diengsohpieng,diengsohpieng,noun,word,79,0.975,no,pending,yes
279,n1906-003,79,1:simple-historical-word,kha-n1906-001267,diengsohshur,diengsohshur,noun,word,79,0.975,no,pending,yes
280,n1906-003,80,1:simple-historical-word,kha-n1906-001268,diengsuwali,diengsuwali,noun,word,79,0.975,no,pending,yes
281,n1906-003,81,1:simple-historical-word,kha-n1906-001269,diengthang,diengthang,noun,word,79,0.975,no,pending,yes
282,n1906-003,82,1:simple-historical-word,kha-n1906-001270,diengthlieh,diengthlieh,noun,word,79,0.975,no,pending,yes
283,n1906-003,83,1:simple-historical-word,kha-n1906-001271,diengtylmw,diengtylmw,noun,word,80,0.975,no,pending,yes
284,n1906-003,84,1:simple-historical-word,kha-n1906-001253,diepgshaindoh,diepgshaindoh,noun,word,79,0.975,no,pending,yes
285,n1906-003,85,1:simple-historical-word,kha-n1906-001277,dihe,dihe,adjective,word,80,0.975,no,pending,yes
286,n1906-003,86,1:simple-historical-word,kha-n1906-001278,dihia,dihia,adjective,word,80,0.975,no,pending,yes
287,n1906-003,87,1:simple-historical-word,kha-n1906-001279,diho,diho,adjective,word,80,0.975,no,pending,yes
288,n1906-003,88,1:simple-historical-word,kha-n1906-001223,dikdik,dikdik,adverb,word,76,0.975,no,pending,yes
289,n1906-003,89,1:simple-historical-word,kha-n1906-001276,diliduma,diliduma,verb,word,80,0.975,no,pending,yes
290,n1906-003,90,1:simple-historical-word,kha-n1906-001275,dingpyrthat,dingpyrthat,noun,word,80,0.975,no,pending,yes
291,n1906-003,91,1:simple-historical-word,kha-n1906-001182,dkai,dkai,noun,word,74,0.975,no,pending,yes
292,n1906-003,92,1:simple-historical-word,kha-n1906-001183,dkaw,dkaw,adverb,word,74,0.975,no,pending,yes
293,n1906-003,93,1:simple-historical-word,kha-n1906-001184,dkhai,dkhai,verb,word,74,0.975,no,pending,yes
294,n1906-003,94,1:simple-historical-word,kha-n1906-001185,dkhan,dkhan,noun,word,74,0.975,no,pending,yes
295,n1906-003,95,1:simple-historical-word,kha-n1906-001186,dkhar,dkhar,noun,word,75,0.975,no,pending,yes
296,n1906-003,96,1:simple-historical-word,kha-n1906-001187,dkhiat,dkhiat,noun,word,75,0.975,no,pending,yes
297,n1906-003,97,1:simple-historical-word,kha-n1906-001188,dkhiew,dkhiew,noun,word,75,0.975,no,pending,yes
298,n1906-003,98,1:simple-historical-word,kha-n1906-001190,dkhoh,dkhoh,noun,word,75,0.975,no,pending,yes
299,n1906-003,99,1:simple-historical-word,kha-n1906-001189,dkhot,dkhot,noun,word,75,0.975,no,pending,yes
300,n1906-003,100,1:simple-historical-word,kha-n1906-001191,dko,dko,noun,word,75,0.975,no,pending,yes
301,n1906-004,1,1:simple-historical-word,kha-n1906-001192,dkoh,dkoh,adjective,word,75,0.975,no,pending,yes
302,n1906-004,2,1:simple-historical-word,kha-n1906-001214,dngang,dngang,adverb,word,76,0.975,no,pending,yes
303,n1906-004,3,1:simple-historical-word,kha-n1906-001215,dngiang,dngiang,adverb,word,76,0.975,no,pending,yes
304,n1906-004,4,1:simple-historical-word,kha-n1906-001216,dngiem,dngiem,noun,word,76,0.975,no,pending,yes
305,n1906-004,5,1:simple-historical-word,kha-n1906-001217,dngong,dngong,adverb,word,76,0.975,no,pending,yes
306,n1906-004,6,1:simple-historical-word,kha-n1906-001294,dohkrang,dohkrang,noun,word,81,0.975,no,pending,yes
307,n1906-004,7,1:simple-historical-word,kha-n1906-001293,dohksew,dohksew,adjective,word,81,0.975,no,pending,yes
308,n1906-004,8,1:simple-historical-word,kha-n1906-001295,dohkyudang,dohkyudang,noun,word,81,0.975,no,pending,yes
309,n1906-004,9,1:simple-historical-word,kha-n1906-001296,dohlen,dohlen,noun,word,81,0.975,no,pending,yes
310,n1906-004,10,1:simple-historical-word,kha-n1906-001297,dohnud,dohnud,noun,word,81,0.975,no,pending,yes
311,n1906-004,11,1:simple-historical-word,kha-n1906-001298,dohsatar,dohsatar,noun,word,81,0.975,no,pending,yes
312,n1906-004,12,1:simple-historical-word,kha-n1906-001299,dohsniang,dohsniang,noun,word,81,0.975,no,pending,yes
313,n1906-004,13,1:simple-historical-word,kha-n1906-001300,dohsohkhia,dohsohkhia,noun,word,82,0.975,no,pending,yes
314,n1906-004,14,1:simple-historical-word,kha-n1906-001301,dohtaitwait,dohtaitwait,noun,word,82,0.975,no,pending,yes
315,n1906-004,15,1:simple-historical-word,kha-n1906-001303,dohthej,dohthej,adverb,word,82,0.975,no,pending,yes
316,n1906-004,16,1:simple-historical-word,kha-n1906-001305,doloi,doloi,noun,word,82,0.975,no,pending,yes
317,n1906-004,17,1:simple-historical-word,kha-n1906-001306,dom,dom,adjective,word,82,0.975,no,pending,yes
318,n1906-004,18,1:simple-historical-word,kha-n1906-001307,domriang,domriang,adjective,word,82,0.975,no,pending,yes
319,n1906-004,19,1:simple-historical-word,kha-n1906-001309,donbak,donbak,verb,word,82,0.975,no,pending,yes
320,n1906-004,20,1:simple-historical-word,kha-n1906-001310,donbok,donbok,verb,word,82,0.975,no,pending,yes
321,n1906-004,21,1:simple-historical-word,kha-n1906-001312,donduk,donduk,verb,word,82,0.975,no,pending,yes
322,n1906-004,22,1:simple-historical-word,kha-n1906-001313,dondvyr,dondvyr,adjective,word,82,0.975,no,pending,yes
323,n1906-004,23,1:simple-historical-word,kha-n1906-001281,dong,dong,noun,word,80,0.975,no,pending,yes
324,n1906-004,24,1:simple-historical-word,kha-n1906-001283,dongla,dongla,noun,word,80,0.975,no,pending,yes
325,n1906-004,25,1:simple-historical-word,kha-n1906-001285,donglydong,donglydong,adverb,word,80,0.975,no,pending,yes
326,n1906-004,26,1:simple-historical-word,kha-n1906-001286,dongmatang,dongmatang,noun,word,81,0.975,no,pending,yes
327,n1906-004,27,1:simple-historical-word,kha-n1906-001287,dongmatla,dongmatla,noun,word,81,0.975,no,pending,yes
328,n1906-004,28,1:simple-historical-word,kha-n1906-001288,dongnai,dongnai,noun,word,81,0.975,no,pending,yes
329,n1906-004,29,1:simple-historical-word,kha-n1906-001289,dongnit,dongnit,adverb,word,81,0.975,no,pending,yes
330,n1906-004,30,1:simple-historical-word,kha-n1906-001290,dongrong,dongrong,adverb,word,81,0.975,no,pending,yes
331,n1906-004,31,1:simple-historical-word,kha-n1906-001311,donkam,donkam,verb,word,82,0.975,no,pending,yes
332,n1906-004,32,1:simple-historical-word,kha-n1906-001315,donrain,donrain,adjective,word,82,0.975,no,pending,yes
333,n1906-004,33,1:simple-historical-word,kha-n1906-001317,dor,dor,noun,word,83,0.975,no,pending,yes
334,n1906-004,34,1:simple-historical-word,kha-n1906-001318,dorbar,dorbar,noun,word,83,0.975,no,pending,yes
335,n1906-004,35,1:simple-historical-word,kha-n1906-001319,dorbin,dorbin,noun,word,83,0.975,no,pending,yes
336,n1906-004,36,1:simple-historical-word,kha-n1906-001320,dorkhat,dorkhat,noun,word,83,0.975,no,pending,yes
337,n1906-004,37,1:simple-historical-word,kha-n1906-001321,doroga,doroga,noun,word,83,0.975,no,pending,yes
338,n1906-004,38,1:simple-historical-word,kha-n1906-001322,dorwan,dorwan,noun,word,83,0.975,no,pending,yes
339,n1906-004,39,1:simple-historical-word,kha-n1906-001324,du,du,adverb,word,83,0.975,no,pending,yes
340,n1906-004,40,1:simple-historical-word,kha-n1906-001332,dub,dub,verb,word,83,0.975,no,pending,yes
341,n1906-004,41,1:simple-historical-word,kha-n1906-001325,dubasia,dubasia,noun,word,83,0.975,no,pending,yes
342,n1906-004,42,1:simple-historical-word,kha-n1906-001333,dubjingkyrmen,dubjingkyrmen,verb,word,84,0.975,no,pending,yes
343,n1906-004,43,1:simple-historical-word,kha-n1906-001331,dud,dud,noun,word,83,0.975,no,pending,yes
344,n1906-004,44,1:simple-historical-word,kha-n1906-001335,dui,dui,noun,word,84,0.975,no,pending,yes
345,n1906-004,45,1:simple-historical-word,kha-n1906-001336,duitara,duitara,noun,word,84,0.975,no,pending,yes
346,n1906-004,46,1:simple-historical-word,kha-n1906-001337,dujok,dujok,noun,word,84,0.975,no,pending,yes
347,n1906-004,47,1:simple-historical-word,kha-n1906-001327,duk,duk,adjective,word,83,0.975,no,pending,yes
348,n1906-004,48,1:simple-historical-word,kha-n1906-001328,dukan,dukan,noun,word,83,0.975,no,pending,yes
349,n1906-004,49,1:simple-historical-word,kha-n1906-001329,dukbi,dukbi,adjective,word,83,0.975,no,pending,yes
350,n1906-004,50,1:simple-historical-word,kha-n1906-001338,dulan,dulan,noun,word,84,0.975,no,pending,yes
351,n1906-004,51,1:simple-historical-word,kha-n1906-001339,duli,duli,noun,word,84,0.975,no,pending,yes
352,n1906-004,52,1:simple-historical-word,kha-n1906-001340,dum,dum,adjective,word,84,0.975,no,pending,yes
353,n1906-004,53,1:simple-historical-word,kha-n1906-001341,duma,duma,noun,word,84,0.975,no,pending,yes
354,n1906-004,54,1:simple-historical-word,kha-n1906-001342,dumadih,dumadih,noun,word,84,0.975,no,pending,yes
355,n1906-004,55,1:simple-historical-word,kha-n1906-001344,dumbuit,dumbuit,verb,word,84,0.975,no,pending,yes
356,n1906-004,56,1:simple-historical-word,kha-n1906-001346,dummiew,dummiew,adjective,word,84,0.975,no,pending,yes
357,n1906-004,57,1:simple-historical-word,kha-n1906-001348,duna,duna,adjective,word,84,0.975,no,pending,yes
358,n1906-004,58,1:simple-historical-word,kha-n1906-001349,dup,dup,auxiliary,word,84,0.975,no,pending,yes
359,n1906-004,59,1:simple-historical-word,kha-n1906-001350,dur,dur,noun,word,84,0.975,no,pending,yes
360,n1906-004,60,1:simple-historical-word,kha-n1906-001351,durblei,durblei,noun,word,85,0.975,no,pending,yes
361,n1906-004,61,1:simple-historical-word,kha-n1906-001352,duriap,duriap,verb,word,85,0.975,no,pending,yes
362,n1906-004,62,1:simple-historical-word,kha-n1906-001354,duriaw,duriaw,noun,word,85,0.975,no,pending,yes
363,n1906-004,63,1:simple-historical-word,kha-n1906-001355,dusmon,dusmon,noun,word,85,0.975,no,pending,yes
364,n1906-004,64,1:simple-historical-word,kha-n1906-001356,dustur,dustur,noun,word,85,0.975,no,pending,yes
365,n1906-004,65,1:simple-historical-word,kha-n1906-001357,duwali,duwali,noun,word,85,0.975,no,pending,yes
366,n1906-004,66,1:simple-historical-word,kha-n1906-001358,duwan,duwan,noun,word,85,0.975,no,pending,yes
367,n1906-004,67,1:simple-historical-word,kha-n1906-001360,dyngngor,dyngngor,adverb,word,85,0.975,no,pending,yes
368,n1906-004,68,1:simple-historical-word,kha-n1906-002707,eaiup,eaiup,adverb,word,189,0.975,no,pending,yes
369,n1906-004,69,1:simple-historical-word,kha-n1906-002708,eaj,eaj,noun,word,189,0.975,no,pending,yes
370,n1906-004,70,1:simple-historical-word,kha-n1906-002717,eanaiil,eanaiil,adverb,word,189,0.975,no,pending,yes
371,n1906-004,71,1:simple-historical-word,kha-n1906-002716,eanda,eanda,noun,word,189,0.975,no,pending,yes
372,n1906-004,72,1:simple-historical-word,kha-n1906-001363,eh,eh,adjective,word,85,0.975,no,pending,yes
373,n1906-004,73,1:simple-historical-word,kha-n1906-002738,ehem,ehem,adjective,word,191,0.975,no,pending,yes
374,n1906-004,74,1:simple-historical-word,kha-n1906-002739,ehing,ehing,adverb,word,191,0.975,no,pending,yes
375,n1906-004,75,1:simple-historical-word,kha-n1906-002742,eiaj,eiaj,verb,word,191,0.975,no,pending,yes
376,n1906-004,76,1:simple-historical-word,kha-n1906-002743,eiampop,eiampop,verb,word,191,0.975,no,pending,yes
377,n1906-004,77,1:simple-historical-word,kha-n1906-002741,eiang,eiang,adverb,word,191,0.975,no,pending,yes
378,n1906-004,78,1:simple-historical-word,kha-n1906-002744,eiat,eiat,noun,word,191,0.975,no,pending,yes
379,n1906-004,79,1:simple-historical-word,kha-n1906-002793,eiid,eiid,noun,word,195,0.975,no,pending,yes
380,n1906-004,80,1:simple-historical-word,kha-n1906-001367,eire,eire,noun,word,86,0.975,no,pending,yes
381,n1906-004,81,1:simple-historical-word,kha-n1906-000728,eismot,eismot,noun,word,49,0.975,no,pending,yes
382,n1906-004,82,1:simple-historical-word,kha-n1906-001368,eit,eit,noun,word,86,0.975,no,pending,yes
383,n1906-004,83,1:simple-historical-word,kha-n1906-001372,eitmut,eitmut,noun,word,86,0.975,no,pending,yes
384,n1906-004,84,1:simple-historical-word,kha-n1906-000715,eliaw,eliaw,noun,word,48,0.975,no,pending,yes
385,n1906-004,85,1:simple-historical-word,kha-n1906-001034,elynsi,elynsi,noun,word,66,0.975,no,pending,yes
386,n1906-004,86,1:simple-historical-word,kha-n1906-002735,engain,engain,adverb,word,191,0.975,no,pending,yes
387,n1906-004,87,1:simple-historical-word,kha-n1906-002736,engaw,engaw,verb,word,191,0.975,no,pending,yes
388,n1906-004,88,1:simple-historical-word,kha-n1906-002737,engiew,engiew,noun,word,191,0.975,no,pending,yes
389,n1906-004,89,1:simple-historical-word,kha-n1906-001362,engrej,engrej,noun,word,85,0.975,no,pending,yes
390,n1906-004,90,1:simple-historical-word,kha-n1906-002787,eon,eon,noun,word,194,0.975,no,pending,yes
391,n1906-004,91,1:simple-historical-word,kha-n1906-002780,eongphong,eongphong,adjective,word,194,0.975,no,pending,yes
392,n1906-004,92,1:simple-historical-word,kha-n1906-002788,eonsing,eonsing,noun,word,195,0.975,no,pending,yes
393,n1906-004,93,1:simple-historical-word,kha-n1906-002791,etin,etin,adverb,word,195,0.975,no,pending,yes
394,n1906-004,94,1:simple-historical-word,kha-n1906-002792,eubibar,eubibar,noun,word,195,0.975,no,pending,yes
395,n1906-004,95,1:simple-historical-word,kha-n1906-002798,euh,euh,adverb,word,195,0.975,no,pending,yes
396,n1906-004,96,1:simple-historical-word,kha-n1906-002799,eui,eui,noun,word,195,0.975,no,pending,yes
397,n1906-004,97,1:simple-historical-word,kha-n1906-002794,eukom,eukom,noun,word,195,0.975,no,pending,yes
398,n1906-004,98,1:simple-historical-word,kha-n1906-002802,eum,eum,noun,word,195,0.975,no,pending,yes
399,n1906-004,99,1:simple-historical-word,kha-n1906-002803,eumar,eumar,noun,word,195,0.975,no,pending,yes
400,n1906-004,100,1:simple-historical-word,kha-n1906-002804,eumpei,eumpei,noun,word,195,0.975,no,pending,yes
401,n1906-005,1,1:simple-historical-word,kha-n1906-002796,eung,eung,verb,word,195,0.975,no,pending,yes
402,n1906-005,2,1:simple-historical-word,kha-n1906-002805,eup,eup,noun,word,196,0.975,no,pending,yes
403,n1906-005,3,1:simple-historical-word,kha-n1906-002806,eupa,eupa,noun,word,196,0.975,no,pending,yes
404,n1906-005,4,1:simple-historical-word,kha-n1906-002807,eupatylli,eupatylli,noun,word,196,0.975,no,pending,yes
405,n1906-005,5,1:simple-historical-word,kha-n1906-002808,eusni,eusni,noun,word,196,0.975,no,pending,yes
406,n1906-005,6,1:simple-historical-word,kha-n1906-002809,euti,euti,noun,word,196,0.975,no,pending,yes
407,n1906-005,7,1:simple-historical-word,kha-n1906-002814,eykhie,eykhie,verb,word,196,0.975,no,pending,yes
408,n1906-005,8,1:simple-historical-word,kha-n1906-002815,eyngkang,eyngkang,verb,word,196,0.975,no,pending,yes
409,n1906-005,9,1:simple-historical-word,kha-n1906-002816,eyngkap,eyngkap,noun,word,196,0.975,no,pending,yes
410,n1906-005,10,1:simple-historical-word,kha-n1906-001003,eynphut,eynphut,adverb,word,65,0.975,no,pending,yes
411,n1906-005,11,1:simple-historical-word,kha-n1906-002833,eynsan,eynsan,noun,word,197,0.975,no,pending,yes
412,n1906-005,12,1:simple-historical-word,kha-n1906-002838,eyntan,eyntan,adverb,word,197,0.975,no,pending,yes
413,n1906-005,13,1:simple-historical-word,kha-n1906-001376,gali,gali,noun,word,87,0.975,no,pending,yes
414,n1906-005,14,1:simple-historical-word,kha-n1906-001375,garo,garo,noun,word,87,0.975,no,pending,yes
415,n1906-005,15,1:simple-historical-word,kha-n1906-001407,haba,haba,adverb,word,90,0.975,no,pending,yes
416,n1906-005,16,1:simple-historical-word,kha-n1906-001413,hadien,hadien,adverb,word,90,0.975,no,pending,yes
417,n1906-005,17,1:simple-historical-word,kha-n1906-001414,haduh,haduh,adverb,word,90,0.975,no,pending,yes
418,n1906-005,18,1:simple-historical-word,kha-n1906-001415,haei,haei,adverb,word,90,0.975,no,pending,yes
419,n1906-005,19,1:simple-historical-word,kha-n1906-001429,haiar,haiar,noun,word,90,0.975,no,pending,yes
420,n1906-005,20,1:simple-historical-word,kha-n1906-001428,hajan,hajan,adverb,word,90,0.975,no,pending,yes
421,n1906-005,21,1:simple-historical-word,kha-n1906-001430,hajot,hajot,noun,word,91,0.975,no,pending,yes
422,n1906-005,22,1:simple-historical-word,kha-n1906-001431,hajuh,hajuh,adverb,word,91,0.975,no,pending,yes
423,n1906-005,23,1:simple-historical-word,kha-n1906-001409,hak,hak,adverb,word,90,0.975,no,pending,yes
424,n1906-005,24,1:simple-historical-word,kha-n1906-001411,hakim,hakim,noun,word,90,0.975,no,pending,yes
425,n1906-005,25,1:simple-historical-word,kha-n1906-001432,hala,hala,adverb,word,91,0.975,no,pending,yes
426,n1906-005,26,1:simple-historical-word,kha-n1906-001433,halade,halade,pronoun,word,91,0.975,no,pending,yes
427,n1906-005,27,1:simple-historical-word,kha-n1906-001435,hali,hali,noun,word,91,0.975,no,pending,yes
428,n1906-005,28,1:simple-historical-word,kha-n1906-002711,ham,ham,noun,word,189,0.975,no,pending,yes
429,n1906-005,29,1:simple-historical-word,kha-n1906-001436,hamar,hamar,adverb,word,91,0.975,no,pending,yes
430,n1906-005,30,1:simple-historical-word,kha-n1906-001437,hamsaia,hamsaia,noun,word,91,0.975,no,pending,yes
431,n1906-005,31,1:simple-historical-word,kha-n1906-001438,han,han,noun,word,91,0.975,no,pending,yes
432,n1906-005,32,1:simple-historical-word,kha-n1906-001439,hana,hana,adverb,word,91,0.975,no,pending,yes
433,n1906-005,33,1:simple-historical-word,kha-n1906-001418,hangne,hangne,adverb,word,90,0.975,no,pending,yes
434,n1906-005,34,1:simple-historical-word,kha-n1906-001419,hangno,hangno,adverb,word,90,0.975,no,pending,yes
435,n1906-005,35,1:simple-historical-word,kha-n1906-001421,hangta,hangta,adverb,word,90,0.975,no,pending,yes
436,n1906-005,36,1:simple-historical-word,kha-n1906-001422,hangtai,hangtai,adverb,word,90,0.975,no,pending,yes
437,n1906-005,37,1:simple-historical-word,kha-n1906-001423,hangtei,hangtei,adverb,word,90,0.975,no,pending,yes
438,n1906-005,38,1:simple-historical-word,kha-n1906-001424,hangthie,hangthie,adverb,word,90,0.975,no,pending,yes
439,n1906-005,39,1:simple-historical-word,kha-n1906-001440,hano,hano,pronoun,word,91,0.975,no,pending,yes
440,n1906-005,40,1:simple-historical-word,kha-n1906-001444,hara,hara,noun,word,91,0.975,no,pending,yes
441,n1906-005,41,1:simple-historical-word,kha-n1906-001445,haram,haram,verb,word,91,0.975,no,pending,yes
442,n1906-005,42,1:simple-historical-word,kha-n1906-001446,harieh,harieh,adverb,word,91,0.975,no,pending,yes
443,n1906-005,43,1:simple-historical-word,kha-n1906-001447,harum,harum,adverb,word,92,0.975,no,pending,yes
444,n1906-005,44,1:simple-historical-word,kha-n1906-001449,hato,hato,adverb,word,92,0.975,no,pending,yes
445,n1906-005,45,1:simple-historical-word,kha-n1906-001425,haufrto,haufrto,adverb,word,90,0.975,no,pending,yes
446,n1906-005,46,1:simple-historical-word,kha-n1906-001450,haw,haw,interjection,word,92,0.975,no,pending,yes
447,n1906-005,47,1:simple-historical-word,kha-n1906-001442,hdr,hdr,noun,word,91,0.975,no,pending,yes
448,n1906-005,48,1:simple-historical-word,kha-n1906-001454,hei,hei,interjection,word,92,0.975,no,pending,yes
449,n1906-005,49,1:simple-historical-word,kha-n1906-001455,heit,heit,adverb,word,92,0.975,no,pending,yes
450,n1906-005,50,1:simple-historical-word,kha-n1906-001460,hi,hi,adverb,word,93,0.975,no,pending,yes
451,n1906-005,51,1:simple-historical-word,kha-n1906-001461,hiar,hiar,verb,word,93,0.975,no,pending,yes
452,n1906-005,52,1:simple-historical-word,kha-n1906-001467,hid,hid,adverb,word,93,0.975,no,pending,yes
453,n1906-005,53,1:simple-historical-word,kha-n1906-001465,hieng,hieng,verb,word,93,0.975,no,pending,yes
454,n1906-005,54,1:simple-historical-word,kha-n1906-001477,hiid,hiid,noun,word,93,0.975,no,pending,yes
455,n1906-005,55,1:simple-historical-word,kha-n1906-001464,hikai,hikai,verb,word,93,0.975,no,pending,yes
456,n1906-005,56,1:simple-historical-word,kha-n1906-001469,hira,hira,noun,word,93,0.975,no,pending,yes
457,n1906-005,57,1:simple-historical-word,kha-n1906-001470,hiran,hiran,adjective,word,93,0.975,no,pending,yes
458,n1906-005,58,1:simple-historical-word,kha-n1906-001471,hisa,hisa,noun,word,93,0.975,no,pending,yes
459,n1906-005,59,1:simple-historical-word,kha-n1906-001472,hok,hok,noun,word,93,0.975,no,pending,yes
460,n1906-005,60,1:simple-historical-word,kha-n1906-001474,horkit,horkit,adverb,word,93,0.975,no,pending,yes
461,n1906-005,61,1:simple-historical-word,kha-n1906-001475,hormot,hormot,noun,word,93,0.975,no,pending,yes
462,n1906-005,62,1:simple-historical-word,kha-n1906-001476,hukum,hukum,noun,word,93,0.975,no,pending,yes
463,n1906-005,63,1:simple-historical-word,kha-n1906-001480,hun,hun,adjective,word,94,0.975,no,pending,yes
464,n1906-005,64,1:simple-historical-word,kha-n1906-001479,hunam,hunam,verb,word,94,0.975,no,pending,yes
465,n1906-005,65,1:simple-historical-word,kha-n1906-001484,hynbew,hynbew,noun,word,94,0.975,no,pending,yes
466,n1906-005,66,1:simple-historical-word,kha-n1906-001485,hynddi,hynddi,adverb,word,94,0.975,no,pending,yes
467,n1906-005,67,1:simple-historical-word,kha-n1906-002831,hynjaifi,hynjaifi,adverb,word,197,0.975,no,pending,yes
468,n1906-005,68,1:simple-historical-word,kha-n1906-001486,hynmen,hynmen,noun,word,94,0.975,no,pending,yes
469,n1906-005,69,1:simple-historical-word,kha-n1906-001487,hynne,hynne,adverb,word,94,0.975,no,pending,yes
470,n1906-005,70,1:simple-historical-word,kha-n1906-001490,hynnin,hynnin,adverb,word,94,0.975,no,pending,yes
471,n1906-005,71,1:simple-historical-word,kha-n1906-001491,hynrei,hynrei,conjunction,word,94,0.975,no,pending,yes
472,n1906-005,72,1:simple-historical-word,kha-n1906-001492,hynriew,hynriew,adjective,word,94,0.975,no,pending,yes
473,n1906-005,73,1:simple-historical-word,kha-n1906-001488,hynuiew,hynuiew,adjective,word,94,0.975,no,pending,yes
474,n1906-005,74,1:simple-historical-word,kha-n1906-002355,i'akhing,i'akhing,verb,word,164,0.975,no,pending,yes
475,n1906-005,75,1:simple-historical-word,kha-n1906-001506,ibba,ibba,adjective,word,101,0.975,no,pending,yes
476,n1906-005,76,1:simple-historical-word,kha-n1906-001505,ibeiri,ibeiri,verb,word,101,0.975,no,pending,yes
477,n1906-005,77,1:simple-historical-word,kha-n1906-001507,ibiang,ibiang,adjective,word,102,0.975,no,pending,yes
478,n1906-005,78,1:simple-historical-word,kha-n1906-001508,ibiej,ibiej,adjective,word,102,0.975,no,pending,yes
479,n1906-005,79,1:simple-historical-word,kha-n1906-001103,icyrdem,icyrdem,verb,word,70,0.975,no,pending,yes
480,n1906-005,80,1:simple-historical-word,kha-n1906-001517,ih,ih,adjective,word,104,0.975,no,pending,yes
481,n1906-005,81,1:simple-historical-word,kha-n1906-001976,iiyngkhason,iiyngkhason,noun,word,136,0.975,no,pending,yes
482,n1906-005,82,1:simple-historical-word,kha-n1906-001519,ijot,ijot,noun,word,104,0.975,no,pending,yes
483,n1906-005,83,1:simple-historical-word,kha-n1906-001520,ijra,ijra,noun,word,104,0.975,no,pending,yes
484,n1906-005,84,1:simple-historical-word,kha-n1906-001510,ik,ik,adverb,word,102,0.975,no,pending,yes
485,n1906-005,85,1:simple-historical-word,kha-n1906-000358,ikartub,ikartub,noun,word,27,0.975,no,pending,yes
486,n1906-005,86,1:simple-historical-word,kha-n1906-001521,ilaka,ilaka,noun,word,104,0.975,no,pending,yes
487,n1906-005,87,1:simple-historical-word,kha-n1906-002710,ilam,ilam,noun,word,189,0.975,no,pending,yes
488,n1906-005,88,1:simple-historical-word,kha-n1906-001522,ilashi,ilashi,noun,word,104,0.975,no,pending,yes
489,n1906-005,89,1:simple-historical-word,kha-n1906-001525,imdn,imdn,noun,word,104,0.975,no,pending,yes
490,n1906-005,90,1:simple-historical-word,kha-n1906-001513,ingkhong,ingkhong,verb,word,103,0.975,no,pending,yes
491,n1906-005,91,1:simple-historical-word,kha-n1906-001529,ino,ino,pronoun,word,104,0.975,no,pending,yes
492,n1906-005,92,1:simple-historical-word,kha-n1906-001533,iphieng,iphieng,adjective,word,105,0.975,no,pending,yes
493,n1906-005,93,1:simple-historical-word,kha-n1906-001532,ipoh,ipoh,adjective,word,105,0.975,no,pending,yes
494,n1906-005,94,1:simple-historical-word,kha-n1906-001534,ir,ir,adverb,word,105,0.975,no,pending,yes
495,n1906-005,95,1:simple-historical-word,kha-n1906-001536,irat,irat,adverb,word,105,0.975,no,pending,yes
496,n1906-005,96,1:simple-historical-word,kha-n1906-001539,irmat,irmat,noun,word,106,0.975,no,pending,yes
497,n1906-005,97,1:simple-historical-word,kha-n1906-001542,isbcid,isbcid,noun,word,106,0.975,no,pending,yes
498,n1906-005,98,1:simple-historical-word,kha-n1906-002288,isliadkalai,isliadkalai,verb,word,157,0.975,no,pending,yes
499,n1906-005,99,1:simple-historical-word,kha-n1906-001545,isndi,isndi,adjective,word,106,0.975,no,pending,yes
500,n1906-005,100,1:simple-historical-word,kha-n1906-001549,ithawnang,ithawnang,adjective,word,106,0.975,no,pending,yes
501,n1906-006,1,1:simple-historical-word,kha-n1906-002299,ivliewsting,ivliewsting,verb,word,159,0.975,no,pending,yes
502,n1906-006,2,1:simple-historical-word,kha-n1906-001551,iwkyrteng,iwkyrteng,verb,word,106,0.975,no,pending,yes
503,n1906-006,3,1:simple-historical-word,kha-n1906-001553,iwli,iwli,adjective,word,107,0.975,no,pending,yes
504,n1906-006,4,1:simple-historical-word,kha-n1906-001556,ja,ja,noun,word,107,0.975,no,pending,yes
505,n1906-006,5,1:simple-historical-word,kha-n1906-001557,jabar,jabar,noun,word,107,0.975,no,pending,yes
506,n1906-006,6,1:simple-historical-word,kha-n1906-001558,jabieng,jabieng,noun,word,107,0.975,no,pending,yes
507,n1906-006,7,1:simple-historical-word,kha-n1906-001559,jablei,jablei,noun,word,107,0.975,no,pending,yes
508,n1906-006,8,1:simple-historical-word,kha-n1906-001560,jablo,jablo,adjective,word,107,0.975,no,pending,yes
509,n1906-006,9,1:simple-historical-word,kha-n1906-001561,jaboh,jaboh,adjective,word,107,0.975,no,pending,yes
510,n1906-006,10,1:simple-historical-word,kha-n1906-001562,jabuit,jabuit,noun,word,107,0.975,no,pending,yes
511,n1906-006,11,1:simple-historical-word,kha-n1906-001575,jadu,jadu,noun,word,108,0.975,no,pending,yes
512,n1906-006,12,1:simple-historical-word,kha-n1906-001579,jahthait,jahthait,verb,word,109,0.975,no,pending,yes
513,n1906-006,13,1:simple-historical-word,kha-n1906-001580,jai,jai,adverb,word,109,0.975,no,pending,yes
514,n1906-006,14,1:simple-historical-word,kha-n1906-001581,jaiaw,jaiaw,noun,word,109,0.975,no,pending,yes
515,n1906-006,15,1:simple-historical-word,kha-n1906-001582,jaiil,jaiil,noun,word,109,0.975,no,pending,yes
516,n1906-006,16,1:simple-historical-word,kha-n1906-001590,jainsaipdd,jainsaipdd,noun,word,109,0.975,no,pending,yes
517,n1906-006,17,1:simple-historical-word,kha-n1906-001589,jainsala,jainsala,noun,word,109,0.975,no,pending,yes
518,n1906-006,18,1:simple-historical-word,kha-n1906-001594,jaipdeh,jaipdeh,adjective,word,110,0.975,no,pending,yes
519,n1906-006,19,1:simple-historical-word,kha-n1906-001595,jaitiih,jaitiih,adjective,word,110,0.975,no,pending,yes
520,n1906-006,20,1:simple-historical-word,kha-n1906-001596,jaiur,jaiur,noun,word,110,0.975,no,pending,yes
521,n1906-006,21,1:simple-historical-word,kha-n1906-001592,jaiusem,jaiusem,noun,word,109,0.975,no,pending,yes
522,n1906-006,22,1:simple-historical-word,kha-n1906-001597,jajer,jajer,noun,word,110,0.975,no,pending,yes
523,n1906-006,23,1:simple-historical-word,kha-n1906-001563,jakhi,jakhi,noun,word,107,0.975,no,pending,yes
524,n1906-006,24,1:simple-historical-word,kha-n1906-001564,jakhir,jakhir,noun,word,108,0.975,no,pending,yes
525,n1906-006,25,1:simple-historical-word,kha-n1906-001565,jakhlia,jakhlia,adjective,word,108,0.975,no,pending,yes
526,n1906-006,26,1:simple-historical-word,kha-n1906-001566,jakhom,jakhom,verb,word,108,0.975,no,pending,yes
527,n1906-006,27,1:simple-historical-word,kha-n1906-001567,jakhyllie,jakhyllie,noun,word,108,0.975,no,pending,yes
528,n1906-006,28,1:simple-historical-word,kha-n1906-001568,jaknep,jaknep,adjective,word,108,0.975,no,pending,yes
529,n1906-006,29,1:simple-historical-word,kha-n1906-001569,jakpoh,jakpoh,noun,word,108,0.975,no,pending,yes
530,n1906-006,30,1:simple-historical-word,kha-n1906-001570,jakpu,jakpu,noun,word,108,0.975,no,pending,yes
531,n1906-006,31,1:simple-historical-word,kha-n1906-001571,jakrik,jakrik,adverb,word,108,0.975,no,pending,yes
532,n1906-006,32,1:simple-historical-word,kha-n1906-001572,jakter,jakter,adverb,word,108,0.975,no,pending,yes
533,n1906-006,33,1:simple-historical-word,kha-n1906-001573,jaktung,jaktung,noun,word,108,0.975,no,pending,yes
534,n1906-006,34,1:simple-historical-word,kha-n1906-001574,jakyntien,jakyntien,noun,word,108,0.975,no,pending,yes
535,n1906-006,35,1:simple-historical-word,kha-n1906-001598,jalani,jalani,adjective,word,110,0.975,no,pending,yes
536,n1906-006,36,1:simple-historical-word,kha-n1906-001599,jalatyrsim,jalatyrsim,noun,word,110,0.975,no,pending,yes
537,n1906-006,37,1:simple-historical-word,kha-n1906-001600,jalbdin,jalbdin,adverb,word,110,0.975,no,pending,yes
538,n1906-006,38,1:simple-historical-word,kha-n1906-001602,jalyngkhiang,jalyngkhiang,noun,word,110,0.975,no,pending,yes
539,n1906-006,39,1:simple-historical-word,kha-n1906-001603,jalynnoh,jalynnoh,noun,word,110,0.975,no,pending,yes
540,n1906-006,40,1:simple-historical-word,kha-n1906-001604,jalynshir,jalynshir,noun,word,110,0.975,no,pending,yes
541,n1906-006,41,1:simple-historical-word,kha-n1906-001605,jamabandi,jamabandi,noun,word,111,0.975,no,pending,yes
542,n1906-006,42,1:simple-historical-word,kha-n1906-001607,jamdor,jamdor,noun,word,111,0.975,no,pending,yes
543,n1906-006,43,1:simple-historical-word,kha-n1906-001606,jamdw,jamdw,noun,word,111,0.975,no,pending,yes
544,n1906-006,44,1:simple-historical-word,kha-n1906-001609,jamin,jamin,noun,word,111,0.975,no,pending,yes
545,n1906-006,45,1:simple-historical-word,kha-n1906-001610,jamindari,jamindari,noun,word,111,0.975,no,pending,yes
546,n1906-006,46,1:simple-historical-word,kha-n1906-001611,jamithiat,jamithiat,noun,word,111,0.975,no,pending,yes
547,n1906-006,47,1:simple-historical-word,kha-n1906-001612,jamynrei,jamynrei,noun,word,111,0.975,no,pending,yes
548,n1906-006,48,1:simple-historical-word,kha-n1906-001613,jan,jan,adjective,word,111,0.975,no,pending,yes
549,n1906-006,49,1:simple-historical-word,kha-n1906-001614,jandi,jandi,adverb,word,111,0.975,no,pending,yes
550,n1906-006,50,1:simple-historical-word,kha-n1906-001577,jangew,jangew,noun,word,108,0.975,no,pending,yes
551,n1906-006,51,1:simple-historical-word,kha-n1906-001576,jangjang,jangjang,adverb,word,108,0.975,no,pending,yes
552,n1906-006,52,1:simple-historical-word,kha-n1906-001616,japlem,japlem,adjective,word,111,0.975,no,pending,yes
553,n1906-006,53,1:simple-historical-word,kha-n1906-001617,jarawain,jarawain,adverb,word,112,0.975,no,pending,yes
554,n1906-006,54,1:simple-historical-word,kha-n1906-001618,jarimana,jarimana,noun,word,112,0.975,no,pending,yes
555,n1906-006,55,1:simple-historical-word,kha-n1906-001619,jarynlud,jarynlud,noun,word,112,0.975,no,pending,yes
556,n1906-006,56,1:simple-historical-word,kha-n1906-001621,jashulia,jashulia,noun,word,112,0.975,no,pending,yes
557,n1906-006,57,1:simple-historical-word,kha-n1906-001620,jasngi,jasngi,noun,word,112,0.975,no,pending,yes
558,n1906-006,58,1:simple-historical-word,kha-n1906-001622,jasong,jasong,noun,word,112,0.975,no,pending,yes
559,n1906-006,59,1:simple-historical-word,kha-n1906-001623,jata,jata,noun,word,112,0.975,no,pending,yes
560,n1906-006,60,1:simple-historical-word,kha-n1906-001624,jatbe,jatbe,adverb,word,112,0.975,no,pending,yes
561,n1906-006,61,1:simple-historical-word,kha-n1906-001627,jathang,jathang,noun,word,112,0.975,no,pending,yes
562,n1906-006,62,1:simple-historical-word,kha-n1906-001628,jating,jating,noun,word,112,0.975,no,pending,yes
563,n1906-006,63,1:simple-historical-word,kha-n1906-001629,jatira,jatira,noun,word,112,0.975,no,pending,yes
564,n1906-006,64,1:simple-historical-word,kha-n1906-001630,jawa,jawa,noun,word,113,0.975,no,pending,yes
565,n1906-006,65,1:simple-historical-word,kha-n1906-001631,jawkhwit,jawkhwit,adverb,word,113,0.975,no,pending,yes
566,n1906-006,66,1:simple-historical-word,kha-n1906-001632,jawliaw,jawliaw,adverb,word,113,0.975,no,pending,yes
567,n1906-006,67,1:simple-historical-word,kha-n1906-000168,jben,jben,noun,word,16,0.975,no,pending,yes
568,n1906-006,68,1:simple-historical-word,kha-n1906-000191,jbiskit,jbiskit,noun,word,18,0.975,no,pending,yes
569,n1906-006,69,1:simple-historical-word,kha-n1906-000213,jbol,jbol,noun,word,20,0.975,no,pending,yes
570,n1906-006,70,1:simple-historical-word,kha-n1906-001593,jdiiispong,jdiiispong,noun,word,110,0.975,no,pending,yes
571,n1906-006,71,1:simple-historical-word,kha-n1906-001641,jem,jem,adjective,word,113,0.975,no,pending,yes
572,n1906-006,72,1:simple-historical-word,kha-n1906-001639,jeng,jeng,adverb,word,113,0.975,no,pending,yes
573,n1906-006,73,1:simple-historical-word,kha-n1906-001644,jew,jew,adjective,word,114,0.975,no,pending,yes
574,n1906-006,74,1:simple-historical-word,kha-n1906-001652,jham,jham,adjective,word,114,0.975,no,pending,yes
575,n1906-006,75,1:simple-historical-word,kha-n1906-001653,jhare,jhare,verb,word,114,0.975,no,pending,yes
576,n1906-006,76,1:simple-historical-word,kha-n1906-001654,jharon,jharon,noun,word,114,0.975,no,pending,yes
577,n1906-006,77,1:simple-historical-word,kha-n1906-001655,jhep,jhep,noun,word,114,0.975,no,pending,yes
578,n1906-006,78,1:simple-historical-word,kha-n1906-001656,jhieh,jhieh,adjective,word,114,0.975,no,pending,yes
579,n1906-006,79,1:simple-historical-word,kha-n1906-001657,jhum,jhum,noun,word,114,0.975,no,pending,yes
580,n1906-006,80,1:simple-historical-word,kha-n1906-001659,jhur,jhur,noun,word,114,0.975,no,pending,yes
581,n1906-006,81,1:simple-historical-word,kha-n1906-001586,jianjri,jianjri,noun,word,109,0.975,no,pending,yes
582,n1906-006,82,1:simple-historical-word,kha-n1906-001685,jillang,jillang,noun,word,116,0.975,no,pending,yes
583,n1906-006,83,1:simple-historical-word,kha-n1906-001686,jillei,jillei,adjective,word,116,0.975,no,pending,yes
584,n1906-006,84,1:simple-historical-word,kha-n1906-001687,jin,jin,noun,word,116,0.975,no,pending,yes
585,n1906-006,85,1:simple-historical-word,kha-n1906-002258,jinanti,jinanti,noun,word,155,0.975,no,pending,yes
586,n1906-006,86,1:simple-historical-word,kha-n1906-001688,jindat,jindat,adverb,word,116,0.975,no,pending,yes
587,n1906-006,87,1:simple-historical-word,kha-n1906-001689,jindei,jindei,adverb,word,116,0.975,no,pending,yes
588,n1906-006,88,1:simple-historical-word,kha-n1906-001690,jindiang,jindiang,noun,word,116,0.975,no,pending,yes
589,n1906-006,89,1:simple-historical-word,kha-n1906-001691,jinduh,jinduh,adverb,word,116,0.975,no,pending,yes
590,n1906-006,90,1:simple-historical-word,kha-n1906-001664,jingblei,jingblei,adjective,word,115,0.975,no,pending,yes
591,n1906-006,91,1:simple-historical-word,kha-n1906-001665,jingbriew,jingbriew,adjective,word,115,0.975,no,pending,yes
592,n1906-006,92,1:simple-historical-word,kha-n1906-001676,jingjia,jingjia,noun,word,115,0.975,no,pending,yes
593,n1906-006,93,1:simple-historical-word,kha-n1906-001669,jingkhang,jingkhang,noun,word,115,0.975,no,pending,yes
594,n1906-006,94,1:simple-historical-word,kha-n1906-001671,jingkhein,jingkhein,noun,word,115,0.975,no,pending,yes
595,n1906-006,95,1:simple-historical-word,kha-n1906-001672,jingkit,jingkit,noun,word,115,0.975,no,pending,yes
596,n1906-006,96,1:simple-historical-word,kha-n1906-001678,jingpynbna,jingpynbna,noun,word,115,0.975,no,pending,yes
597,n1906-006,97,1:simple-historical-word,kha-n1906-001679,jingpynbtid,jingpynbtid,noun,word,115,0.975,no,pending,yes
598,n1906-006,98,1:simple-historical-word,kha-n1906-001681,jingri,jingri,noun,word,115,0.975,no,pending,yes
599,n1906-006,99,1:simple-historical-word,kha-n1906-001682,jingriam,jingriam,noun,word,115,0.975,no,pending,yes
600,n1906-006,100,1:simple-historical-word,kha-n1906-001683,jingtah,jingtah,noun,word,115,0.975,no,pending,yes
601,n1906-007,1,1:simple-historical-word,kha-n1906-001694,jinrein,jinrein,noun,word,116,0.975,no,pending,yes
602,n1906-007,2,1:simple-historical-word,kha-n1906-001693,jinriam,jinriam,noun,word,116,0.975,no,pending,yes
603,n1906-007,3,1:simple-historical-word,kha-n1906-001695,jira,jira,noun,word,117,0.975,no,pending,yes
604,n1906-007,4,1:simple-historical-word,kha-n1906-001698,jiw,jiw,adverb,word,117,0.975,no,pending,yes
605,n1906-007,5,1:simple-historical-word,kha-n1906-001700,jiwnom,jiwnom,adverb,word,117,0.975,no,pending,yes
606,n1906-007,6,1:simple-historical-word,kha-n1906-001634,jkap,jkap,adverb,word,113,0.975,no,pending,yes
607,n1906-007,7,1:simple-historical-word,kha-n1906-000353,jkaptan,jkaptan,noun,word,27,0.975,no,pending,yes
608,n1906-007,8,1:simple-historical-word,kha-n1906-001635,jkar,jkar,adverb,word,113,0.975,no,pending,yes
609,n1906-007,9,1:simple-historical-word,kha-n1906-001636,jkeng,jkeng,adverb,word,113,0.975,no,pending,yes
610,n1906-007,10,1:simple-historical-word,kha-n1906-000705,jkhyrnit,jkhyrnit,noun,word,47,0.975,no,pending,yes
611,n1906-007,11,1:simple-historical-word,kha-n1906-001637,jking,jking,adverb,word,113,0.975,no,pending,yes
612,n1906-007,12,1:simple-historical-word,kha-n1906-000747,jklas,jklas,noun,word,50,0.975,no,pending,yes
613,n1906-007,13,1:simple-historical-word,kha-n1906-000748,jklat,jklat,noun,word,50,0.975,no,pending,yes
614,n1906-007,14,1:simple-historical-word,kha-n1906-000769,jkongor,jkongor,noun,word,52,0.975,no,pending,yes
615,n1906-007,15,1:simple-historical-word,kha-n1906-000892,jkudam,jkudam,noun,word,59,0.975,no,pending,yes
616,n1906-007,16,1:simple-historical-word,kha-n1906-001638,jkup,jkup,adverb,word,113,0.975,no,pending,yes
617,n1906-007,17,1:simple-historical-word,kha-n1906-001702,jlah,jlah,adjective,word,117,0.975,no,pending,yes
618,n1906-007,18,1:simple-historical-word,kha-n1906-001704,jlek,jlek,adverb,word,117,0.975,no,pending,yes
619,n1906-007,19,1:simple-historical-word,kha-n1906-001705,jlen,jlen,adverb,word,117,0.975,no,pending,yes
620,n1906-007,20,1:simple-historical-word,kha-n1906-001706,jlep,jlep,adjective,word,117,0.975,no,pending,yes
621,n1906-007,21,1:simple-historical-word,kha-n1906-001708,jler,jler,adjective,word,117,0.975,no,pending,yes
622,n1906-007,22,1:simple-historical-word,kha-n1906-001709,jliang,jliang,adverb,word,117,0.975,no,pending,yes
623,n1906-007,23,1:simple-historical-word,kha-n1906-001710,jlih,jlih,adjective,word,117,0.975,no,pending,yes
624,n1906-007,24,1:simple-historical-word,kha-n1906-001711,jlin,jlin,adverb,word,117,0.975,no,pending,yes
625,n1906-007,25,1:simple-historical-word,kha-n1906-002046,jlynten,jlynten,noun,word,141,0.975,no,pending,yes
626,n1906-007,26,1:simple-historical-word,kha-n1906-002083,jmajistor,jmajistor,noun,word,143,0.975,no,pending,yes
627,n1906-007,27,1:simple-historical-word,kha-n1906-001712,jmong,jmong,adverb,word,118,0.975,no,pending,yes
628,n1906-007,28,1:simple-historical-word,kha-n1906-001713,jnang,jnang,verb,word,118,0.975,no,pending,yes
629,n1906-007,29,1:simple-historical-word,kha-n1906-001647,jngap,jngap,adverb,word,114,0.975,no,pending,yes
630,n1906-007,30,1:simple-historical-word,kha-n1906-001645,jngdi,jngdi,adjective,word,114,0.975,no,pending,yes
631,n1906-007,31,1:simple-historical-word,kha-n1906-001648,jngem,jngem,adjective,word,114,0.975,no,pending,yes
632,n1906-007,32,1:simple-historical-word,kha-n1906-001650,jngut,jngut,adjective,word,114,0.975,no,pending,yes
633,n1906-007,33,1:simple-historical-word,kha-n1906-001714,joit,joit,adverb,word,118,0.975,no,pending,yes
634,n1906-007,34,1:simple-historical-word,kha-n1906-001715,jonti,jonti,noun,word,118,0.975,no,pending,yes
635,n1906-007,35,1:simple-historical-word,kha-n1906-001720,jrein,jrein,verb,word,118,0.975,no,pending,yes
636,n1906-007,36,1:simple-historical-word,kha-n1906-001719,jreng,jreng,adverb,word,118,0.975,no,pending,yes
637,n1906-007,37,1:simple-historical-word,kha-n1906-001721,jri,jri,noun,word,118,0.975,no,pending,yes
638,n1906-007,38,1:simple-historical-word,kha-n1906-001722,jriang,jriang,adverb,word,118,0.975,no,pending,yes
639,n1906-007,39,1:simple-historical-word,kha-n1906-001724,jrup,jrup,adverb,word,118,0.975,no,pending,yes
640,n1906-007,40,1:simple-historical-word,kha-n1906-003264,jsleit,jsleit,noun,word,226,0.975,no,pending,yes
641,n1906-007,41,1:simple-historical-word,kha-n1906-001726,ju,ju,adverb,word,118,0.975,no,pending,yes
642,n1906-007,42,1:simple-historical-word,kha-n1906-001727,jubab,jubab,noun,word,118,0.975,no,pending,yes
643,n1906-007,43,1:simple-historical-word,kha-n1906-001728,juban,juban,noun,word,118,0.975,no,pending,yes
644,n1906-007,44,1:simple-historical-word,kha-n1906-001729,jubor,jubor,adverb,word,118,0.975,no,pending,yes
645,n1906-007,45,1:simple-historical-word,kha-n1906-001730,jukali,jukali,noun,word,118,0.975,no,pending,yes
646,n1906-007,46,1:simple-historical-word,kha-n1906-001731,julap,julap,noun,word,119,0.975,no,pending,yes
647,n1906-007,47,1:simple-historical-word,kha-n1906-001732,julor,julor,noun,word,119,0.975,no,pending,yes
648,n1906-007,48,1:simple-historical-word,kha-n1906-001733,julum,julum,adverb,word,119,0.975,no,pending,yes
649,n1906-007,49,1:simple-historical-word,kha-n1906-001735,jur,jur,adjective,word,119,0.975,no,pending,yes
650,n1906-007,50,1:simple-historical-word,kha-n1906-001736,juti,juti,noun,word,119,0.975,no,pending,yes
651,n1906-007,51,1:simple-historical-word,kha-n1906-001737,juwari,juwari,noun,word,119,0.975,no,pending,yes
652,n1906-007,52,1:simple-historical-word,kha-n1906-001738,jwat,jwat,adjective,word,119,0.975,no,pending,yes
653,n1906-007,53,1:simple-historical-word,kha-n1906-001739,jykang,jykang,adjective,word,119,0.975,no,pending,yes
654,n1906-007,54,1:simple-historical-word,kha-n1906-001740,jykeng,jykeng,adjective,word,119,0.975,no,pending,yes
655,n1906-007,55,1:simple-historical-word,kha-n1906-001742,jyllad,jyllad,adverb,word,119,0.975,no,pending,yes
656,n1906-007,56,1:simple-historical-word,kha-n1906-001743,jylleng,jylleng,noun,word,119,0.975,no,pending,yes
657,n1906-007,57,1:simple-historical-word,kha-n1906-001744,jylli,jylli,noun,word,119,0.975,no,pending,yes
658,n1906-007,58,1:simple-historical-word,kha-n1906-001745,jylliep,jylliep,adverb,word,120,0.975,no,pending,yes
659,n1906-007,59,1:simple-historical-word,kha-n1906-001747,jyllun,jyllun,adverb,word,120,0.975,no,pending,yes
660,n1906-007,60,1:simple-historical-word,kha-n1906-001748,jymmang,jymmang,noun,word,120,0.975,no,pending,yes
661,n1906-007,61,1:simple-historical-word,kha-n1906-001749,jympa,jympa,verb,word,120,0.975,no,pending,yes
662,n1906-007,62,1:simple-historical-word,kha-n1906-001750,jymphan,jymphan,noun,word,120,0.975,no,pending,yes
663,n1906-007,63,1:simple-historical-word,kha-n1906-001751,jymphong,jymphong,noun,word,120,0.975,no,pending,yes
664,n1906-007,64,1:simple-historical-word,kha-n1906-001752,jyndat,jyndat,adverb,word,120,0.975,no,pending,yes
665,n1906-007,65,1:simple-historical-word,kha-n1906-001753,jyndei,jyndei,adverb,word,120,0.975,no,pending,yes
666,n1906-007,66,1:simple-historical-word,kha-n1906-001741,jyngut,jyngut,adjective,word,119,0.975,no,pending,yes
667,n1906-007,67,1:simple-historical-word,kha-n1906-001754,jynlat,jynlat,noun,word,121,0.975,no,pending,yes
668,n1906-007,68,1:simple-historical-word,kha-n1906-001755,jynrat,jynrat,adverb,word,121,0.975,no,pending,yes
669,n1906-007,69,1:simple-historical-word,kha-n1906-001756,jynteh,jynteh,noun,word,121,0.975,no,pending,yes
670,n1906-007,70,1:simple-historical-word,kha-n1906-001757,jyntia,jyntia,adjective,word,121,0.975,no,pending,yes
671,n1906-007,71,1:simple-historical-word,kha-n1906-001758,jyrhiah,jyrhiah,verb,word,121,0.975,no,pending,yes
672,n1906-007,72,1:simple-historical-word,kha-n1906-001759,jyrhoh,jyrhoh,verb,word,121,0.975,no,pending,yes
673,n1906-007,73,1:simple-historical-word,kha-n1906-001761,jyrteng,jyrteng,adjective,word,121,0.975,no,pending,yes
674,n1906-007,74,1:simple-historical-word,kha-n1906-001762,jyrthiaw,jyrthiaw,adjective,word,121,0.975,no,pending,yes
675,n1906-007,75,1:simple-historical-word,kha-n1906-001763,jyrtieng,jyrtieng,verb,word,121,0.975,no,pending,yes
676,n1906-007,76,1:simple-historical-word,kha-n1906-001764,jyrwait,jyrwait,verb,word,121,0.975,no,pending,yes
677,n1906-007,77,1:simple-historical-word,kha-n1906-000315,kaba,kaba,pronoun,word,25,0.975,no,pending,yes
678,n1906-007,78,1:simple-historical-word,kha-n1906-000316,kabab,kabab,noun,word,25,0.975,no,pending,yes
679,n1906-007,79,1:simple-historical-word,kha-n1906-000318,kabu,kabu,noun,word,25,0.975,no,pending,yes
680,n1906-007,80,1:simple-historical-word,kha-n1906-000319,kadjatdoh,kadjatdoh,noun,word,26,0.975,no,pending,yes
681,n1906-007,81,1:simple-historical-word,kha-n1906-000322,kaei,kaei,pronoun,word,26,0.975,no,pending,yes
682,n1906-007,82,1:simple-historical-word,kha-n1906-000326,kai,kai,adverb,word,26,0.975,no,pending,yes
683,n1906-007,83,1:simple-historical-word,kha-n1906-000327,kaia,kaia,noun,word,26,0.975,no,pending,yes
684,n1906-007,84,1:simple-historical-word,kha-n1906-002698,kaibi,kaibi,noun,word,188,0.975,no,pending,yes
685,n1906-007,85,1:simple-historical-word,kha-n1906-000328,kaibri,kaibri,noun,word,26,0.975,no,pending,yes
686,n1906-007,86,1:simple-historical-word,kha-n1906-000331,kain,kain,noun,word,26,0.975,no,pending,yes
687,n1906-007,87,1:simple-historical-word,kha-n1906-000334,kait,kait,noun,word,26,0.975,no,pending,yes
688,n1906-007,88,1:simple-historical-word,kha-n1906-002705,kaitong,kaitong,noun,word,189,0.975,no,pending,yes
689,n1906-007,89,1:simple-historical-word,kha-n1906-000335,kalai,kalai,noun,word,26,0.975,no,pending,yes
690,n1906-007,90,1:simple-historical-word,kha-n1906-000337,kam,kam,noun,word,26,0.975,no,pending,yes
691,n1906-007,91,1:simple-historical-word,kha-n1906-000339,kamai,kamai,noun,word,26,0.975,no,pending,yes
692,n1906-007,92,1:simple-historical-word,kha-n1906-000342,kamon,kamon,noun,word,27,0.975,no,pending,yes
693,n1906-007,93,1:simple-historical-word,kha-n1906-000344,kamra,kamra,noun,word,27,0.975,no,pending,yes
694,n1906-007,94,1:simple-historical-word,kha-n1906-000349,kane,kane,adjective,word,27,0.975,no,pending,yes
695,n1906-007,95,1:simple-historical-word,kha-n1906-000325,kangar,kangar,adjective,word,26,0.975,no,pending,yes
696,n1906-007,96,1:simple-historical-word,kha-n1906-000350,kano,kano,pronoun,word,27,0.975,no,pending,yes
697,n1906-007,97,1:simple-historical-word,kha-n1906-000352,kap,kap,noun,word,27,0.975,no,pending,yes
698,n1906-007,98,1:simple-historical-word,kha-n1906-000354,kara,kara,verb,word,27,0.975,no,pending,yes
699,n1906-007,99,1:simple-historical-word,kha-n1906-000355,karai,karai,noun,word,27,0.975,no,pending,yes
700,n1906-007,100,1:simple-historical-word,kha-n1906-003852,karikor,karikor,noun,word,271,0.975,no,pending,yes
701,n1906-008,1,1:simple-historical-word,kha-n1906-000356,karo,karo,noun,word,27,0.975,no,pending,yes
702,n1906-008,2,1:simple-historical-word,kha-n1906-000357,karta,karta,noun,word,27,0.975,no,pending,yes
703,n1906-008,3,1:simple-historical-word,kha-n1906-000359,katba,katba,adverb,word,27,0.975,no,pending,yes
704,n1906-008,4,1:simple-historical-word,kha-n1906-000361,katei,katei,adjective,word,28,0.975,no,pending,yes
705,n1906-008,5,1:simple-historical-word,kha-n1906-000362,kathie,kathie,adjective,word,28,0.975,no,pending,yes
706,n1906-008,6,1:simple-historical-word,kha-n1906-000363,katne,katne,adverb,word,28,0.975,no,pending,yes
707,n1906-008,7,1:simple-historical-word,kha-n1906-000365,katno,katno,adverb,word,28,0.975,no,pending,yes
708,n1906-008,8,1:simple-historical-word,kha-n1906-000367,katta,katta,adverb,word,28,0.975,no,pending,yes
709,n1906-008,9,1:simple-historical-word,kha-n1906-000370,kattai,kattai,adverb,word,28,0.975,no,pending,yes
710,n1906-008,10,1:simple-historical-word,kha-n1906-000369,kattei,kattei,adverb,word,28,0.975,no,pending,yes
711,n1906-008,11,1:simple-historical-word,kha-n1906-000371,katthie,katthie,adverb,word,28,0.975,no,pending,yes
712,n1906-008,12,1:simple-historical-word,kha-n1906-000372,katto,katto,adverb,word,28,0.975,no,pending,yes
713,n1906-008,13,1:simple-historical-word,kha-n1906-000373,kaw,kaw,noun,word,28,0.975,no,pending,yes
714,n1906-008,14,1:simple-historical-word,kha-n1906-000374,kawang,kawang,verb,word,28,0.975,no,pending,yes
715,n1906-008,15,1:simple-historical-word,kha-n1906-000376,kaweh,kaweh,verb,word,28,0.975,no,pending,yes
716,n1906-008,16,1:simple-historical-word,kha-n1906-000377,kawei,kawei,adjective,word,28,0.975,no,pending,yes
717,n1906-008,17,1:simple-historical-word,kha-n1906-000379,kawiat,kawiat,verb,word,28,0.975,no,pending,yes
718,n1906-008,18,1:simple-historical-word,kha-n1906-000380,kba,kba,noun,word,28,0.975,no,pending,yes
719,n1906-008,19,1:simple-historical-word,kha-n1906-000418,kbah,kbah,noun,word,31,0.975,no,pending,yes
720,n1906-008,20,1:simple-historical-word,kha-n1906-000381,kbain,kbain,verb,word,28,0.975,no,pending,yes
721,n1906-008,21,1:simple-historical-word,kha-n1906-000415,kbangkdong,kbangkdong,verb,word,31,0.975,no,pending,yes
722,n1906-008,22,1:simple-historical-word,kha-n1906-000382,kbeit,kbeit,noun,word,28,0.975,no,pending,yes
723,n1906-008,23,1:simple-historical-word,kha-n1906-000540,kblab,kblab,noun,word,38,0.975,no,pending,yes
724,n1906-008,24,1:simple-historical-word,kha-n1906-000683,kbyllie,kbyllie,verb,word,46,0.975,no,pending,yes
725,n1906-008,25,1:simple-historical-word,kha-n1906-000684,kbyllieng,kbyllieng,noun,word,46,0.975,no,pending,yes
726,n1906-008,26,1:simple-historical-word,kha-n1906-000385,kdait,kdait,noun,word,28,0.975,no,pending,yes
727,n1906-008,27,1:simple-historical-word,kha-n1906-000386,kdam,kdam,adverb,word,29,0.975,no,pending,yes
728,n1906-008,28,1:simple-historical-word,kha-n1906-000384,kdang,kdang,verb,word,28,0.975,no,pending,yes
729,n1906-008,29,1:simple-historical-word,kha-n1906-000387,kdiah,kdiah,verb,word,29,0.975,no,pending,yes
730,n1906-008,30,1:simple-historical-word,kha-n1906-000389,kdiar,kdiar,adverb,word,29,0.975,no,pending,yes
731,n1906-008,31,1:simple-historical-word,kha-n1906-000388,kdier,kdier,verb,word,29,0.975,no,pending,yes
732,n1906-008,32,1:simple-historical-word,kha-n1906-000390,kdong,kdong,noun,word,29,0.975,no,pending,yes
733,n1906-008,33,1:simple-historical-word,kha-n1906-002733,ken,ken,noun,word,190,0.975,no,pending,yes
734,n1906-008,34,1:simple-historical-word,kha-n1906-000407,khadduh,khadduh,adverb,word,30,0.975,no,pending,yes
735,n1906-008,35,1:simple-historical-word,kha-n1906-000409,khadlai,khadlai,adjective,word,31,0.975,no,pending,yes
736,n1906-008,36,1:simple-historical-word,kha-n1906-000411,khadu,khadu,noun,word,31,0.975,no,pending,yes
737,n1906-008,37,1:simple-historical-word,kha-n1906-000420,khain,khain,adjective,word,31,0.975,no,pending,yes
738,n1906-008,38,1:simple-historical-word,kha-n1906-000422,khairim,khairim,noun,word,31,0.975,no,pending,yes
739,n1906-008,39,1:simple-historical-word,kha-n1906-000424,khajanslii,khajanslii,noun,word,31,0.975,no,pending,yes
740,n1906-008,40,1:simple-historical-word,kha-n1906-000403,khak,khak,adverb,word,30,0.975,no,pending,yes
741,n1906-008,41,1:simple-historical-word,kha-n1906-000425,khalai,khalai,verb,word,32,0.975,no,pending,yes
742,n1906-008,42,1:simple-historical-word,kha-n1906-000427,khalas,khalas,verb,word,32,0.975,no,pending,yes
743,n1906-008,43,1:simple-historical-word,kha-n1906-000428,khalasi,khalasi,noun,word,32,0.975,no,pending,yes
744,n1906-008,44,1:simple-historical-word,kha-n1906-000430,khalek,khalek,verb,word,32,0.975,no,pending,yes
745,n1906-008,45,1:simple-historical-word,kha-n1906-000431,khali,khali,adjective,word,32,0.975,no,pending,yes
746,n1906-008,46,1:simple-historical-word,kha-n1906-000432,khalisha,khalisha,noun,word,32,0.975,no,pending,yes
747,n1906-008,47,1:simple-historical-word,kha-n1906-000433,khalor,khalor,verb,word,32,0.975,no,pending,yes
748,n1906-008,48,1:simple-historical-word,kha-n1906-000434,kham,kham,verb,word,32,0.975,no,pending,yes
749,n1906-008,49,1:simple-historical-word,kha-n1906-000435,khamakha,khamakha,adverb,word,32,0.950,no,pending,yes
750,n1906-008,50,1:simple-historical-word,kha-n1906-000436,khambynriew,khambynriew,adjective,word,32,0.975,no,pending,yes
751,n1906-008,51,1:simple-historical-word,kha-n1906-000440,khamti,khamti,noun,word,32,0.975,no,pending,yes
752,n1906-008,52,1:simple-historical-word,kha-n1906-000441,khan,khan,verb,word,32,0.975,no,pending,yes
753,n1906-008,53,1:simple-historical-word,kha-n1906-000442,khanasamari,khanasamari,noun,word,32,0.975,no,pending,yes
754,n1906-008,54,1:simple-historical-word,kha-n1906-000443,khanatang,khanatang,verb,word,32,0.975,no,pending,yes
755,n1906-008,55,1:simple-historical-word,kha-n1906-000412,khang,khang,verb,word,31,0.975,no,pending,yes
756,n1906-008,56,1:simple-historical-word,kha-n1906-000414,khangai,khangai,noun,word,31,0.975,no,pending,yes
757,n1906-008,57,1:simple-historical-word,kha-n1906-000416,khangkhnam,khangkhnam,verb,word,31,0.975,no,pending,yes
758,n1906-008,58,1:simple-historical-word,kha-n1906-000446,khanpylleug,khanpylleug,verb,word,32,0.975,no,pending,yes
759,n1906-008,59,1:simple-historical-word,kha-n1906-000447,khanryntieh,khanryntieh,verb,word,32,0.975,no,pending,yes
760,n1906-008,60,1:simple-historical-word,kha-n1906-000450,khapngiali,khapngiali,adjective,word,33,0.975,no,pending,yes
761,n1906-008,61,1:simple-historical-word,kha-n1906-000451,khar,khar,verb,word,33,0.975,no,pending,yes
762,n1906-008,62,1:simple-historical-word,kha-n1906-000452,khara,khara,adjective,word,33,0.975,no,pending,yes
763,n1906-008,63,1:simple-historical-word,kha-n1906-000453,kharabak,kharabak,noun,word,33,0.975,no,pending,yes
764,n1906-008,64,1:simple-historical-word,kha-n1906-000455,kharai,kharai,noun,word,33,0.975,no,pending,yes
765,n1906-008,65,1:simple-historical-word,kha-n1906-000459,khariew,khariew,noun,word,34,0.975,no,pending,yes
766,n1906-008,66,1:simple-historical-word,kha-n1906-000460,kharoi,kharoi,verb,word,34,0.975,no,pending,yes
767,n1906-008,67,1:simple-historical-word,kha-n1906-000461,kharsohlah,kharsohlah,noun,word,34,0.975,no,pending,yes
768,n1906-008,68,1:simple-historical-word,kha-n1906-000462,khashra,khashra,adjective,word,34,0.975,no,pending,yes
769,n1906-008,69,1:simple-historical-word,kha-n1906-000463,khasynrop,khasynrop,verb,word,34,0.975,no,pending,yes
770,n1906-008,70,1:simple-historical-word,kha-n1906-000464,khate,khate,verb,word,34,0.975,no,pending,yes
771,n1906-008,71,1:simple-historical-word,kha-n1906-000445,khauia,khauia,adjective,word,32,0.975,no,pending,yes
772,n1906-008,72,1:simple-historical-word,kha-n1906-000468,khaw,khaw,noun,word,34,0.975,no,pending,yes
773,n1906-008,73,1:simple-historical-word,kha-n1906-000469,khawa,khawa,verb,word,34,0.975,no,pending,yes
774,n1906-008,74,1:simple-historical-word,kha-n1906-000473,khawiah,khawiah,verb,word,35,0.975,no,pending,yes
775,n1906-008,75,1:simple-historical-word,kha-n1906-000474,khawoh,khawoh,verb,word,35,0.975,no,pending,yes
776,n1906-008,76,1:simple-historical-word,kha-n1906-000475,khawoit,khawoit,verb,word,35,0.975,no,pending,yes
777,n1906-008,77,1:simple-historical-word,kha-n1906-000479,khawshira,khawshira,noun,word,35,0.975,no,pending,yes
778,n1906-008,78,1:simple-historical-word,kha-n1906-000480,khawtyndep,khawtyndep,noun,word,35,0.975,no,pending,yes
779,n1906-008,79,1:simple-historical-word,kha-n1906-000423,khdit,khdit,noun,word,31,0.975,no,pending,yes
780,n1906-008,80,1:simple-historical-word,kha-n1906-000477,khdwpyrsit,khdwpyrsit,noun,word,35,0.975,no,pending,yes
781,n1906-008,81,1:simple-historical-word,kha-n1906-000487,kheinksuid,kheinksuid,verb,word,35,0.975,no,pending,yes
782,n1906-008,82,1:simple-historical-word,kha-n1906-000481,khek,khek,adverb,word,35,0.975,no,pending,yes
783,n1906-008,83,1:simple-historical-word,kha-n1906-000497,khem,khem,verb,word,36,0.975,no,pending,yes
784,n1906-008,84,1:simple-historical-word,kha-n1906-000498,khemdut,khemdut,verb,word,36,0.975,no,pending,yes
785,n1906-008,85,1:simple-historical-word,kha-n1906-000499,khemmet,khemmet,verb,word,36,0.975,no,pending,yes
786,n1906-008,86,1:simple-historical-word,kha-n1906-000482,khengkheng,khengkheng,adverb,word,35,0.975,no,pending,yes
787,n1906-008,87,1:simple-historical-word,kha-n1906-000500,khet,khet,noun,word,36,0.975,no,pending,yes
788,n1906-008,88,1:simple-historical-word,kha-n1906-000501,khia,khia,adjective,word,36,0.975,no,pending,yes
789,n1906-008,89,1:simple-historical-word,kha-n1906-000502,khiah,khiah,adjective,word,36,0.975,no,pending,yes
790,n1906-008,90,1:simple-historical-word,kha-n1906-000504,khiar,khiar,verb,word,36,0.975,no,pending,yes
791,n1906-008,91,1:simple-historical-word,kha-n1906-000505,khiat,khiat,noun,word,37,0.975,no,pending,yes
792,n1906-008,92,1:simple-historical-word,kha-n1906-000518,khiesboh,khiesboh,verb,word,37,0.975,no,pending,yes
793,n1906-008,93,1:simple-historical-word,kha-n1906-000522,khiew,khiew,noun,word,37,0.975,no,pending,yes
794,n1906-008,94,1:simple-historical-word,kha-n1906-000523,khiewja,khiewja,noun,word,38,0.975,no,pending,yes
795,n1906-008,95,1:simple-historical-word,kha-n1906-000525,khiewmutlop,khiewmutlop,noun,word,38,0.975,no,pending,yes
796,n1906-008,96,1:simple-historical-word,kha-n1906-000526,khiewphiang,khiewphiang,noun,word,38,0.975,no,pending,yes
797,n1906-008,97,1:simple-historical-word,kha-n1906-000528,khiewrynsong,khiewrynsong,noun,word,38,0.975,no,pending,yes
798,n1906-008,98,1:simple-historical-word,kha-n1906-000531,khiewsla,khiewsla,noun,word,38,0.975,no,pending,yes
799,n1906-008,99,1:simple-historical-word,kha-n1906-000663,khiinlung,khiinlung,noun,word,45,0.975,no,pending,yes
800,n1906-008,100,1:simple-historical-word,kha-n1906-000664,khiinmaitnia,khiinmaitnia,adverb,word,45,0.975,no,pending,yes
801,n1906-009,1,1:simple-historical-word,kha-n1906-000666,khiinrei,khiinrei,noun,word,45,0.975,no,pending,yes
802,n1906-009,2,1:simple-historical-word,kha-n1906-000534,khilon,khilon,noun,word,38,0.975,no,pending,yes
803,n1906-009,3,1:simple-historical-word,kha-n1906-000535,khim,khim,adjective,word,38,0.975,no,pending,yes
804,n1906-009,4,1:simple-historical-word,kha-n1906-000657,khimkha,khimkha,noun,word,45,0.975,no,pending,yes
805,n1906-009,5,1:simple-historical-word,kha-n1906-000539,khla,khla,noun,word,38,0.975,no,pending,yes
806,n1906-009,6,1:simple-historical-word,kha-n1906-000542,khlais,khlais,adjective,word,39,0.975,no,pending,yes
807,n1906-009,7,1:simple-historical-word,kha-n1906-000544,khlam,khlam,noun,word,39,0.975,no,pending,yes
808,n1906-009,8,1:simple-historical-word,kha-n1906-000541,khlang,khlang,adverb,word,39,0.975,no,pending,yes
809,n1906-009,9,1:simple-historical-word,kha-n1906-000546,khlaw,khlaw,noun,word,39,0.975,no,pending,yes
810,n1906-009,10,1:simple-historical-word,kha-n1906-000550,khlein,khlein,noun,word,39,0.975,no,pending,yes
811,n1906-009,11,1:simple-historical-word,kha-n1906-000548,khlek,khlek,adverb,word,39,0.975,no,pending,yes
812,n1906-009,12,1:simple-historical-word,kha-n1906-000554,khlemrcaie,khlemrcaie,adjective,word,39,0.975,no,pending,yes
813,n1906-009,13,1:simple-historical-word,kha-n1906-000549,khleng,khleng,adverb,word,39,0.975,no,pending,yes
814,n1906-009,14,1:simple-historical-word,kha-n1906-000559,khliah,khliah,verb,word,40,0.975,no,pending,yes
815,n1906-009,15,1:simple-historical-word,kha-n1906-000557,khliak,khliak,adverb,word,40,0.975,no,pending,yes
816,n1906-009,16,1:simple-historical-word,kha-n1906-000558,khliang,khliang,noun,word,40,0.975,no,pending,yes
817,n1906-009,17,1:simple-historical-word,kha-n1906-000562,khlieng,khlieng,verb,word,40,0.975,no,pending,yes
818,n1906-009,18,1:simple-historical-word,kha-n1906-000567,khliir,khliir,noun,word,40,0.975,no,pending,yes
819,n1906-009,19,1:simple-historical-word,kha-n1906-000561,khlleh,khlleh,noun,word,40,0.975,no,pending,yes
820,n1906-009,20,1:simple-historical-word,kha-n1906-000564,khlop,khlop,adverb,word,40,0.975,no,pending,yes
821,n1906-009,21,1:simple-historical-word,kha-n1906-000565,khluit,khluit,adjective,word,40,0.975,no,pending,yes
822,n1906-009,22,1:simple-historical-word,kha-n1906-000566,khlup,khlup,adverb,word,40,0.975,no,pending,yes
823,n1906-009,23,1:simple-historical-word,kha-n1906-000568,khmat,khmat,noun,word,40,0.975,no,pending,yes
824,n1906-009,24,1:simple-historical-word,kha-n1906-000570,khmied,khmied,verb,word,40,0.975,no,pending,yes
825,n1906-009,25,1:simple-historical-word,kha-n1906-000571,khmih,khmih,verb,word,41,0.975,no,pending,yes
826,n1906-009,26,1:simple-historical-word,kha-n1906-000572,khmihkai,khmihkai,verb,word,41,0.975,no,pending,yes
827,n1906-009,27,1:simple-historical-word,kha-n1906-000573,khmihlynti,khmihlynti,verb,word,41,0.975,no,pending,yes
828,n1906-009,28,1:simple-historical-word,kha-n1906-000578,khmihthuh,khmihthuh,verb,word,41,0.975,no,pending,yes
829,n1906-009,29,1:simple-historical-word,kha-n1906-000580,khmud,khmud,noun,word,41,0.975,no,pending,yes
830,n1906-009,30,1:simple-historical-word,kha-n1906-000581,khmuin,khmuin,noun,word,41,0.975,no,pending,yes
831,n1906-009,31,1:simple-historical-word,kha-n1906-000582,khmut,khmut,noun,word,41,0.975,no,pending,yes
832,n1906-009,32,1:simple-historical-word,kha-n1906-000585,khnai,khnai,noun,word,41,0.975,no,pending,yes
833,n1906-009,33,1:simple-historical-word,kha-n1906-000586,khnam,khnam,noun,word,41,0.975,no,pending,yes
834,n1906-009,34,1:simple-historical-word,kha-n1906-000583,khnang,khnang,adverb,word,41,0.975,no,pending,yes
835,n1906-009,35,1:simple-historical-word,kha-n1906-000584,khnangkhning,khnangkhning,adverb,word,41,0.975,no,pending,yes
836,n1906-009,36,1:simple-historical-word,kha-n1906-000587,khnap,khnap,noun,word,41,0.975,no,pending,yes
837,n1906-009,37,1:simple-historical-word,kha-n1906-000590,khniang,khniang,noun,word,41,0.975,no,pending,yes
838,n1906-009,38,1:simple-historical-word,kha-n1906-000591,khnium,khnium,verb,word,41,0.975,no,pending,yes
839,n1906-009,39,1:simple-historical-word,kha-n1906-000593,khnong,khnong,noun,word,41,0.975,no,pending,yes
840,n1906-009,40,1:simple-historical-word,kha-n1906-000603,khoh,khoh,noun,word,42,0.975,no,pending,yes
841,n1906-009,41,1:simple-historical-word,kha-n1906-000604,khohluh,khohluh,adverb,word,42,0.975,no,pending,yes
842,n1906-009,42,1:simple-historical-word,kha-n1906-000605,khohruhram,khohruhram,adjective,word,42,0.975,no,pending,yes
843,n1906-009,43,1:simple-historical-word,kha-n1906-000606,khohshain,khohshain,verb,word,42,0.975,no,pending,yes
844,n1906-009,44,1:simple-historical-word,kha-n1906-000607,khohsiew,khohsiew,noun,word,42,0.975,no,pending,yes
845,n1906-009,45,1:simple-historical-word,kha-n1906-000608,khohwah,khohwah,noun,word,42,0.975,no,pending,yes
846,n1906-009,46,1:simple-historical-word,kha-n1906-000609,khoi,khoi,noun,word,42,0.975,no,pending,yes
847,n1906-009,47,1:simple-historical-word,kha-n1906-000611,khoitkait,khoitkait,noun,word,42,0.975,no,pending,yes
848,n1906-009,48,1:simple-historical-word,kha-n1906-000595,khong,khong,adjective,word,41,0.975,no,pending,yes
849,n1906-009,49,1:simple-historical-word,kha-n1906-000597,khongdong,khongdong,noun,word,41,0.975,no,pending,yes
850,n1906-009,50,1:simple-historical-word,kha-n1906-000596,khongkhong,khongkhong,adjective,word,41,0.975,no,pending,yes
851,n1906-009,51,1:simple-historical-word,kha-n1906-000600,khongpong,khongpong,adverb,word,42,0.975,no,pending,yes
852,n1906-009,52,1:simple-historical-word,kha-n1906-000601,khongtoi,khongtoi,noun,word,42,0.975,no,pending,yes
853,n1906-009,53,1:simple-historical-word,kha-n1906-000612,khor,khor,adjective,word,42,0.975,no,pending,yes
854,n1906-009,54,1:simple-historical-word,kha-n1906-000613,khorsha,khorsha,noun,word,42,0.975,no,pending,yes
855,n1906-009,55,1:simple-historical-word,kha-n1906-000614,khra,khra,noun,word,42,0.975,no,pending,yes
856,n1906-009,56,1:simple-historical-word,kha-n1906-000615,khrai,khrai,verb,word,42,0.975,no,pending,yes
857,n1906-009,57,1:simple-historical-word,kha-n1906-000617,khram,khram,adverb,word,42,0.975,no,pending,yes
858,n1906-009,58,1:simple-historical-word,kha-n1906-000618,khran,khran,adverb,word,42,0.975,no,pending,yes
859,n1906-009,59,1:simple-historical-word,kha-n1906-000619,khraw,khraw,adjective,word,43,0.975,no,pending,yes
860,n1906-009,60,1:simple-historical-word,kha-n1906-000621,khreh,khreh,verb,word,43,0.975,no,pending,yes
861,n1906-009,61,1:simple-historical-word,kha-n1906-000622,khrei,khrei,noun,word,43,0.975,no,pending,yes
862,n1906-009,62,1:simple-historical-word,kha-n1906-000623,khrew,khrew,adjective,word,43,0.975,no,pending,yes
863,n1906-009,63,1:simple-historical-word,kha-n1906-000624,khriang,khriang,noun,word,43,0.975,no,pending,yes
864,n1906-009,64,1:simple-historical-word,kha-n1906-000625,khriat,khriat,adjective,word,43,0.975,no,pending,yes
865,n1906-009,65,1:simple-historical-word,kha-n1906-000627,khriem,khriem,noun,word,43,0.975,no,pending,yes
866,n1906-009,66,1:simple-historical-word,kha-n1906-000629,khrim,khrim,adverb,word,43,0.975,no,pending,yes
867,n1906-009,67,1:simple-historical-word,kha-n1906-000628,khring,khring,verb,word,43,0.975,no,pending,yes
868,n1906-009,68,1:simple-historical-word,kha-n1906-000631,khroi,khroi,adverb,word,43,0.975,no,pending,yes
869,n1906-009,69,1:simple-historical-word,kha-n1906-000632,khron,khron,verb,word,43,0.975,no,pending,yes
870,n1906-009,70,1:simple-historical-word,kha-n1906-000630,khrong,khrong,verb,word,43,0.975,no,pending,yes
871,n1906-009,71,1:simple-historical-word,kha-n1906-000633,khru,khru,adverb,word,43,0.975,no,pending,yes
872,n1906-009,72,1:simple-historical-word,kha-n1906-000634,khrum,khrum,noun,word,43,0.975,no,pending,yes
873,n1906-009,73,1:simple-historical-word,kha-n1906-000638,khu,khu,noun,word,43,0.975,no,pending,yes
874,n1906-009,74,1:simple-historical-word,kha-n1906-000643,khub,khub,noun,word,44,0.975,no,pending,yes
875,n1906-009,75,1:simple-historical-word,kha-n1906-000644,khublei,khublei,verb,word,44,0.975,no,pending,yes
876,n1906-009,76,1:simple-historical-word,kha-n1906-000645,khubor,khubor,noun,word,44,0.975,no,pending,yes
877,n1906-009,77,1:simple-historical-word,kha-n1906-000654,khun,khun,noun,word,45,0.975,no,pending,yes
878,n1906-009,78,1:simple-historical-word,kha-n1906-000662,khunjeh,khunjeh,noun,word,45,0.975,no,pending,yes
879,n1906-009,79,1:simple-historical-word,kha-n1906-000660,khunksiew,khunksiew,noun,word,45,0.975,no,pending,yes
880,n1906-009,80,1:simple-historical-word,kha-n1906-000667,khunswet,khunswet,noun,word,45,0.975,no,pending,yes
881,n1906-009,81,1:simple-historical-word,kha-n1906-000670,khura,khura,verb,word,46,0.975,no,pending,yes
882,n1906-009,82,1:simple-historical-word,kha-n1906-000672,khuri,khuri,noun,word,46,0.975,no,pending,yes
883,n1906-009,83,1:simple-historical-word,kha-n1906-000674,khutia,khutia,noun,word,46,0.975,no,pending,yes
884,n1906-009,84,1:simple-historical-word,kha-n1906-000640,khwai,khwai,noun,word,44,0.975,no,pending,yes
885,n1906-009,85,1:simple-historical-word,kha-n1906-000639,khwak,khwak,noun,word,44,0.975,no,pending,yes
886,n1906-009,86,1:simple-historical-word,kha-n1906-000641,khwan,khwan,verb,word,44,0.975,no,pending,yes
887,n1906-009,87,1:simple-historical-word,kha-n1906-000642,khwar,khwar,verb,word,44,0.975,no,pending,yes
888,n1906-009,88,1:simple-historical-word,kha-n1906-000675,khwiang,khwiang,verb,word,46,0.975,no,pending,yes
889,n1906-009,89,1:simple-historical-word,kha-n1906-000676,khyllad,khyllad,verb,word,46,0.975,no,pending,yes
890,n1906-009,90,1:simple-historical-word,kha-n1906-000677,khyllai,khyllai,noun,word,46,0.975,no,pending,yes
891,n1906-009,91,1:simple-historical-word,kha-n1906-000678,khyllem,khyllem,verb,word,46,0.975,no,pending,yes
892,n1906-009,92,1:simple-historical-word,kha-n1906-000680,khylliah,khylliah,verb,word,46,0.975,no,pending,yes
893,n1906-009,93,1:simple-historical-word,kha-n1906-000681,khylliap,khylliap,verb,word,46,0.975,no,pending,yes
894,n1906-009,94,1:simple-historical-word,kha-n1906-000685,khyllong,khyllong,verb,word,47,0.975,no,pending,yes
895,n1906-009,95,1:simple-historical-word,kha-n1906-000688,khyndat,khyndat,verb,word,47,0.975,no,pending,yes
896,n1906-009,96,1:simple-historical-word,kha-n1906-000686,khyndcli,khyndcli,adjective,word,47,0.975,no,pending,yes
897,n1906-009,97,1:simple-historical-word,kha-n1906-000689,khyndiat,khyndiat,adjective,word,47,0.975,no,pending,yes
898,n1906-009,98,1:simple-historical-word,kha-n1906-000690,khyndiet,khyndiet,verb,word,47,0.975,no,pending,yes
899,n1906-009,99,1:simple-historical-word,kha-n1906-000691,khyndit,khyndit,adjective,word,47,0.975,no,pending,yes
900,n1906-009,100,1:simple-historical-word,kha-n1906-000692,khynnah,khynnah,noun,word,47,0.975,no,pending,yes
901,n1906-010,1,1:simple-historical-word,kha-n1906-000693,khynniat,khynniat,verb,word,47,0.975,no,pending,yes
902,n1906-010,2,1:simple-historical-word,kha-n1906-000694,khynning,khynning,adjective,word,47,0.975,no,pending,yes
903,n1906-010,3,1:simple-historical-word,kha-n1906-000695,khynniuh,khynniuh,verb,word,47,0.975,no,pending,yes
904,n1906-010,4,1:simple-historical-word,kha-n1906-000698,khynra,khynra,verb,word,47,0.975,no,pending,yes
905,n1906-010,5,1:simple-historical-word,kha-n1906-000699,khynrai,khynrai,verb,word,47,0.975,no,pending,yes
906,n1906-010,6,1:simple-historical-word,kha-n1906-000700,khynrat,khynrat,adverb,word,47,0.975,no,pending,yes
907,n1906-010,7,1:simple-historical-word,kha-n1906-000702,khynwin,khynwin,verb,word,47,0.975,no,pending,yes
908,n1906-010,8,1:simple-historical-word,kha-n1906-000703,khyrdep,khyrdep,verb,word,47,0.975,no,pending,yes
909,n1906-010,9,1:simple-historical-word,kha-n1906-000704,khyrdop,khyrdop,noun,word,47,0.975,no,pending,yes
910,n1906-010,10,1:simple-historical-word,kha-n1906-000707,khyrwain,khyrwain,adverb,word,48,0.975,no,pending,yes
911,n1906-010,11,1:simple-historical-word,kha-n1906-000706,khyrwang,khyrwang,noun,word,47,0.975,no,pending,yes
912,n1906-010,12,1:simple-historical-word,kha-n1906-000709,khyrwiang,khyrwiang,verb,word,48,0.975,no,pending,yes
913,n1906-010,13,1:simple-historical-word,kha-n1906-000710,khyrwit,khyrwit,verb,word,48,0.975,no,pending,yes
914,n1906-010,14,1:simple-historical-word,kha-n1906-002292,kiai,kiai,noun,word,158,0.975,no,pending,yes
915,n1906-010,15,1:simple-historical-word,kha-n1906-000713,kiar,kiar,verb,word,48,0.975,no,pending,yes
916,n1906-010,16,1:simple-historical-word,kha-n1906-000714,kiat,kiat,adjective,word,48,0.975,no,pending,yes
917,n1906-010,17,1:simple-historical-word,kha-n1906-000712,kidd,kidd,noun,word,48,0.975,no,pending,yes
918,n1906-010,18,1:simple-historical-word,kha-n1906-000718,kiel,kiel,pronoun,word,48,0.975,no,pending,yes
919,n1906-010,19,1:simple-historical-word,kha-n1906-000717,kieng,kieng,verb,word,48,0.975,no,pending,yes
920,n1906-010,20,1:simple-historical-word,kha-n1906-000720,kiewkhet,kiewkhet,verb,word,48,0.975,no,pending,yes
921,n1906-010,21,1:simple-historical-word,kha-n1906-000721,kine,kine,pronoun,word,48,0.975,no,pending,yes
922,n1906-010,22,1:simple-historical-word,kha-n1906-000722,kino,kino,pronoun,word,48,0.975,no,pending,yes
923,n1906-010,23,1:simple-historical-word,kha-n1906-000725,kiri,kiri,noun,word,49,0.975,no,pending,yes
924,n1906-010,24,1:simple-historical-word,kha-n1906-000726,kirniit,kirniit,noun,word,49,0.975,no,pending,yes
925,n1906-010,25,1:simple-historical-word,kha-n1906-000727,kismis,kismis,noun,word,49,0.975,no,pending,yes
926,n1906-010,26,1:simple-historical-word,kha-n1906-000729,kitab,kitab,noun,word,49,0.975,no,pending,yes
927,n1906-010,27,1:simple-historical-word,kha-n1906-000730,kitai,kitai,pronoun,word,49,0.975,no,pending,yes
928,n1906-010,28,1:simple-historical-word,kha-n1906-000734,kitei,kitei,pronoun,word,49,0.975,no,pending,yes
929,n1906-010,29,1:simple-historical-word,kha-n1906-000735,kithie,kithie,pronoun,word,49,0.975,no,pending,yes
930,n1906-010,30,1:simple-historical-word,kha-n1906-000737,kitjingkit,kitjingkit,verb,word,49,0.975,no,pending,yes
931,n1906-010,31,1:simple-historical-word,kha-n1906-000738,kitjingmut,kitjingmut,verb,word,49,0.975,no,pending,yes
932,n1906-010,32,1:simple-historical-word,kha-n1906-000732,kitkhia,kitkhia,verb,word,49,0.975,no,pending,yes
933,n1906-010,33,1:simple-historical-word,kha-n1906-000733,kitkhlieh,kitkhlieh,verb,word,49,0.975,no,pending,yes
934,n1906-010,34,1:simple-historical-word,kha-n1906-000739,kitnong,kitnong,verb,word,49,0.975,no,pending,yes
935,n1906-010,35,1:simple-historical-word,kha-n1906-000741,kitram,kitram,verb,word,49,0.975,no,pending,yes
936,n1906-010,36,1:simple-historical-word,kha-n1906-000743,kjai,kjai,adverb,word,49,0.975,no,pending,yes
937,n1906-010,37,1:simple-historical-word,kha-n1906-001129,kjrshan,kjrshan,verb,word,71,0.975,no,pending,yes
938,n1906-010,38,1:simple-historical-word,kha-n1906-000746,kldi,kldi,adjective,word,50,0.975,no,pending,yes
939,n1906-010,39,1:simple-historical-word,kha-n1906-000749,klep,klep,adverb,word,50,0.975,no,pending,yes
940,n1906-010,40,1:simple-historical-word,kha-n1906-000750,klew,klew,noun,word,50,0.975,no,pending,yes
941,n1906-010,41,1:simple-historical-word,kha-n1906-000665,klfmpongka,klfmpongka,noun,word,45,0.975,no,pending,yes
942,n1906-010,42,1:simple-historical-word,kha-n1906-000429,klialki,klialki,noun,word,32,0.975,no,pending,yes
943,n1906-010,43,1:simple-historical-word,kha-n1906-000752,kliar,kliar,noun,word,51,0.975,no,pending,yes
944,n1906-010,44,1:simple-historical-word,kha-n1906-000753,kliaw,kliaw,adverb,word,51,0.975,no,pending,yes
945,n1906-010,45,1:simple-historical-word,kha-n1906-000602,kliongweng,kliongweng,adjective,word,42,0.975,no,pending,yes
946,n1906-010,46,1:simple-historical-word,kha-n1906-000646,kliui,kliui,adverb,word,44,0.975,no,pending,yes
947,n1906-010,47,1:simple-historical-word,kha-n1906-000647,kliuid,kliuid,adjective,word,44,0.975,no,pending,yes
948,n1906-010,48,1:simple-historical-word,kha-n1906-000650,kliulom,kliulom,noun,word,44,0.975,no,pending,yes
949,n1906-010,49,1:simple-historical-word,kha-n1906-000682,kliylliat,kliylliat,noun,word,46,0.975,no,pending,yes
950,n1906-010,50,1:simple-historical-word,kha-n1906-000708,kliyrwait,kliyrwait,verb,word,48,0.975,no,pending,yes
951,n1906-010,51,1:simple-historical-word,kha-n1906-000755,kloi,kloi,adjective,word,51,0.975,no,pending,yes
952,n1906-010,52,1:simple-historical-word,kha-n1906-000758,kmai,kmai,adverb,word,51,0.975,no,pending,yes
953,n1906-010,53,1:simple-historical-word,kha-n1906-000757,kmang,kmang,adverb,word,51,0.975,no,pending,yes
954,n1906-010,54,1:simple-historical-word,kha-n1906-000760,kmen,kmen,verb,word,51,0.975,no,pending,yes
955,n1906-010,55,1:simple-historical-word,kha-n1906-000759,kmeng,kmeng,adverb,word,51,0.975,no,pending,yes
956,n1906-010,56,1:simple-historical-word,kha-n1906-000763,kner,kner,verb,word,52,0.975,no,pending,yes
957,n1906-010,57,1:simple-historical-word,kha-n1906-000764,kniakha,kniakha,noun,word,52,0.975,no,pending,yes
958,n1906-010,58,1:simple-historical-word,kha-n1906-000765,knieh,knieh,verb,word,52,0.975,no,pending,yes
959,n1906-010,59,1:simple-historical-word,kha-n1906-000766,kobja,kobja,noun,word,52,0.975,no,pending,yes
960,n1906-010,60,1:simple-historical-word,kha-n1906-000771,kohnguh,kohnguh,verb,word,52,0.975,no,pending,yes
961,n1906-010,61,1:simple-historical-word,kha-n1906-000774,koi,koi,noun,word,52,0.975,no,pending,yes
962,n1906-010,62,1:simple-historical-word,kha-n1906-000767,kong,kong,noun,word,52,0.975,no,pending,yes
963,n1906-010,63,1:simple-historical-word,kha-n1906-000768,kongbah,kongbah,noun,word,52,0.975,no,pending,yes
964,n1906-010,64,1:simple-historical-word,kha-n1906-000770,kongsan,kongsan,adjective,word,52,0.975,no,pending,yes
965,n1906-010,65,1:simple-historical-word,kha-n1906-000776,kordor,kordor,adjective,word,53,0.975,no,pending,yes
966,n1906-010,66,1:simple-historical-word,kha-n1906-000777,korhajir,korhajir,verb,word,53,0.950,no,pending,yes
967,n1906-010,67,1:simple-historical-word,kha-n1906-000781,kpa,kpa,noun,word,53,0.975,no,pending,yes
968,n1906-010,68,1:simple-historical-word,kha-n1906-000783,kpait,kpait,noun,word,54,0.975,no,pending,yes
969,n1906-010,69,1:simple-historical-word,kha-n1906-000786,kput,kput,noun,word,54,0.975,no,pending,yes
970,n1906-010,70,1:simple-historical-word,kha-n1906-000787,krad,krad,verb,word,54,0.975,no,pending,yes
971,n1906-010,71,1:simple-historical-word,kha-n1906-000789,krai,krai,noun,word,54,0.975,no,pending,yes
972,n1906-010,72,1:simple-historical-word,kha-n1906-000790,kram,kram,adverb,word,54,0.975,no,pending,yes
973,n1906-010,73,1:simple-historical-word,kha-n1906-000788,krang,krang,verb,word,54,0.975,no,pending,yes
974,n1906-010,74,1:simple-historical-word,kha-n1906-000792,krei,krei,verb,word,54,0.975,no,pending,yes
975,n1906-010,75,1:simple-historical-word,kha-n1906-000793,kreit,kreit,noun,word,54,0.975,no,pending,yes
976,n1906-010,76,1:simple-historical-word,kha-n1906-000791,krek,krek,adverb,word,54,0.975,no,pending,yes
977,n1906-010,77,1:simple-historical-word,kha-n1906-000794,krem,krem,noun,word,54,0.975,no,pending,yes
978,n1906-010,78,1:simple-historical-word,kha-n1906-000795,kren,kren,verb,word,54,0.975,no,pending,yes
979,n1906-010,79,1:simple-historical-word,kha-n1906-000838,kria,kria,verb,word,56,0.975,no,pending,yes
980,n1906-010,80,1:simple-historical-word,kha-n1906-000839,kriah,kriah,noun,word,56,0.975,no,pending,yes
981,n1906-010,81,1:simple-historical-word,kha-n1906-000841,krim,krim,adverb,word,57,0.975,no,pending,yes
982,n1906-010,82,1:simple-historical-word,kha-n1906-002837,krjnsun,krjnsun,noun,word,197,0.975,no,pending,yes
983,n1906-010,83,1:simple-historical-word,kha-n1906-000844,kroh,kroh,noun,word,57,0.975,no,pending,yes
984,n1906-010,84,1:simple-historical-word,kha-n1906-000843,krong,krong,noun,word,57,0.975,no,pending,yes
985,n1906-010,85,1:simple-historical-word,kha-n1906-000846,kruin,kruin,noun,word,57,0.975,no,pending,yes
986,n1906-010,86,1:simple-historical-word,kha-n1906-000847,krum,krum,adverb,word,57,0.975,no,pending,yes
987,n1906-010,87,1:simple-historical-word,kha-n1906-000845,krung,krung,noun,word,57,0.975,no,pending,yes
988,n1906-010,88,1:simple-historical-word,kha-n1906-000850,ksah,ksah,noun,word,57,0.975,no,pending,yes
989,n1906-010,89,1:simple-historical-word,kha-n1906-000848,ksangkti,ksangkti,noun,word,57,0.975,no,pending,yes
990,n1906-010,90,1:simple-historical-word,kha-n1906-000853,ksar,ksar,noun,word,57,0.975,no,pending,yes
991,n1906-010,91,1:simple-historical-word,kha-n1906-000854,kseb,kseb,noun,word,57,0.975,no,pending,yes
992,n1906-010,92,1:simple-historical-word,kha-n1906-000856,ksem,ksem,noun,word,57,0.975,no,pending,yes
993,n1906-010,93,1:simple-historical-word,kha-n1906-000857,ksew,ksew,noun,word,57,0.975,no,pending,yes
994,n1906-010,94,1:simple-historical-word,kha-n1906-002789,ksham,ksham,noun,word,195,0.975,no,pending,yes
995,n1906-010,95,1:simple-historical-word,kha-n1906-000858,kshong,kshong,noun,word,58,0.975,no,pending,yes
996,n1906-010,96,1:simple-historical-word,kha-n1906-000859,ksi,ksi,noun,word,58,0.975,no,pending,yes
997,n1906-010,97,1:simple-historical-word,kha-n1906-000860,ksiang,ksiang,noun,word,58,0.975,no,pending,yes
998,n1906-010,98,1:simple-historical-word,kha-n1906-000861,ksiar,ksiar,noun,word,58,0.975,no,pending,yes
999,n1906-010,99,1:simple-historical-word,kha-n1906-000864,ksiew,ksiew,noun,word,58,0.975,no,pending,yes
1000,n1906-010,100,1:simple-historical-word,kha-n1906-000862,ksing,ksing,noun,word,58,0.975,no,pending,yes
1001,n1906-011,1,1:simple-historical-word,kha-n1906-000851,kstii,kstii,noun,word,57,0.975,no,pending,yes
1002,n1906-011,2,1:simple-historical-word,kha-n1906-000867,ksuid,ksuid,noun,word,58,0.975,no,pending,yes
1003,n1906-011,3,1:simple-historical-word,kha-n1906-000868,ktang,ktang,noun,word,58,0.975,no,pending,yes
1004,n1906-011,4,1:simple-historical-word,kha-n1906-000877,ktbik,ktbik,adverb,word,58,0.975,no,pending,yes
1005,n1906-011,5,1:simple-historical-word,kha-n1906-000871,ktem,ktem,noun,word,58,0.975,no,pending,yes
1006,n1906-011,6,1:simple-historical-word,kha-n1906-000872,kthang,kthang,adjective,word,58,0.975,no,pending,yes
1007,n1906-011,7,1:simple-historical-word,kha-n1906-000876,kthem,kthem,adverb,word,58,0.975,no,pending,yes
1008,n1906-011,8,1:simple-historical-word,kha-n1906-000874,kthtii,kthtii,adverb,word,58,0.975,no,pending,yes
1009,n1906-011,9,1:simple-historical-word,kha-n1906-000878,kti,kti,noun,word,59,0.975,no,pending,yes
1010,n1906-011,10,1:simple-historical-word,kha-n1906-000879,ktiar,ktiar,noun,word,59,0.975,no,pending,yes
1011,n1906-011,11,1:simple-historical-word,kha-n1906-000320,ktidlongbneng,ktidlongbneng,verb,word,26,0.975,no,pending,yes
1012,n1906-011,12,1:simple-historical-word,kha-n1906-000880,ktieh,ktieh,noun,word,59,0.975,no,pending,yes
1013,n1906-011,13,1:simple-historical-word,kha-n1906-000881,ktien,ktien,noun,word,59,0.975,no,pending,yes
1014,n1906-011,14,1:simple-historical-word,kha-n1906-000882,ktung,ktung,noun,word,59,0.975,no,pending,yes
1015,n1906-011,15,1:simple-historical-word,kha-n1906-000886,kuar,kuar,noun,word,59,0.975,no,pending,yes
1016,n1906-011,16,1:simple-historical-word,kha-n1906-000887,kubi,kubi,noun,word,59,0.975,no,pending,yes
1017,n1906-011,17,1:simple-historical-word,kha-n1906-000888,kublot,kublot,noun,word,59,0.975,no,pending,yes
1018,n1906-011,18,1:simple-historical-word,kha-n1906-000889,kuboit,kuboit,noun,word,59,0.975,no,pending,yes
1019,n1906-011,19,1:simple-historical-word,kha-n1906-000891,kuda,kuda,noun,word,59,0.975,no,pending,yes
1020,n1906-011,20,1:simple-historical-word,kha-n1906-000885,kudi,kudi,noun,word,59,0.975,no,pending,yes
1021,n1906-011,21,1:simple-historical-word,kha-n1906-000894,kudu,kudu,adjective,word,59,0.975,no,pending,yes
1022,n1906-011,22,1:simple-historical-word,kha-n1906-000895,kuhiw,kuhiw,adjective,word,59,0.975,no,pending,yes
1023,n1906-011,23,1:simple-historical-word,kha-n1906-000896,kui,kui,noun,word,59,0.975,no,pending,yes
1024,n1906-011,24,1:simple-historical-word,kha-n1906-000890,kukri,kukri,noun,word,59,0.975,no,pending,yes
1025,n1906-011,25,1:simple-historical-word,kha-n1906-000897,kulai,kulai,noun,word,59,0.975,no,pending,yes
1026,n1906-011,26,1:simple-historical-word,kha-n1906-000898,kulam,kulam,noun,word,59,0.975,no,pending,yes
1027,n1906-011,27,1:simple-historical-word,kha-n1906-000899,kulbut,kulbut,noun,word,60,0.975,no,pending,yes
1028,n1906-011,28,1:simple-historical-word,kha-n1906-000900,kuli,kuli,noun,word,60,0.975,no,pending,yes
1029,n1906-011,29,1:simple-historical-word,kha-n1906-000901,kulia,kulia,noun,word,60,0.975,no,pending,yes
1030,n1906-011,30,1:simple-historical-word,kha-n1906-000902,kulmar,kulmar,adverb,word,60,0.975,no,pending,yes
1031,n1906-011,31,1:simple-historical-word,kha-n1906-000903,kulong,kulong,adjective,word,60,0.975,no,pending,yes
1032,n1906-011,32,1:simple-historical-word,kha-n1906-000904,kum,kum,adverb,word,60,0.975,no,pending,yes
1033,n1906-011,33,1:simple-historical-word,kha-n1906-000905,kuman,kuman,adjective,word,60,0.975,no,pending,yes
1034,n1906-011,34,1:simple-historical-word,kha-n1906-000906,kumba,kumba,adverb,word,60,0.975,no,pending,yes
1035,n1906-011,35,1:simple-historical-word,kha-n1906-000907,kumjuh,kumjuh,adverb,word,60,0.975,no,pending,yes
1036,n1906-011,36,1:simple-historical-word,kha-n1906-000908,kumne,kumne,adverb,word,60,0.975,no,pending,yes
1037,n1906-011,37,1:simple-historical-word,kha-n1906-000910,kumno,kumno,adverb,word,60,0.975,no,pending,yes
1038,n1906-011,38,1:simple-historical-word,kha-n1906-000913,kumta,kumta,adverb,word,60,0.975,no,pending,yes
1039,n1906-011,39,1:simple-historical-word,kha-n1906-000914,kumto,kumto,adverb,word,60,0.975,no,pending,yes
1040,n1906-011,40,1:simple-historical-word,kha-n1906-000916,kumwei,kumwei,adverb,word,60,0.975,no,pending,yes
1041,n1906-011,41,1:simple-historical-word,kha-n1906-000917,kuna,kuna,noun,word,60,0.975,no,pending,yes
1042,n1906-011,42,1:simple-historical-word,kha-n1906-000918,kunai,kunai,verb,word,60,0.975,no,pending,yes
1043,n1906-011,43,1:simple-historical-word,kha-n1906-000919,kunjari,kunjari,noun,word,60,0.975,no,pending,yes
1044,n1906-011,44,1:simple-historical-word,kha-n1906-000920,kunok,kunok,noun,word,60,0.975,no,pending,yes
1045,n1906-011,45,1:simple-historical-word,kha-n1906-000921,kura,kura,noun,word,61,0.975,no,pending,yes
1046,n1906-011,46,1:simple-historical-word,kha-n1906-000922,kurat,kurat,noun,word,61,0.975,no,pending,yes
1047,n1906-011,47,1:simple-historical-word,kha-n1906-000923,kurattia,kurattia,noun,word,61,0.975,no,pending,yes
1048,n1906-011,48,1:simple-historical-word,kha-n1906-000924,kuri,kuri,noun,word,61,0.975,no,pending,yes
1049,n1906-011,49,1:simple-historical-word,kha-n1906-000925,kurim,kurim,noun,word,61,0.975,no,pending,yes
1050,n1906-011,50,1:simple-historical-word,kha-n1906-000926,kutok,kutok,adjective,word,61,0.975,no,pending,yes
1051,n1906-011,51,1:simple-historical-word,kha-n1906-000927,kya,kya,noun,word,61,0.975,no,pending,yes
1052,n1906-011,52,1:simple-historical-word,kha-n1906-000975,kyiijak,kyiijak,verb,word,63,0.975,no,pending,yes
1053,n1906-011,53,1:simple-historical-word,kha-n1906-000930,kyllain,kyllain,verb,word,61,0.975,no,pending,yes
1054,n1906-011,54,1:simple-historical-word,kha-n1906-000928,kyllaladur,kyllaladur,noun,word,61,0.975,no,pending,yes
1055,n1906-011,55,1:simple-historical-word,kha-n1906-000936,kyllan,kyllan,verb,word,61,0.975,no,pending,yes
1056,n1906-011,56,1:simple-historical-word,kha-n1906-000938,kylleng,kylleng,adverb,word,61,0.975,no,pending,yes
1057,n1906-011,57,1:simple-historical-word,kha-n1906-000939,kyllep,kyllep,noun,word,61,0.975,no,pending,yes
1058,n1906-011,58,1:simple-historical-word,kha-n1906-000940,kylliang,kylliang,adverb,word,61,0.975,no,pending,yes
1059,n1906-011,59,1:simple-historical-word,kha-n1906-000942,kylliiid,kylliiid,adjective,word,62,0.975,no,pending,yes
1060,n1906-011,60,1:simple-historical-word,kha-n1906-000941,kyllong,kyllong,adjective,word,62,0.975,no,pending,yes
1061,n1906-011,61,1:simple-historical-word,kha-n1906-000943,kyllum,kyllum,adverb,word,62,0.975,no,pending,yes
1062,n1906-011,62,1:simple-historical-word,kha-n1906-000944,kyllut,kyllut,adjective,word,62,0.975,no,pending,yes
1063,n1906-011,63,1:simple-historical-word,kha-n1906-000949,kyndad,kyndad,noun,word,62,0.975,no,pending,yes
1064,n1906-011,64,1:simple-historical-word,kha-n1906-000950,kyndang,kyndang,noun,word,62,0.975,no,pending,yes
1065,n1906-011,65,1:simple-historical-word,kha-n1906-000954,kyndat,kyndat,verb,word,62,0.975,no,pending,yes
1066,n1906-011,66,1:simple-historical-word,kha-n1906-000955,kyndeb,kyndeb,verb,word,62,0.975,no,pending,yes
1067,n1906-011,67,1:simple-historical-word,kha-n1906-000957,kyndiah,kyndiah,verb,word,62,0.975,no,pending,yes
1068,n1906-011,68,1:simple-historical-word,kha-n1906-000956,kyndians,kyndians,adverb,word,62,0.975,no,pending,yes
1069,n1906-011,69,1:simple-historical-word,kha-n1906-000958,kyndiep,kyndiep,adverb,word,62,0.975,no,pending,yes
1070,n1906-011,70,1:simple-historical-word,kha-n1906-000965,kyndiip,kyndiip,noun,word,63,0.975,no,pending,yes
1071,n1906-011,71,1:simple-historical-word,kha-n1906-000959,kyndit,kyndit,verb,word,62,0.975,no,pending,yes
1072,n1906-011,72,1:simple-historical-word,kha-n1906-000961,kyndok,kyndok,noun,word,62,0.975,no,pending,yes
1073,n1906-011,73,1:simple-historical-word,kha-n1906-000962,kyndong,kyndong,noun,word,62,0.975,no,pending,yes
1074,n1906-011,74,1:simple-historical-word,kha-n1906-000963,kyndop,kyndop,adverb,word,63,0.975,no,pending,yes
1075,n1906-011,75,1:simple-historical-word,kha-n1906-000966,kyndrip,kyndrip,adjective,word,63,0.975,no,pending,yes
1076,n1906-011,76,1:simple-historical-word,kha-n1906-000964,kynduh,kynduh,verb,word,63,0.975,no,pending,yes
1077,n1906-011,77,1:simple-historical-word,kha-n1906-000967,kynha,kynha,verb,word,63,0.975,no,pending,yes
1078,n1906-011,78,1:simple-historical-word,kha-n1906-000968,kynham,kynham,verb,word,63,0.975,no,pending,yes
1079,n1906-011,79,1:simple-historical-word,kha-n1906-000969,kynhied,kynhied,verb,word,63,0.975,no,pending,yes
1080,n1906-011,80,1:simple-historical-word,kha-n1906-000970,kynhoi,kynhoi,verb,word,63,0.975,no,pending,yes
1081,n1906-011,81,1:simple-historical-word,kha-n1906-000971,kynhun,kynhun,noun,word,63,0.975,no,pending,yes
1082,n1906-011,82,1:simple-historical-word,kha-n1906-000974,kynja,kynja,noun,word,63,0.975,no,pending,yes
1083,n1906-011,83,1:simple-historical-word,kha-n1906-000976,kynjai,kynjai,adverb,word,63,0.975,no,pending,yes
1084,n1906-011,84,1:simple-historical-word,kha-n1906-000977,kynjat,kynjat,verb,word,63,0.975,no,pending,yes
1085,n1906-011,85,1:simple-historical-word,kha-n1906-000979,kynjib,kynjib,verb,word,64,0.975,no,pending,yes
1086,n1906-011,86,1:simple-historical-word,kha-n1906-000990,kynjiih,kynjiih,verb,word,64,0.975,no,pending,yes
1087,n1906-011,87,1:simple-historical-word,kha-n1906-000978,kynjing,kynjing,verb,word,63,0.975,no,pending,yes
1088,n1906-011,88,1:simple-historical-word,kha-n1906-000980,kynjlar,kynjlar,adverb,word,64,0.975,no,pending,yes
1089,n1906-011,89,1:simple-historical-word,kha-n1906-000983,kynjoh,kynjoh,verb,word,64,0.975,no,pending,yes
1090,n1906-011,90,1:simple-historical-word,kha-n1906-000982,kynjong,kynjong,adverb,word,64,0.975,no,pending,yes
1091,n1906-011,91,1:simple-historical-word,kha-n1906-000985,kynjrait,kynjrait,verb,word,64,0.975,no,pending,yes
1092,n1906-011,92,1:simple-historical-word,kha-n1906-000986,kynjri,kynjri,noun,word,64,0.975,no,pending,yes
1093,n1906-011,93,1:simple-historical-word,kha-n1906-000989,kynjrot,kynjrot,verb,word,64,0.975,no,pending,yes
1094,n1906-011,94,1:simple-historical-word,kha-n1906-000991,kynjuin,kynjuin,adverb,word,64,0.975,no,pending,yes
1095,n1906-011,95,1:simple-historical-word,kha-n1906-000981,kynjuot,kynjuot,adverb,word,64,0.975,no,pending,yes
1096,n1906-011,96,1:simple-historical-word,kha-n1906-000947,kynkhlek,kynkhlek,verb,word,62,0.975,no,pending,yes
1097,n1906-011,97,1:simple-historical-word,kha-n1906-000948,kynkok,kynkok,verb,word,62,0.975,no,pending,yes
1098,n1906-011,98,1:simple-historical-word,kha-n1906-000993,kynmaw,kynmaw,verb,word,64,0.975,no,pending,yes
1099,n1906-011,99,1:simple-historical-word,kha-n1906-000994,kynnit,kynnit,adverb,word,64,0.975,no,pending,yes
1100,n1906-011,100,1:simple-historical-word,kha-n1906-000995,kynnoh,kynnoh,verb,word,65,0.975,no,pending,yes
1101,n1906-012,1,1:simple-historical-word,kha-n1906-000996,kynpha,kynpha,verb,word,65,0.975,no,pending,yes
1102,n1906-012,2,1:simple-historical-word,kha-n1906-000997,kynphara,kynphara,verb,word,65,0.975,no,pending,yes
1103,n1906-012,3,1:simple-historical-word,kha-n1906-000998,kynphat,kynphat,noun,word,65,0.975,no,pending,yes
1104,n1906-012,4,1:simple-historical-word,kha-n1906-000999,kynphia,kynphia,verb,word,65,0.975,no,pending,yes
1105,n1906-012,5,1:simple-historical-word,kha-n1906-001000,kynphot,kynphot,adverb,word,65,0.975,no,pending,yes
1106,n1906-012,6,1:simple-historical-word,kha-n1906-001001,kynphui,kynphui,verb,word,65,0.975,no,pending,yes
1107,n1906-012,7,1:simple-historical-word,kha-n1906-001002,kynphuit,kynphuit,verb,word,65,0.975,no,pending,yes
1108,n1906-012,8,1:simple-historical-word,kha-n1906-001004,kynphur,kynphur,adverb,word,65,0.975,no,pending,yes
1109,n1906-012,9,1:simple-historical-word,kha-n1906-001005,kynplam,kynplam,verb,word,65,0.975,no,pending,yes
1110,n1906-012,10,1:simple-historical-word,kha-n1906-001006,kynrad,kynrad,noun,word,65,0.975,no,pending,yes
1111,n1906-012,11,1:simple-historical-word,kha-n1906-001008,kynran,kynran,verb,word,65,0.975,no,pending,yes
1112,n1906-012,12,1:simple-historical-word,kha-n1906-001007,kynrang,kynrang,verb,word,65,0.975,no,pending,yes
1113,n1906-012,13,1:simple-historical-word,kha-n1906-001010,kynrei,kynrei,adjective,word,65,0.975,no,pending,yes
1114,n1906-012,14,1:simple-historical-word,kha-n1906-001009,kynreng,kynreng,adverb,word,65,0.975,no,pending,yes
1115,n1906-012,15,1:simple-historical-word,kha-n1906-001012,kynriah,kynriah,verb,word,65,0.975,no,pending,yes
1116,n1906-012,16,1:simple-historical-word,kha-n1906-001011,kynriang,kynriang,adjective,word,65,0.975,no,pending,yes
1117,n1906-012,17,1:simple-historical-word,kha-n1906-001013,kynrih,kynrih,verb,word,65,0.975,no,pending,yes
1118,n1906-012,18,1:simple-historical-word,kha-n1906-001014,kynro,kynro,verb,word,65,0.975,no,pending,yes
1119,n1906-012,19,1:simple-historical-word,kha-n1906-001017,kynroh,kynroh,noun,word,65,0.975,no,pending,yes
1120,n1906-012,20,1:simple-historical-word,kha-n1906-001018,kynroi,kynroi,verb,word,65,0.975,no,pending,yes
1121,n1906-012,21,1:simple-historical-word,kha-n1906-001015,kynrong,kynrong,verb,word,65,0.975,no,pending,yes
1122,n1906-012,22,1:simple-historical-word,kha-n1906-001020,kynruh,kynruh,verb,word,66,0.975,no,pending,yes
1123,n1906-012,23,1:simple-historical-word,kha-n1906-001022,kynrup,kynrup,verb,word,66,0.975,no,pending,yes
1124,n1906-012,24,1:simple-historical-word,kha-n1906-001023,kynsah,kynsah,verb,word,66,0.975,no,pending,yes
1125,n1906-012,25,1:simple-historical-word,kha-n1906-001024,kynsai,kynsai,adjective,word,66,0.975,no,pending,yes
1126,n1906-012,26,1:simple-historical-word,kha-n1906-001025,kynsan,kynsan,adverb,word,66,0.975,no,pending,yes
1127,n1906-012,27,1:simple-historical-word,kha-n1906-001026,kynsat,kynsat,verb,word,66,0.975,no,pending,yes
1128,n1906-012,28,1:simple-historical-word,kha-n1906-001027,kynsha,kynsha,adjective,word,66,0.975,no,pending,yes
1129,n1906-012,29,1:simple-historical-word,kha-n1906-001028,kynshah,kynshah,verb,word,66,0.975,no,pending,yes
1130,n1906-012,30,1:simple-historical-word,kha-n1906-001029,kynshew,kynshew,verb,word,66,0.975,no,pending,yes
1131,n1906-012,31,1:simple-historical-word,kha-n1906-001030,kynshin,kynshin,verb,word,66,0.975,no,pending,yes
1132,n1906-012,32,1:simple-historical-word,kha-n1906-001031,kynshoit,kynshoit,verb,word,66,0.975,no,pending,yes
1133,n1906-012,33,1:simple-historical-word,kha-n1906-001032,kynshu,kynshu,verb,word,66,0.975,no,pending,yes
1134,n1906-012,34,1:simple-historical-word,kha-n1906-001033,kynshur,kynshur,verb,word,66,0.975,no,pending,yes
1135,n1906-012,35,1:simple-historical-word,kha-n1906-001035,kynsia,kynsia,verb,word,66,0.975,no,pending,yes
1136,n1906-012,36,1:simple-historical-word,kha-n1906-001036,kynsit,kynsit,verb,word,66,0.975,no,pending,yes
1137,n1906-012,37,1:simple-historical-word,kha-n1906-001037,kynslut,kynslut,verb,word,66,0.975,no,pending,yes
1138,n1906-012,38,1:simple-historical-word,kha-n1906-001038,kynsnok,kynsnok,verb,word,66,0.975,no,pending,yes
1139,n1906-012,39,1:simple-historical-word,kha-n1906-001039,kyntait,kyntait,verb,word,66,0.975,no,pending,yes
1140,n1906-012,40,1:simple-historical-word,kha-n1906-001040,kyntang,kyntang,adjective,word,66,0.975,no,pending,yes
1141,n1906-012,41,1:simple-historical-word,kha-n1906-001043,kyntar,kyntar,adverb,word,67,0.975,no,pending,yes
1142,n1906-012,42,1:simple-historical-word,kha-n1906-001044,kyntcm,kyntcm,noun,word,67,0.975,no,pending,yes
1143,n1906-012,43,1:simple-historical-word,kha-n1906-001047,kynthah,kynthah,verb,word,67,0.975,no,pending,yes
1144,n1906-012,44,1:simple-historical-word,kha-n1906-001048,kynthai,kynthai,adverb,word,67,0.975,no,pending,yes
1145,n1906-012,45,1:simple-historical-word,kha-n1906-001046,kynthak,kynthak,adverb,word,67,0.975,no,pending,yes
1146,n1906-012,46,1:simple-historical-word,kha-n1906-001049,kynthap,kynthap,verb,word,67,0.975,no,pending,yes
1147,n1906-012,47,1:simple-historical-word,kha-n1906-001050,kynthei,kynthei,noun,word,67,0.975,no,pending,yes
1148,n1906-012,48,1:simple-historical-word,kha-n1906-001051,kynthem,kynthem,adverb,word,67,0.975,no,pending,yes
1149,n1906-012,49,1:simple-historical-word,kha-n1906-001052,kynthen,kynthen,adverb,word,67,0.975,no,pending,yes
1150,n1906-012,50,1:simple-historical-word,kha-n1906-001053,kynther,kynther,verb,word,67,0.975,no,pending,yes
1151,n1906-012,51,1:simple-historical-word,kha-n1906-001055,kynthew,kynthew,adverb,word,67,0.975,no,pending,yes
1152,n1906-012,52,1:simple-historical-word,kha-n1906-001056,kynthiak,kynthiak,adverb,word,67,0.975,no,pending,yes
1153,n1906-012,53,1:simple-historical-word,kha-n1906-001057,kynthiap,kynthiap,adverb,word,67,0.975,no,pending,yes
1154,n1906-012,54,1:simple-historical-word,kha-n1906-001059,kynthlap,kynthlap,verb,word,68,0.975,no,pending,yes
1155,n1906-012,55,1:simple-historical-word,kha-n1906-001060,kynthong,kynthong,adverb,word,68,0.975,no,pending,yes
1156,n1906-012,56,1:simple-historical-word,kha-n1906-001063,kynthun,kynthun,adverb,word,68,0.975,no,pending,yes
1157,n1906-012,57,1:simple-historical-word,kha-n1906-001062,kynthung,kynthung,adverb,word,68,0.975,no,pending,yes
1158,n1906-012,58,1:simple-historical-word,kha-n1906-001064,kynthup,kynthup,adverb,word,68,0.975,no,pending,yes
1159,n1906-012,59,1:simple-historical-word,kha-n1906-001065,kynthur,kynthur,adverb,word,68,0.975,no,pending,yes
1160,n1906-012,60,1:simple-historical-word,kha-n1906-001066,kynti,kynti,verb,word,68,0.975,no,pending,yes
1161,n1906-012,61,1:simple-historical-word,kha-n1906-001067,kyntiak,kyntiak,adjective,word,68,0.975,no,pending,yes
1162,n1906-012,62,1:simple-historical-word,kha-n1906-001068,kyntiang,kyntiang,verb,word,68,0.975,no,pending,yes
1163,n1906-012,63,1:simple-historical-word,kha-n1906-001070,kyntien,kyntien,noun,word,68,0.975,no,pending,yes
1164,n1906-012,64,1:simple-historical-word,kha-n1906-001071,kyntiew,kyntiew,verb,word,68,0.975,no,pending,yes
1165,n1906-012,65,1:simple-historical-word,kha-n1906-001083,kyntiip,kyntiip,adverb,word,69,0.975,no,pending,yes
1166,n1906-012,66,1:simple-historical-word,kha-n1906-001069,kyntik,kyntik,verb,word,68,0.975,no,pending,yes
1167,n1906-012,67,1:simple-historical-word,kha-n1906-001074,kynting,kynting,verb,word,68,0.975,no,pending,yes
1168,n1906-012,68,1:simple-historical-word,kha-n1906-001075,kyntip,kyntip,verb,word,68,0.975,no,pending,yes
1169,n1906-012,69,1:simple-historical-word,kha-n1906-001076,kyntir,kyntir,adverb,word,68,0.975,no,pending,yes
1170,n1906-012,70,1:simple-historical-word,kha-n1906-001061,kyntlioh,kyntlioh,verb,word,68,0.975,no,pending,yes
1171,n1906-012,71,1:simple-historical-word,kha-n1906-001078,kyntoi,kyntoi,adverb,word,69,0.975,no,pending,yes
1172,n1906-012,72,1:simple-historical-word,kha-n1906-001079,kyntoit,kyntoit,noun,word,69,0.975,no,pending,yes
1173,n1906-012,73,1:simple-historical-word,kha-n1906-001077,kyntong,kyntong,adjective,word,69,0.975,no,pending,yes
1174,n1906-012,74,1:simple-historical-word,kha-n1906-001081,kyntui,kyntui,adverb,word,69,0.975,no,pending,yes
1175,n1906-012,75,1:simple-historical-word,kha-n1906-001082,kyntuit,kyntuit,verb,word,69,0.975,no,pending,yes
1176,n1906-012,76,1:simple-historical-word,kha-n1906-001080,kyntung,kyntung,adjective,word,69,0.975,no,pending,yes
1177,n1906-012,77,1:simple-historical-word,kha-n1906-001084,kyntur,kyntur,verb,word,69,0.975,no,pending,yes
1178,n1906-012,78,1:simple-historical-word,kha-n1906-001087,kyoh,kyoh,noun,word,69,0.975,no,pending,yes
1179,n1906-012,79,1:simple-historical-word,kha-n1906-001091,kyrbam,kyrbam,verb,word,69,0.975,no,pending,yes
1180,n1906-012,80,1:simple-historical-word,kha-n1906-001092,kyrbei,kyrbei,noun,word,69,0.975,no,pending,yes
1181,n1906-012,81,1:simple-historical-word,kha-n1906-001093,kyrbeit,kyrbeit,adjective,word,69,0.975,no,pending,yes
1182,n1906-012,82,1:simple-historical-word,kha-n1906-001100,kyrda,kyrda,verb,word,70,0.975,no,pending,yes
1183,n1906-012,83,1:simple-historical-word,kha-n1906-001101,kyrdan,kyrdan,noun,word,70,0.975,no,pending,yes
1184,n1906-012,84,1:simple-historical-word,kha-n1906-001102,kyrdat,kyrdat,adverb,word,70,0.975,no,pending,yes
1185,n1906-012,85,1:simple-historical-word,kha-n1906-001104,kyrdoh,kyrdoh,verb,word,70,0.975,no,pending,yes
1186,n1906-012,86,1:simple-historical-word,kha-n1906-001105,kyrdot,kyrdot,adverb,word,70,0.975,no,pending,yes
1187,n1906-012,87,1:simple-historical-word,kha-n1906-001106,kyrduh,kyrduh,adjective,word,70,0.975,no,pending,yes
1188,n1906-012,88,1:simple-historical-word,kha-n1906-001107,kyrdut,kyrdut,adverb,word,70,0.975,no,pending,yes
1189,n1906-012,89,1:simple-historical-word,kha-n1906-001114,kyrhai,kyrhai,adjective,word,70,0.975,no,pending,yes
1190,n1906-012,90,1:simple-historical-word,kha-n1906-001115,kyrhieh,kyrhieh,verb,word,70,0.975,no,pending,yes
1191,n1906-012,91,1:simple-historical-word,kha-n1906-001094,kyrkait,kyrkait,verb,word,69,0.975,no,pending,yes
1192,n1906-012,92,1:simple-historical-word,kha-n1906-001095,kyrkhait,kyrkhait,verb,word,69,0.975,no,pending,yes
1193,n1906-012,93,1:simple-historical-word,kha-n1906-001096,kyrkhu,kyrkhu,verb,word,69,0.975,no,pending,yes
1194,n1906-012,94,1:simple-historical-word,kha-n1906-001097,kyrkieh,kyrkieh,verb,word,69,0.975,no,pending,yes
1195,n1906-012,95,1:simple-historical-word,kha-n1906-001098,kyrking,kyrking,adverb,word,70,0.975,no,pending,yes
1196,n1906-012,96,1:simple-historical-word,kha-n1906-001099,kyrkoh,kyrkoh,verb,word,70,0.975,no,pending,yes
1197,n1906-012,97,1:simple-historical-word,kha-n1906-001120,kyrmen,kyrmen,verb,word,71,0.975,no,pending,yes
1198,n1906-012,98,1:simple-historical-word,kha-n1906-001109,kyrngah,kyrngah,verb,word,70,0.975,no,pending,yes
1199,n1906-012,99,1:simple-historical-word,kha-n1906-001111,kyrngaid,kyrngaid,verb,word,70,0.975,no,pending,yes
1200,n1906-012,100,1:simple-historical-word,kha-n1906-001110,kyrngang,kyrngang,adverb,word,70,0.975,no,pending,yes
1201,n1906-013,1,1:simple-historical-word,kha-n1906-001112,kyrngem,kyrngem,noun,word,70,0.975,no,pending,yes
1202,n1906-013,2,1:simple-historical-word,kha-n1906-001113,kyrngong,kyrngong,adverb,word,70,0.975,no,pending,yes
1203,n1906-013,3,1:simple-historical-word,kha-n1906-001121,kyrni,kyrni,adjective,word,71,0.975,no,pending,yes
1204,n1906-013,4,1:simple-historical-word,kha-n1906-001123,kyrpang,kyrpang,adverb,word,71,0.975,no,pending,yes
1205,n1906-013,5,1:simple-historical-word,kha-n1906-001124,kyrpong,kyrpong,noun,word,71,0.975,no,pending,yes
1206,n1906-013,6,1:simple-historical-word,kha-n1906-001128,kyrsbah,kyrsbah,verb,word,71,0.975,no,pending,yes
1207,n1906-013,7,1:simple-historical-word,kha-n1906-001130,kyrshung,kyrshung,adjective,word,71,0.975,no,pending,yes
1208,n1906-013,8,1:simple-historical-word,kha-n1906-001131,kyrshut,kyrshut,adjective,word,71,0.975,no,pending,yes
1209,n1906-013,9,1:simple-historical-word,kha-n1906-001132,kyrsia,kyrsia,verb,word,71,0.975,no,pending,yes
1210,n1906-013,10,1:simple-historical-word,kha-n1906-001133,kyrsiew,kyrsiew,verb,word,71,0.975,no,pending,yes
1211,n1906-013,11,1:simple-historical-word,kha-n1906-001134,kyrsih,kyrsih,verb,word,71,0.975,no,pending,yes
1212,n1906-013,12,1:simple-historical-word,kha-n1906-001136,kyrsoi,kyrsoi,verb,word,72,0.975,no,pending,yes
1213,n1906-013,13,1:simple-historical-word,kha-n1906-001135,kyrsong,kyrsong,verb,word,72,0.975,no,pending,yes
1214,n1906-013,14,1:simple-historical-word,kha-n1906-001137,kyrsuh,kyrsuh,verb,word,72,0.975,no,pending,yes
1215,n1906-013,15,1:simple-historical-word,kha-n1906-001138,kyrsum,kyrsum,verb,word,72,0.975,no,pending,yes
1216,n1906-013,16,1:simple-historical-word,kha-n1906-001139,kyrteng,kyrteng,verb,word,72,0.975,no,pending,yes
1217,n1906-013,17,1:simple-historical-word,kha-n1906-001141,kyrthat,kyrthat,verb,word,72,0.975,no,pending,yes
1218,n1906-013,18,1:simple-historical-word,kha-n1906-001140,kyrthdi,kyrthdi,verb,word,72,0.975,no,pending,yes
1219,n1906-013,19,1:simple-historical-word,kha-n1906-001142,kyrthiaw,kyrthiaw,verb,word,72,0.975,no,pending,yes
1220,n1906-013,20,1:simple-historical-word,kha-n1906-001143,kyrthom,kyrthom,verb,word,72,0.975,no,pending,yes
1221,n1906-013,21,1:simple-historical-word,kha-n1906-001144,kyrthup,kyrthup,verb,word,72,0.975,no,pending,yes
1222,n1906-013,22,1:simple-historical-word,kha-n1906-001146,kyrtiah,kyrtiah,noun,word,72,0.975,no,pending,yes
1223,n1906-013,23,1:simple-historical-word,kha-n1906-001145,kyrtiang,kyrtiang,verb,word,72,0.975,no,pending,yes
1224,n1906-013,24,1:simple-historical-word,kha-n1906-001147,kyrtoh,kyrtoh,verb,word,72,0.975,no,pending,yes
1225,n1906-013,25,1:simple-historical-word,kha-n1906-001149,kyrweng,kyrweng,adverb,word,72,0.975,no,pending,yes
1226,n1906-013,26,1:simple-historical-word,kha-n1906-001150,kyrwiang,kyrwiang,verb,word,72,0.975,no,pending,yes
1227,n1906-013,27,1:simple-historical-word,kha-n1906-001151,kyrwoh,kyrwoh,noun,word,72,0.975,no,pending,yes
1228,n1906-013,28,1:simple-historical-word,kha-n1906-000953,kyuddr,kyuddr,verb,word,62,0.975,no,pending,yes
1229,n1906-013,29,1:simple-historical-word,kha-n1906-000946,kyukaw,kyukaw,verb,word,62,0.975,no,pending,yes
1230,n1906-013,30,1:simple-historical-word,kha-n1906-001874,l'eit,l'eit,noun,word,129,0.975,no,pending,yes
1231,n1906-013,31,1:simple-historical-word,kha-n1906-001899,l'hoh,l'hoh,adjective,word,131,0.975,no,pending,yes
1232,n1906-013,32,1:simple-historical-word,kha-n1906-001926,l'iur,l'iur,noun,word,132,0.975,no,pending,yes
1233,n1906-013,33,1:simple-historical-word,kha-n1906-001769,lad,lad,noun,word,122,0.975,no,pending,yes
1234,n1906-013,34,1:simple-historical-word,kha-n1906-001770,lada,lada,conjunction,word,122,0.975,no,pending,yes
1235,n1906-013,35,1:simple-historical-word,kha-n1906-001771,ladang,ladang,conjunction,word,122,0.975,no,pending,yes
1236,n1906-013,36,1:simple-historical-word,kha-n1906-001772,lade,lade,pronoun,word,122,0.975,no,pending,yes
1237,n1906-013,37,1:simple-historical-word,kha-n1906-001780,lai,lai,adjective,word,122,0.975,no,pending,yes
1238,n1906-013,38,1:simple-historical-word,kha-n1906-001781,lain,lain,adverb,word,122,0.975,no,pending,yes
1239,n1906-013,39,1:simple-historical-word,kha-n1906-001789,laitsang,laitsang,verb,word,123,0.975,no,pending,yes
1240,n1906-013,40,1:simple-historical-word,kha-n1906-001768,lakam,lakam,noun,word,122,0.975,no,pending,yes
1241,n1906-013,41,1:simple-historical-word,kha-n1906-001792,lali,lali,adjective,word,123,0.975,no,pending,yes
1242,n1906-013,42,1:simple-historical-word,kha-n1906-001794,lalot,lalot,adjective,word,123,0.975,no,pending,yes
1243,n1906-013,43,1:simple-historical-word,kha-n1906-001795,lam,lam,verb,word,123,0.975,no,pending,yes
1244,n1906-013,44,1:simple-historical-word,kha-n1906-001796,lamdoh,lamdoh,verb,word,123,0.975,no,pending,yes
1245,n1906-013,45,1:simple-historical-word,kha-n1906-001798,lamher,lamher,adverb,word,124,0.975,no,pending,yes
1246,n1906-013,46,1:simple-historical-word,kha-n1906-001799,lamler,lamler,verb,word,124,0.975,no,pending,yes
1247,n1906-013,47,1:simple-historical-word,kha-n1906-001800,lamphrang,lamphrang,verb,word,124,0.975,no,pending,yes
1248,n1906-013,48,1:simple-historical-word,kha-n1906-001801,lamwir,lamwir,adjective,word,124,0.975,no,pending,yes
1249,n1906-013,49,1:simple-historical-word,kha-n1906-001802,lane,lane,conjunction,word,124,0.975,no,pending,yes
1250,n1906-013,50,1:simple-historical-word,kha-n1906-001773,lang,lang,adverb,word,122,0.975,no,pending,yes
1251,n1906-013,51,1:simple-historical-word,kha-n1906-001779,langtati,langtati,noun,word,122,0.975,no,pending,yes
1252,n1906-013,52,1:simple-historical-word,kha-n1906-001805,lanymwei,lanymwei,adverb,word,124,0.975,no,pending,yes
1253,n1906-013,53,1:simple-historical-word,kha-n1906-001806,lap,lap,verb,word,124,0.975,no,pending,yes
1254,n1906-013,54,1:simple-historical-word,kha-n1906-001807,lapadong,lapadong,noun,word,124,0.975,no,pending,yes
1255,n1906-013,55,1:simple-historical-word,kha-n1906-001812,laplah,laplah,adverb,word,124,0.975,no,pending,yes
1256,n1906-013,56,1:simple-historical-word,kha-n1906-001813,larkam,larkam,adjective,word,125,0.975,no,pending,yes
1257,n1906-013,57,1:simple-historical-word,kha-n1906-001815,laryndia,laryndia,noun,word,125,0.975,no,pending,yes
1258,n1906-013,58,1:simple-historical-word,kha-n1906-001816,lasawia,lasawia,adverb,word,125,0.975,no,pending,yes
1259,n1906-013,59,1:simple-historical-word,kha-n1906-001818,lashai,lashai,adverb,word,125,0.975,no,pending,yes
1260,n1906-013,60,1:simple-historical-word,kha-n1906-001820,lashisngi,lashisngi,noun,word,125,0.975,no,pending,yes
1261,n1906-013,61,1:simple-historical-word,kha-n1906-001821,lasiit,lasiit,adverb,word,125,0.975,no,pending,yes
1262,n1906-013,62,1:simple-historical-word,kha-n1906-001817,lasir,lasir,noun,word,125,0.975,no,pending,yes
1263,n1906-013,63,1:simple-historical-word,kha-n1906-001822,latai,latai,noun,word,125,0.975,no,pending,yes
1264,n1906-013,64,1:simple-historical-word,kha-n1906-001823,lati,lati,adjective,word,125,0.975,no,pending,yes
1265,n1906-013,65,1:simple-historical-word,kha-n1906-001825,latohtih,latohtih,noun,word,125,0.975,no,pending,yes
1266,n1906-013,66,1:simple-historical-word,kha-n1906-001803,lauo,lauo,adverb,word,124,0.975,no,pending,yes
1267,n1906-013,67,1:simple-historical-word,kha-n1906-001830,lawlynnong,lawlynnong,noun,word,126,0.975,no,pending,yes
1268,n1906-013,68,1:simple-historical-word,kha-n1906-001831,lbaug,lbaug,adverb,word,126,0.975,no,pending,yes
1269,n1906-013,69,1:simple-historical-word,kha-n1906-001833,lboit,lboit,adverb,word,126,0.975,no,pending,yes
1270,n1906-013,70,1:simple-historical-word,kha-n1906-001832,lbong,lbong,noun,word,126,0.975,no,pending,yes
1271,n1906-013,71,1:simple-historical-word,kha-n1906-001857,lchmynleh,lchmynleh,verb,word,127,0.975,no,pending,yes
1272,n1906-013,72,1:simple-historical-word,kha-n1906-001844,ldang,ldang,adverb,word,126,0.975,no,pending,yes
1273,n1906-013,73,1:simple-historical-word,kha-n1906-001845,ldat,ldat,adverb,word,127,0.975,no,pending,yes
1274,n1906-013,74,1:simple-historical-word,kha-n1906-001846,ldui,ldui,adverb,word,127,0.975,no,pending,yes
1275,n1906-013,75,1:simple-historical-word,kha-n1906-001859,lebrit,lebrit,verb,word,128,0.975,no,pending,yes
1276,n1906-013,76,1:simple-historical-word,kha-n1906-001853,lehdiaw,lehdiaw,verb,word,127,0.975,no,pending,yes
1277,n1906-013,77,1:simple-historical-word,kha-n1906-001851,lehkdi,lehkdi,verb,word,127,0.975,no,pending,yes
1278,n1906-013,78,1:simple-historical-word,kha-n1906-001852,lehkhynraw,lehkhynraw,verb,word,127,0.975,no,pending,yes
1279,n1906-013,79,1:simple-historical-word,kha-n1906-001860,lehroh,lehroh,verb,word,128,0.975,no,pending,yes
1280,n1906-013,80,1:simple-historical-word,kha-n1906-001861,lehrong,lehrong,verb,word,128,0.975,no,pending,yes
1281,n1906-013,81,1:simple-historical-word,kha-n1906-001862,lehsa,lehsa,verb,word,128,0.975,no,pending,yes
1282,n1906-013,82,1:simple-historical-word,kha-n1906-001863,lehse,lehse,adverb,word,128,0.975,no,pending,yes
1283,n1906-013,83,1:simple-historical-word,kha-n1906-001864,lehsih,lehsih,verb,word,128,0.975,no,pending,yes
1284,n1906-013,84,1:simple-historical-word,kha-n1906-001865,lehsting,lehsting,verb,word,128,0.975,no,pending,yes
1285,n1906-013,85,1:simple-historical-word,kha-n1906-001868,lei,lei,adverb,word,128,0.975,no,pending,yes
1286,n1906-013,86,1:simple-historical-word,kha-n1906-001879,leitkhyndew,leitkhyndew,verb,word,129,0.975,no,pending,yes
1287,n1906-013,87,1:simple-historical-word,kha-n1906-001884,leitrud,leitrud,verb,word,129,0.975,no,pending,yes
1288,n1906-013,88,1:simple-historical-word,kha-n1906-001847,lengleng,lengleng,adverb,word,127,0.975,no,pending,yes
1289,n1906-013,89,1:simple-historical-word,kha-n1906-001888,lep,lep,adverb,word,130,0.975,no,pending,yes
1290,n1906-013,90,1:simple-historical-word,kha-n1906-001892,lew,lew,adverb,word,130,0.975,no,pending,yes
1291,n1906-013,91,1:simple-historical-word,kha-n1906-001895,lhen,lhen,adverb,word,130,0.975,no,pending,yes
1292,n1906-013,92,1:simple-historical-word,kha-n1906-001896,lhep,lhep,adverb,word,130,0.975,no,pending,yes
1293,n1906-013,93,1:simple-historical-word,kha-n1906-001897,lhieh,lhieh,adjective,word,131,0.975,no,pending,yes
1294,n1906-013,94,1:simple-historical-word,kha-n1906-001898,lhon,lhon,adverb,word,131,0.975,no,pending,yes
1295,n1906-013,95,1:simple-historical-word,kha-n1906-001900,li,li,adverb,word,131,0.975,no,pending,yes
1296,n1906-013,96,1:simple-historical-word,kha-n1906-001901,liak,liak,adverb,word,131,0.975,no,pending,yes
1297,n1906-013,97,1:simple-historical-word,kha-n1906-001904,liam,liam,adverb,word,131,0.975,no,pending,yes
1298,n1906-013,98,1:simple-historical-word,kha-n1906-001905,lian,lian,adverb,word,131,0.975,no,pending,yes
1299,n1906-013,99,1:simple-historical-word,kha-n1906-001902,liang,liang,noun,word,131,0.975,no,pending,yes
1300,n1906-013,100,1:simple-historical-word,kha-n1906-001911,liaw,liaw,adverb,word,131,0.975,no,pending,yes
1301,n1906-014,1,1:simple-historical-word,kha-n1906-001912,lieb,lieb,adverb,word,131,0.975,no,pending,yes
1302,n1906-014,2,1:simple-historical-word,kha-n1906-001916,lieh,lieh,adjective,word,132,0.975,no,pending,yes
1303,n1906-014,3,1:simple-historical-word,kha-n1906-001918,liem,liem,verb,word,132,0.975,no,pending,yes
1304,n1906-014,4,1:simple-historical-word,kha-n1906-001914,liengiapom,liengiapom,noun,word,132,0.975,no,pending,yes
1305,n1906-014,5,1:simple-historical-word,kha-n1906-001913,liengkynda,liengkynda,noun,word,132,0.975,no,pending,yes
1306,n1906-014,6,1:simple-historical-word,kha-n1906-001947,liib,liib,adjective,word,135,0.975,no,pending,yes
1307,n1906-014,7,1:simple-historical-word,kha-n1906-001921,lilam,lilam,noun,word,132,0.975,no,pending,yes
1308,n1906-014,8,1:simple-historical-word,kha-n1906-001922,lilipenpen,lilipenpen,adjective,word,132,0.975,no,pending,yes
1309,n1906-014,9,1:simple-historical-word,kha-n1906-001923,lin,lin,adverb,word,132,0.975,no,pending,yes
1310,n1906-014,10,1:simple-historical-word,kha-n1906-001924,lir,lir,noun,word,132,0.975,no,pending,yes
1311,n1906-014,11,1:simple-historical-word,kha-n1906-001927,liw,liw,adverb,word,132,0.975,no,pending,yes
1312,n1906-014,12,1:simple-historical-word,kha-n1906-001834,lkai,lkai,adverb,word,126,0.975,no,pending,yes
1313,n1906-014,13,1:simple-historical-word,kha-n1906-001837,lkhai,lkhai,adjective,word,126,0.975,no,pending,yes
1314,n1906-014,14,1:simple-historical-word,kha-n1906-001836,lkhang,lkhang,adverb,word,126,0.975,no,pending,yes
1315,n1906-014,15,1:simple-historical-word,kha-n1906-001838,lkhoit,lkhoit,adverb,word,126,0.975,no,pending,yes
1316,n1906-014,16,1:simple-historical-word,kha-n1906-001839,lkhuit,lkhuit,adverb,word,126,0.950,no,pending,yes
1317,n1906-014,17,1:simple-historical-word,kha-n1906-001841,lko,lko,adjective,word,126,0.975,no,pending,yes
1318,n1906-014,18,1:simple-historical-word,kha-n1906-001840,lkut,lkut,adverb,word,126,0.975,no,pending,yes
1319,n1906-014,19,1:simple-historical-word,kha-n1906-001928,lmang,lmang,adverb,word,133,0.975,no,pending,yes
1320,n1906-014,20,1:simple-historical-word,kha-n1906-001894,lngiar,lngiar,verb,word,130,0.975,no,pending,yes
1321,n1906-014,21,1:simple-historical-word,kha-n1906-001931,lok,lok,noun,word,133,0.975,no,pending,yes
1322,n1906-014,22,1:simple-historical-word,kha-n1906-001932,longbteng,longbteng,noun,word,133,0.975,no,pending,yes
1323,n1906-014,23,1:simple-historical-word,kha-n1906-001933,longbynriew,longbynriew,noun,word,133,0.975,no,pending,yes
1324,n1906-014,24,1:simple-historical-word,kha-n1906-001934,longkha,longkha,noun,word,133,0.975,no,pending,yes
1325,n1906-014,25,1:simple-historical-word,kha-n1906-001935,longra,longra,verb,word,133,0.975,no,pending,yes
1326,n1906-014,26,1:simple-historical-word,kha-n1906-001936,longrynieng,longrynieng,noun,word,133,0.975,no,pending,yes
1327,n1906-014,27,1:simple-historical-word,kha-n1906-001940,lorni,lorni,adjective,word,134,0.975,no,pending,yes
1328,n1906-014,28,1:simple-historical-word,kha-n1906-001941,lpa,lpa,adverb,word,134,0.975,no,pending,yes
1329,n1906-014,29,1:simple-historical-word,kha-n1906-001942,lpan,lpan,adverb,word,134,0.975,no,pending,yes
1330,n1906-014,30,1:simple-historical-word,kha-n1906-001943,lphung,lphung,adverb,word,134,0.975,no,pending,yes
1331,n1906-014,31,1:simple-historical-word,kha-n1906-001956,ltiin,ltiin,adjective,word,135,0.975,no,pending,yes
1332,n1906-014,32,1:simple-historical-word,kha-n1906-001957,ltim,ltim,noun,word,135,0.975,no,pending,yes
1333,n1906-014,33,1:simple-historical-word,kha-n1906-001959,ltm,ltm,noun,word,135,0.975,no,pending,yes
1334,n1906-014,34,1:simple-historical-word,kha-n1906-001945,luar,luar,noun,word,134,0.975,no,pending,yes
1335,n1906-014,35,1:simple-historical-word,kha-n1906-001949,lud,lud,adjective,word,135,0.975,no,pending,yes
1336,n1906-014,36,1:simple-historical-word,kha-n1906-001951,luen,luen,adverb,word,135,0.975,no,pending,yes
1337,n1906-014,37,1:simple-historical-word,kha-n1906-001950,lueng,lueng,adverb,word,135,0.975,no,pending,yes
1338,n1906-014,38,1:simple-historical-word,kha-n1906-001955,luin,luin,adverb,word,135,0.975,no,pending,yes
1339,n1906-014,39,1:simple-historical-word,kha-n1906-001948,luksan,luksan,verb,word,135,0.975,no,pending,yes
1340,n1906-014,40,1:simple-historical-word,kha-n1906-001952,lung,lung,adjective,word,135,0.975,no,pending,yes
1341,n1906-014,41,1:simple-historical-word,kha-n1906-001961,lushia,lushia,verb,word,135,0.975,no,pending,yes
1342,n1906-014,42,1:simple-historical-word,kha-n1906-001962,lut,lut,adjective,word,135,0.975,no,pending,yes
1343,n1906-014,43,1:simple-historical-word,kha-n1906-002053,lwa,lwa,noun,word,141,0.975,no,pending,yes
1344,n1906-014,44,1:simple-historical-word,kha-n1906-002054,lwai,lwai,noun,word,141,0.975,no,pending,yes
1345,n1906-014,45,1:simple-historical-word,kha-n1906-002055,lwait,lwait,adjective,word,141,0.975,no,pending,yes
1346,n1906-014,46,1:simple-historical-word,kha-n1906-002056,lwar,lwar,noun,word,141,0.975,no,pending,yes
1347,n1906-014,47,1:simple-historical-word,kha-n1906-002058,lwet,lwet,adjective,word,141,0.975,no,pending,yes
1348,n1906-014,48,1:simple-historical-word,kha-n1906-002059,lwit,lwit,adjective,word,141,0.975,no,pending,yes
1349,n1906-014,49,1:simple-historical-word,kha-n1906-002060,lwoi,lwoi,adverb,word,142,0.975,no,pending,yes
1350,n1906-014,50,1:simple-historical-word,kha-n1906-001964,lyais,lyais,adverb,word,136,0.975,no,pending,yes
1351,n1906-014,51,1:simple-historical-word,kha-n1906-001965,lyar,lyar,adverb,word,136,0.975,no,pending,yes
1352,n1906-014,52,1:simple-historical-word,kha-n1906-001967,lyeit,lyeit,noun,word,136,0.975,no,pending,yes
1353,n1906-014,53,1:simple-historical-word,kha-n1906-002015,lyhar,lyhar,adverb,word,139,0.975,no,pending,yes
1354,n1906-014,54,1:simple-historical-word,kha-n1906-001966,lykhit,lykhit,noun,word,136,0.975,no,pending,yes
1355,n1906-014,55,1:simple-historical-word,kha-n1906-002016,lylon,lylon,adverb,word,139,0.975,no,pending,yes
1356,n1906-014,56,1:simple-historical-word,kha-n1906-002019,lymbiang,lymbiang,adverb,word,139,0.975,no,pending,yes
1357,n1906-014,57,1:simple-historical-word,kha-n1906-002020,lymbit,lymbit,noun,word,139,0.975,no,pending,yes
1358,n1906-014,58,1:simple-historical-word,kha-n1906-002017,lymblier,lymblier,adverb,word,139,0.975,no,pending,yes
1359,n1906-014,59,1:simple-historical-word,kha-n1906-002021,lymbnep,lymbnep,adverb,word,139,0.975,no,pending,yes
1360,n1906-014,60,1:simple-historical-word,kha-n1906-002022,lymboit,lymboit,adjective,word,139,0.975,no,pending,yes
1361,n1906-014,61,1:simple-historical-word,kha-n1906-002023,lymbup,lymbup,verb,word,139,0.975,no,pending,yes
1362,n1906-014,62,1:simple-historical-word,kha-n1906-002024,lymda,lymda,conjunction,word,139,0.975,no,pending,yes
1363,n1906-014,63,1:simple-historical-word,kha-n1906-002025,lymmang,lymmang,adverb,word,139,0.975,no,pending,yes
1364,n1906-014,64,1:simple-historical-word,kha-n1906-002026,lymmuh,lymmuh,noun,word,139,0.975,no,pending,yes
1365,n1906-014,65,1:simple-historical-word,kha-n1906-002027,lympat,lympat,verb,word,139,0.975,no,pending,yes
1366,n1906-014,66,1:simple-historical-word,kha-n1906-002028,lympeh,lympeh,adverb,word,140,0.975,no,pending,yes
1367,n1906-014,67,1:simple-historical-word,kha-n1906-002029,lympen,lympen,adverb,word,140,0.975,no,pending,yes
1368,n1906-014,68,1:simple-historical-word,kha-n1906-002030,lymphiar,lymphiar,adverb,word,140,0.975,no,pending,yes
1369,n1906-014,69,1:simple-historical-word,kha-n1906-002031,lymphop,lymphop,verb,word,140,0.975,no,pending,yes
1370,n1906-014,70,1:simple-historical-word,kha-n1906-002032,lympung,lympung,noun,word,140,0.975,no,pending,yes
1371,n1906-014,71,1:simple-historical-word,kha-n1906-002035,lyndang,lyndang,adverb,word,140,0.975,no,pending,yes
1372,n1906-014,72,1:simple-historical-word,kha-n1906-002036,lyndet,lyndet,adverb,word,140,0.975,no,pending,yes
1373,n1906-014,73,1:simple-historical-word,kha-n1906-002037,lyndum,lyndum,adjective,word,140,0.975,no,pending,yes
1374,n1906-014,74,1:simple-historical-word,kha-n1906-002040,lynfiiar,lynfiiar,verb,word,140,0.975,no,pending,yes
1375,n1906-014,75,1:simple-historical-word,kha-n1906-001970,lyngbiang,lyngbiang,adjective,word,136,0.975,no,pending,yes
1376,n1906-014,76,1:simple-historical-word,kha-n1906-001987,lyngdhang,lyngdhang,adjective,word,137,0.975,no,pending,yes
1377,n1906-014,77,1:simple-historical-word,kha-n1906-001989,lyngdiim,lyngdiim,adjective,word,137,0.975,no,pending,yes
1378,n1906-014,78,1:simple-historical-word,kha-n1906-001988,lyngdoh,lyngdoh,noun,word,137,0.975,no,pending,yes
1379,n1906-014,79,1:simple-historical-word,kha-n1906-001990,lyngdykhnr,lyngdykhnr,noun,word,137,0.975,no,pending,yes
1380,n1906-014,80,1:simple-historical-word,kha-n1906-001992,lyngen,lyngen,adjective,word,137,0.975,no,pending,yes
1381,n1906-014,81,1:simple-historical-word,kha-n1906-001991,lyngeng,lyngeng,adverb,word,137,0.975,no,pending,yes
1382,n1906-014,82,1:simple-historical-word,kha-n1906-002004,lyngiej,lyngiej,adjective,word,138,0.975,no,pending,yes
1383,n1906-014,83,1:simple-historical-word,kha-n1906-001971,lyngka,lyngka,noun,word,136,0.975,no,pending,yes
1384,n1906-014,84,1:simple-historical-word,kha-n1906-001972,lyngkar,lyngkar,adverb,word,136,0.975,no,pending,yes
1385,n1906-014,85,1:simple-historical-word,kha-n1906-001973,lyngkdang,lyngkdang,adverb,word,136,0.975,no,pending,yes
1386,n1906-014,86,1:simple-historical-word,kha-n1906-001974,lyngkdong,lyngkdong,noun,word,136,0.975,no,pending,yes
1387,n1906-014,87,1:simple-historical-word,kha-n1906-001975,lyngkha,lyngkha,noun,word,136,0.975,no,pending,yes
1388,n1906-014,88,1:simple-historical-word,kha-n1906-001977,lyngkhot,lyngkhot,noun,word,136,0.975,no,pending,yes
1389,n1906-014,89,1:simple-historical-word,kha-n1906-001978,lyngkhuh,lyngkhuh,verb,word,136,0.975,no,pending,yes
1390,n1906-014,90,1:simple-historical-word,kha-n1906-001979,lyngkhuuid,lyngkhuuid,adjective,word,136,0.975,no,pending,yes
1391,n1906-014,91,1:simple-historical-word,kha-n1906-001980,lyngki,lyngki,adjective,word,136,0.975,no,pending,yes
1392,n1906-014,92,1:simple-historical-word,kha-n1906-001981,lyngkien,lyngkien,noun,word,136,0.975,no,pending,yes
1393,n1906-014,93,1:simple-historical-word,kha-n1906-001982,lyngknot,lyngknot,noun,word,137,0.975,no,pending,yes
1394,n1906-014,94,1:simple-historical-word,kha-n1906-001983,lyngkot,lyngkot,adjective,word,137,0.975,no,pending,yes
1395,n1906-014,95,1:simple-historical-word,kha-n1906-001984,lyngkut,lyngkut,adjective,word,137,0.975,no,pending,yes
1396,n1906-014,96,1:simple-historical-word,kha-n1906-001985,lyngkyrneng,lyngkyrneng,noun,word,137,0.975,no,pending,yes
1397,n1906-014,97,1:simple-historical-word,kha-n1906-001986,lyngkyrwiang,lyngkyrwiang,noun,word,137,0.975,no,pending,yes
1398,n1906-014,98,1:simple-historical-word,kha-n1906-002006,lynglit,lynglit,noun,word,138,0.975,no,pending,yes
1399,n1906-014,99,1:simple-historical-word,kha-n1906-002007,lynglun,lynglun,noun,word,138,0.975,no,pending,yes
1400,n1906-014,100,1:simple-historical-word,kha-n1906-001993,lyngngai,lyngngai,adverb,word,137,0.975,no,pending,yes
1401,n1906-015,1,1:simple-historical-word,kha-n1906-001995,lyngngeh,lyngngeh,adverb,word,138,0.975,no,pending,yes
1402,n1906-015,2,1:simple-historical-word,kha-n1906-001996,lyngngeit,lyngngeit,adverb,word,138,0.975,no,pending,yes
1403,n1906-015,3,1:simple-historical-word,kha-n1906-001997,lyngngiah,lyngngiah,adverb,word,138,0.975,no,pending,yes
1404,n1906-015,4,1:simple-historical-word,kha-n1906-002001,lyngngiin,lyngngiin,adverb,word,138,0.975,no,pending,yes
1405,n1906-015,5,1:simple-historical-word,kha-n1906-001999,lyngngon,lyngngon,adverb,word,138,0.975,no,pending,yes
1406,n1906-015,6,1:simple-historical-word,kha-n1906-002000,lyngngot,lyngngot,noun,word,138,0.975,no,pending,yes
1407,n1906-015,7,1:simple-historical-word,kha-n1906-002008,lyngraw,lyngraw,noun,word,138,0.975,no,pending,yes
1408,n1906-015,8,1:simple-historical-word,kha-n1906-002009,lyngrom,lyngrom,adverb,word,138,0.975,no,pending,yes
1409,n1906-015,9,1:simple-historical-word,kha-n1906-002010,lyngthen,lyngthen,adverb,word,138,0.975,no,pending,yes
1410,n1906-015,10,1:simple-historical-word,kha-n1906-002011,lyngthohdoh,lyngthohdoh,noun,word,139,0.975,no,pending,yes
1411,n1906-015,11,1:simple-historical-word,kha-n1906-001994,lyngugam,lyngugam,noun,word,137,0.975,no,pending,yes
1412,n1906-015,12,1:simple-historical-word,kha-n1906-002014,lyngwit,lyngwit,adverb,word,139,0.975,no,pending,yes
1413,n1906-015,13,1:simple-historical-word,kha-n1906-002039,lynniap,lynniap,noun,word,140,0.975,no,pending,yes
1414,n1906-015,14,1:simple-historical-word,kha-n1906-002042,lynrum,lynrum,adverb,word,140,0.975,no,pending,yes
1415,n1906-015,15,1:simple-historical-word,kha-n1906-002043,lynshop,lynshop,verb,word,140,0.975,no,pending,yes
1416,n1906-015,16,1:simple-historical-word,kha-n1906-002044,lynstong,lynstong,noun,word,141,0.975,no,pending,yes
1417,n1906-015,17,1:simple-historical-word,kha-n1906-002047,lynthem,lynthem,verb,word,141,0.975,no,pending,yes
1418,n1906-015,18,1:simple-historical-word,kha-n1906-002048,lynther,lynther,verb,word,141,0.975,no,pending,yes
1419,n1906-015,19,1:simple-historical-word,kha-n1906-002051,lyntied,lyntied,verb,word,141,0.975,no,pending,yes
1420,n1906-015,20,1:simple-historical-word,kha-n1906-002038,lynuiang,lynuiang,noun,word,140,0.975,no,pending,yes
1421,n1906-015,21,1:simple-historical-word,kha-n1906-002052,lyphur,lyphur,noun,word,141,0.975,no,pending,yes
1422,n1906-015,22,1:simple-historical-word,kha-n1906-001998,lyugngoh,lyugngoh,verb,word,138,0.975,no,pending,yes
1423,n1906-015,23,1:simple-historical-word,kha-n1906-002065,madan,madan,noun,word,142,0.975,no,pending,yes
1424,n1906-015,24,1:simple-historical-word,kha-n1906-002068,mahadei,mahadei,noun,word,142,0.975,no,pending,yes
1425,n1906-015,25,1:simple-historical-word,kha-n1906-002069,mahajon,mahajon,noun,word,142,0.975,no,pending,yes
1426,n1906-015,26,1:simple-historical-word,kha-n1906-002070,mahdm,mahdm,verb,word,142,0.975,no,pending,yes
1427,n1906-015,27,1:simple-historical-word,kha-n1906-002071,mahut,mahut,noun,word,143,0.975,no,pending,yes
1428,n1906-015,28,1:simple-historical-word,kha-n1906-002072,maia,maia,noun,word,143,0.975,no,pending,yes
1429,n1906-015,29,1:simple-historical-word,kha-n1906-002075,main,main,adverb,word,143,0.975,no,pending,yes
1430,n1906-015,30,1:simple-historical-word,kha-n1906-002074,main,main,noun,word,143,0.975,no,pending,yes
1431,n1906-015,31,1:simple-historical-word,kha-n1906-002077,mainmoh,mainmoh,noun,word,143,0.975,no,pending,yes
1432,n1906-015,32,1:simple-historical-word,kha-n1906-002079,mait,mait,noun,word,143,0.975,no,pending,yes
1433,n1906-015,33,1:simple-historical-word,kha-n1906-002080,maitang,maitang,verb,word,143,0.975,no,pending,yes
1434,n1906-015,34,1:simple-historical-word,kha-n1906-002082,maji,maji,noun,word,143,0.975,no,pending,yes
1435,n1906-015,35,1:simple-historical-word,kha-n1906-002063,makia,makia,verb,word,142,0.975,no,pending,yes
1436,n1906-015,36,1:simple-historical-word,kha-n1906-002064,makna,makna,adverb,word,142,0.975,no,pending,yes
1437,n1906-015,37,1:simple-historical-word,kha-n1906-002084,mala,mala,noun,word,143,0.975,no,pending,yes
1438,n1906-015,38,1:simple-historical-word,kha-n1906-002085,malai,malai,noun,word,143,0.975,no,pending,yes
1439,n1906-015,39,1:simple-historical-word,kha-n1906-002086,mali,mali,noun,word,143,0.975,no,pending,yes
1440,n1906-015,40,1:simple-historical-word,kha-n1906-002088,malom,malom,noun,word,143,0.975,no,pending,yes
1441,n1906-015,41,1:simple-historical-word,kha-n1906-002089,mama,mama,noun,word,143,0.975,no,pending,yes
1442,n1906-015,42,1:simple-historical-word,kha-n1906-002090,mamla,mamla,noun,word,143,0.975,no,pending,yes
1443,n1906-015,43,1:simple-historical-word,kha-n1906-002091,mana,mana,verb,word,143,0.975,no,pending,yes
1444,n1906-015,44,1:simple-historical-word,kha-n1906-002092,mane,mane,verb,word,144,0.975,no,pending,yes
1445,n1906-015,45,1:simple-historical-word,kha-n1906-002067,mangkarong,mangkarong,noun,word,142,0.975,no,pending,yes
1446,n1906-015,46,1:simple-historical-word,kha-n1906-002093,maphot,maphot,adverb,word,144,0.975,no,pending,yes
1447,n1906-015,47,1:simple-historical-word,kha-n1906-002100,mardor,mardor,adverb,word,144,0.975,no,pending,yes
1448,n1906-015,48,1:simple-historical-word,kha-n1906-002101,marjan,marjan,adverb,word,144,0.975,no,pending,yes
1449,n1906-015,49,1:simple-historical-word,kha-n1906-002095,markhait,markhait,adjective,word,144,0.975,no,pending,yes
1450,n1906-015,50,1:simple-historical-word,kha-n1906-002096,markhap,markhap,adjective,word,144,0.975,no,pending,yes
1451,n1906-015,51,1:simple-historical-word,kha-n1906-002097,markhmat,markhmat,adverb,word,144,0.975,no,pending,yes
1452,n1906-015,52,1:simple-historical-word,kha-n1906-002099,markylliaiid',markylliaiid',adverb,word,144,0.975,no,pending,yes
1453,n1906-015,53,1:simple-historical-word,kha-n1906-002102,marshak,marshak,adjective,word,144,0.975,no,pending,yes
1454,n1906-015,54,1:simple-historical-word,kha-n1906-002104,marwei,marwei,adjective,word,145,0.975,no,pending,yes
1455,n1906-015,55,1:simple-historical-word,kha-n1906-002105,masi,masi,noun,word,145,0.975,no,pending,yes
1456,n1906-015,56,1:simple-historical-word,kha-n1906-002112,matang,matang,noun,word,145,0.975,no,pending,yes
1457,n1906-015,57,1:simple-historical-word,kha-n1906-002116,matsohlah,matsohlah,noun,word,146,0.975,no,pending,yes
1458,n1906-015,58,1:simple-historical-word,kha-n1906-002119,maw'bynna,maw'bynna,noun,word,146,0.975,no,pending,yes
1459,n1906-015,59,1:simple-historical-word,kha-n1906-002118,mawbri,mawbri,noun,word,146,0.975,no,pending,yes
1460,n1906-015,60,1:simple-historical-word,kha-n1906-002120,mawbyrsiew,mawbyrsiew,noun,word,146,0.975,no,pending,yes
1461,n1906-015,61,1:simple-historical-word,kha-n1906-002121,mawkait,mawkait,noun,word,146,0.975,no,pending,yes
1462,n1906-015,62,1:simple-historical-word,kha-n1906-002123,mawksing,mawksing,noun,word,146,0.975,no,pending,yes
1463,n1906-015,63,1:simple-historical-word,kha-n1906-002126,mawlaitlyngkot,mawlaitlyngkot,noun,word,146,0.975,no,pending,yes
1464,n1906-015,64,1:simple-historical-word,kha-n1906-002127,mawpiin,mawpiin,noun,word,147,0.975,no,pending,yes
1465,n1906-015,65,1:simple-historical-word,kha-n1906-002130,mawria,mawria,noun,word,147,0.975,no,pending,yes
1466,n1906-015,66,1:simple-historical-word,kha-n1906-002132,mawsh'ing,mawsh'ing,noun,word,147,0.975,no,pending,yes
1467,n1906-015,67,1:simple-historical-word,kha-n1906-002131,mawshamok,mawshamok,noun,word,147,0.975,no,pending,yes
1468,n1906-015,68,1:simple-historical-word,kha-n1906-002134,mawsiar,mawsiar,noun,word,147,0.975,no,pending,yes
1469,n1906-015,69,1:simple-historical-word,kha-n1906-002135,mawthoh,mawthoh,noun,word,147,0.975,no,pending,yes
1470,n1906-015,70,1:simple-historical-word,kha-n1906-002061,md,md,adjective,word,142,0.975,no,pending,yes
1471,n1906-015,71,1:simple-historical-word,kha-n1906-002122,mdwkordor,mdwkordor,noun,word,146,0.975,no,pending,yes
1472,n1906-015,72,1:simple-historical-word,kha-n1906-002128,mdwpyrsut,mdwpyrsut,noun,word,147,0.975,no,pending,yes
1473,n1906-015,73,1:simple-historical-word,kha-n1906-002133,mdwshun,mdwshun,noun,word,147,0.975,no,pending,yes
1474,n1906-015,74,1:simple-historical-word,kha-n1906-002136,me,me,pronoun,word,147,0.975,no,pending,yes
1475,n1906-015,75,1:simple-historical-word,kha-n1906-002138,meirad,meirad,noun,word,147,0.975,no,pending,yes
1476,n1906-015,76,1:simple-historical-word,kha-n1906-002139,mem,mem,noun,word,147,0.975,no,pending,yes
1477,n1906-015,77,1:simple-historical-word,kha-n1906-002147,miaj,miaj,noun,word,148,0.975,no,pending,yes
1478,n1906-015,78,1:simple-historical-word,kha-n1906-002148,mian,mian,adverb,word,148,0.975,no,pending,yes
1479,n1906-015,79,1:simple-historical-word,kha-n1906-002146,miang,miang,noun,word,148,0.975,no,pending,yes
1480,n1906-015,80,1:simple-historical-word,kha-n1906-002149,miar,miar,adverb,word,148,0.975,no,pending,yes
1481,n1906-015,81,1:simple-historical-word,kha-n1906-002150,miaw,miaw,noun,word,148,0.975,no,pending,yes
1482,n1906-015,82,1:simple-historical-word,kha-n1906-002155,miej,miej,noun,word,148,0.975,no,pending,yes
1483,n1906-015,83,1:simple-historical-word,kha-n1906-002154,mieng,mieng,noun,word,148,0.975,no,pending,yes
1484,n1906-015,84,1:simple-historical-word,kha-n1906-002156,miet,miet,noun,word,148,0.975,no,pending,yes
1485,n1906-015,85,1:simple-historical-word,kha-n1906-002157,mih'ngi,mih'ngi,noun,word,148,0.975,no,pending,yes
1486,n1906-015,86,1:simple-historical-word,kha-n1906-002152,mikhli,mikhli,verb,word,148,0.975,no,pending,yes
1487,n1906-015,87,1:simple-historical-word,kha-n1906-002117,miw,miw,noun,word,146,0.975,no,pending,yes
1488,n1906-015,88,1:simple-historical-word,kha-n1906-002158,mlein,mlein,adjective,word,148,0.975,no,pending,yes
1489,n1906-015,89,1:simple-historical-word,kha-n1906-002159,mler,mler,adjective,word,148,0.975,no,pending,yes
1490,n1906-015,90,1:simple-historical-word,kha-n1906-002160,mlien,mlien,verb,word,148,0.975,no,pending,yes
1491,n1906-015,91,1:simple-historical-word,kha-n1906-002161,mohkhiew,mohkhiew,noun,word,149,0.975,no,pending,yes
1492,n1906-015,92,1:simple-historical-word,kha-n1906-002162,moi,moi,noun,word,149,0.975,no,pending,yes
1493,n1906-015,93,1:simple-historical-word,kha-n1906-002164,moina,moina,noun,word,149,0.975,no,pending,yes
1494,n1906-015,94,1:simple-historical-word,kha-n1906-002163,moiu,moiu,adverb,word,149,0.975,no,pending,yes
1495,n1906-015,95,1:simple-historical-word,kha-n1906-002165,mom,mom,noun,word,149,0.975,no,pending,yes
1496,n1906-015,96,1:simple-historical-word,kha-n1906-002166,momjama,momjama,noun,word,149,0.975,no,pending,yes
1497,n1906-015,97,1:simple-historical-word,kha-n1906-002167,mopmop,mopmop,adverb,word,149,0.975,no,pending,yes
1498,n1906-015,98,1:simple-historical-word,kha-n1906-002168,moramot,moramot,verb,word,149,0.975,no,pending,yes
1499,n1906-015,99,1:simple-historical-word,kha-n1906-002170,mrad,mrad,noun,word,149,0.975,no,pending,yes
1500,n1906-015,100,1:simple-historical-word,kha-n1906-002171,mran,mran,adverb,word,149,0.975,no,pending,yes
1501,n1906-016,1,1:simple-historical-word,kha-n1906-002172,mrong,mrong,adverb,word,149,0.975,no,pending,yes
1502,n1906-016,2,1:simple-historical-word,kha-n1906-002173,mtai,mtai,adverb,word,150,0.975,no,pending,yes
1503,n1906-016,3,1:simple-historical-word,kha-n1906-002175,muid,muid,noun,word,150,0.975,no,pending,yes
1504,n1906-016,4,1:simple-historical-word,kha-n1906-002176,mulla,mulla,noun,word,150,0.975,no,pending,yes
1505,n1906-016,5,1:simple-historical-word,kha-n1906-002177,mulot,mulot,noun,word,150,0.975,no,pending,yes
1506,n1906-016,6,1:simple-historical-word,kha-n1906-002178,muri,muri,noun,word,150,0.975,no,pending,yes
1507,n1906-016,7,1:simple-historical-word,kha-n1906-002179,mushlia,mushlia,verb,word,150,0.975,no,pending,yes
1508,n1906-016,8,1:simple-historical-word,kha-n1906-002180,musla,musla,noun,word,150,0.975,no,pending,yes
1509,n1906-016,9,1:simple-historical-word,kha-n1906-002181,mustul,mustul,noun,word,150,0.975,no,pending,yes
1510,n1906-016,10,1:simple-historical-word,kha-n1906-002182,muta,muta,adjective,word,150,0.975,no,pending,yes
1511,n1906-016,11,1:simple-historical-word,kha-n1906-002183,mutia,mutia,noun,word,150,0.975,no,pending,yes
1512,n1906-016,12,1:simple-historical-word,kha-n1906-002184,mutlop,mutlop,adjective,word,151,0.975,no,pending,yes
1513,n1906-016,13,1:simple-historical-word,kha-n1906-002186,myllen,myllen,adverb,word,151,0.975,no,pending,yes
1514,n1906-016,14,1:simple-historical-word,kha-n1906-002187,myllung,myllung,adjective,word,151,0.975,no,pending,yes
1515,n1906-016,15,1:simple-historical-word,kha-n1906-002189,mynba,mynba,conjunction,word,151,0.975,no,pending,yes
1516,n1906-016,16,1:simple-historical-word,kha-n1906-002190,mynbarim,mynbarim,adverb,word,151,0.975,no,pending,yes
1517,n1906-016,17,1:simple-historical-word,kha-n1906-002185,myngkew,myngkew,noun,word,151,0.975,no,pending,yes
1518,n1906-016,18,1:simple-historical-word,kha-n1906-002191,mynhakato,mynhakato,adverb,word,151,0.975,no,pending,yes
1519,n1906-016,19,1:simple-historical-word,kha-n1906-002192,mynhyndai,mynhyndai,adverb,word,151,0.975,no,pending,yes
1520,n1906-016,20,1:simple-historical-word,kha-n1906-002193,mynhynne,mynhynne,adverb,word,151,0.975,no,pending,yes
1521,n1906-016,21,1:simple-historical-word,kha-n1906-002194,mynhynnin,mynhynnin,adverb,word,151,0.975,no,pending,yes
1522,n1906-016,22,1:simple-historical-word,kha-n1906-002195,mynja,mynja,noun,word,151,0.975,no,pending,yes
1523,n1906-016,23,1:simple-historical-word,kha-n1906-002197,mynmiet,mynmiet,adverb,word,152,0.975,no,pending,yes
1524,n1906-016,24,1:simple-historical-word,kha-n1906-002198,mynno,mynno,adverb,word,152,0.975,no,pending,yes
1525,n1906-016,25,1:simple-historical-word,kha-n1906-002200,mynnor,mynnor,adverb,word,152,0.975,no,pending,yes
1526,n1906-016,26,1:simple-historical-word,kha-n1906-002201,mynnymwei,mynnymwei,adverb,word,152,0.975,no,pending,yes
1527,n1906-016,27,1:simple-historical-word,kha-n1906-002203,mynri,mynri,noun,word,152,0.975,no,pending,yes
1528,n1906-016,28,1:simple-historical-word,kha-n1906-002204,mynsaw,mynsaw,verb,word,152,0.975,no,pending,yes
1529,n1906-016,29,1:simple-historical-word,kha-n1906-002207,mynshisngi,mynshisngi,adverb,word,152,0.975,no,pending,yes
1530,n1906-016,30,1:simple-historical-word,kha-n1906-002208,mynshuwa,mynshuwa,adverb,word,152,0.975,no,pending,yes
1531,n1906-016,31,1:simple-historical-word,kha-n1906-002209,mynsiem,mynsiem,noun,word,152,0.975,no,pending,yes
1532,n1906-016,32,1:simple-historical-word,kha-n1906-002206,mynsngi,mynsngi,adverb,word,152,0.975,no,pending,yes
1533,n1906-016,33,1:simple-historical-word,kha-n1906-002211,mynstep,mynstep,adverb,word,152,0.975,no,pending,yes
1534,n1906-016,34,1:simple-historical-word,kha-n1906-002212,mynta,mynta,adverb,word,152,0.975,no,pending,yes
1535,n1906-016,35,1:simple-historical-word,kha-n1906-002214,myntait,myntait,noun,word,152,0.975,no,pending,yes
1536,n1906-016,36,1:simple-historical-word,kha-n1906-002215,myntan,myntan,adverb,word,152,0.975,no,pending,yes
1537,n1906-016,37,1:simple-historical-word,kha-n1906-002216,mynthi,mynthi,adverb,word,152,0.975,no,pending,yes
1538,n1906-016,38,1:simple-historical-word,kha-n1906-002217,mynthna,mynthna,noun,word,152,0.975,no,pending,yes
1539,n1906-016,39,1:simple-historical-word,kha-n1906-002218,myntlang,myntlang,adverb,word,152,0.975,no,pending,yes
1540,n1906-016,40,1:simple-historical-word,kha-n1906-002219,mynwei,mynwei,adverb,word,153,0.975,no,pending,yes
1541,n1906-016,41,1:simple-historical-word,kha-n1906-002220,myrsiang,myrsiang,noun,word,153,0.975,no,pending,yes
1542,n1906-016,42,1:simple-historical-word,kha-n1906-002221,naba,naba,conjunction,word,153,0.975,no,pending,yes
1543,n1906-016,43,1:simple-historical-word,kha-n1906-002222,nabar,nabar,adverb,word,153,0.975,no,pending,yes
1544,n1906-016,44,1:simple-historical-word,kha-n1906-002223,nadien,nadien,adverb,word,153,0.975,no,pending,yes
1545,n1906-016,45,1:simple-historical-word,kha-n1906-002226,naei,naei,adverb,word,153,0.975,no,pending,yes
1546,n1906-016,46,1:simple-historical-word,kha-n1906-002232,nah,nah,noun,word,153,0.975,no,pending,yes
1547,n1906-016,47,1:simple-historical-word,kha-n1906-002241,najir,najir,noun,word,154,0.975,no,pending,yes
1548,n1906-016,48,1:simple-historical-word,kha-n1906-002243,namar,namar,conjunction,word,154,0.975,no,pending,yes
1549,n1906-016,49,1:simple-historical-word,kha-n1906-002244,namarkata,namarkata,adverb,word,154,0.975,no,pending,yes
1550,n1906-016,50,1:simple-historical-word,kha-n1906-002254,nan,nan,noun,word,155,0.975,no,pending,yes
1551,n1906-016,51,1:simple-historical-word,kha-n1906-002255,naneng,naneng,adverb,word,155,0.975,no,pending,yes
1552,n1906-016,52,1:simple-historical-word,kha-n1906-002228,nangne,nangne,adverb,word,153,0.975,no,pending,yes
1553,n1906-016,53,1:simple-historical-word,kha-n1906-002229,nangno,nangno,adverb,word,153,0.975,no,pending,yes
1554,n1906-016,54,1:simple-historical-word,kha-n1906-002260,naphang,naphang,adverb,word,155,0.975,no,pending,yes
1555,n1906-016,55,1:simple-historical-word,kha-n1906-002261,naphrang,naphrang,adverb,word,155,0.975,no,pending,yes
1556,n1906-016,56,1:simple-historical-word,kha-n1906-002262,napit,napit,noun,word,155,0.975,no,pending,yes
1557,n1906-016,57,1:simple-historical-word,kha-n1906-002263,napoh,napoh,adverb,word,155,0.975,no,pending,yes
1558,n1906-016,58,1:simple-historical-word,kha-n1906-002264,nar,nar,noun,word,155,0.975,no,pending,yes
1559,n1906-016,59,1:simple-historical-word,kha-n1906-002265,nara,nara,noun,word,155,0.975,no,pending,yes
1560,n1906-016,60,1:simple-historical-word,kha-n1906-002272,narnm,narnm,adverb,word,155,0.975,no,pending,yes
1561,n1906-016,61,1:simple-historical-word,kha-n1906-002270,narsaw,narsaw,noun,word,155,0.975,no,pending,yes
1562,n1906-016,62,1:simple-historical-word,kha-n1906-002271,narsuh,narsuh,noun,word,155,0.975,no,pending,yes
1563,n1906-016,63,1:simple-historical-word,kha-n1906-002242,ndm,ndm,noun,word,154,0.975,no,pending,yes
1564,n1906-016,64,1:simple-historical-word,kha-n1906-002277,nei,nei,noun,word,156,0.975,no,pending,yes
1565,n1906-016,65,1:simple-historical-word,kha-n1906-002276,neng,neng,noun,word,156,0.975,no,pending,yes
1566,n1906-016,66,1:simple-historical-word,kha-n1906-002280,nep,nep,noun,word,156,0.975,no,pending,yes
1567,n1906-016,67,1:simple-historical-word,kha-n1906-001378,ngang,ngang,adverb,word,87,0.975,no,pending,yes
1568,n1906-016,68,1:simple-historical-word,kha-n1906-001382,ngap,ngap,noun,word,88,0.975,no,pending,yes
1569,n1906-016,69,1:simple-historical-word,kha-n1906-001385,ngek,ngek,adverb,word,88,0.975,no,pending,yes
1570,n1906-016,70,1:simple-historical-word,kha-n1906-001391,ngiah,ngiah,adjective,word,88,0.975,no,pending,yes
1571,n1906-016,71,1:simple-historical-word,kha-n1906-001393,ngiam,ngiam,verb,word,89,0.975,no,pending,yes
1572,n1906-016,72,1:simple-historical-word,kha-n1906-001400,ngong,ngong,adverb,word,89,0.975,no,pending,yes
1573,n1906-016,73,1:simple-historical-word,kha-n1906-001403,ngun,ngun,adverb,word,89,0.975,no,pending,yes
1574,n1906-016,74,1:simple-historical-word,kha-n1906-001405,ngut,ngut,noun,word,89,0.975,no,pending,yes
1575,n1906-016,75,1:simple-historical-word,kha-n1906-002285,ni,ni,adjective,word,156,0.975,no,pending,yes
1576,n1906-016,76,1:simple-historical-word,kha-n1906-002286,nia,nia,noun,word,156,0.975,no,pending,yes
1577,n1906-016,77,1:simple-historical-word,kha-n1906-002300,niewtang,niewtang,verb,word,159,0.975,no,pending,yes
1578,n1906-016,78,1:simple-historical-word,kha-n1906-002309,niiit,niiit,noun,word,160,0.975,no,pending,yes
1579,n1906-016,79,1:simple-historical-word,kha-n1906-002310,niutmaw,niutmaw,noun,word,160,0.975,no,pending,yes
1580,n1906-016,80,1:simple-historical-word,kha-n1906-002331,nohblei,nohblei,verb,word,162,0.975,no,pending,yes
1581,n1906-016,81,1:simple-historical-word,kha-n1906-002332,nohmynsiem,nohmynsiem,verb,word,162,0.975,no,pending,yes
1582,n1906-016,82,1:simple-historical-word,kha-n1906-002333,nohrem,nohrem,verb,word,162,0.975,no,pending,yes
1583,n1906-016,83,1:simple-historical-word,kha-n1906-002335,nohtah,nohtah,noun,word,162,0.975,no,pending,yes
1584,n1906-016,84,1:simple-historical-word,kha-n1906-002334,nohtasor,nohtasor,noun,word,162,0.975,no,pending,yes
1585,n1906-016,85,1:simple-historical-word,kha-n1906-002336,noi,noi,noun,word,162,0.975,no,pending,yes
1586,n1906-016,86,1:simple-historical-word,kha-n1906-002311,nong,nong,noun,word,160,0.975,no,pending,yes
1587,n1906-016,87,1:simple-historical-word,kha-n1906-002318,nongiapam,nongiapam,noun,word,161,0.975,no,pending,yes
1588,n1906-016,88,1:simple-historical-word,kha-n1906-002312,nongkhat,nongkhat,noun,word,161,0.975,no,pending,yes
1589,n1906-016,89,1:simple-historical-word,kha-n1906-002313,nongkheinksuid,nongkheinksuid,noun,word,161,0.975,no,pending,yes
1590,n1906-016,90,1:simple-historical-word,kha-n1906-002315,nongkylliang,nongkylliang,noun,word,161,0.975,no,pending,yes
1591,n1906-016,91,1:simple-historical-word,kha-n1906-002316,nongkyndong,nongkyndong,noun,word,161,0.975,no,pending,yes
1592,n1906-016,92,1:simple-historical-word,kha-n1906-002319,nonglehpalat,nonglehpalat,noun,word,161,0.975,no,pending,yes
1593,n1906-016,93,1:simple-historical-word,kha-n1906-002321,nongmuna,nongmuna,noun,word,161,0.975,no,pending,yes
1594,n1906-016,94,1:simple-historical-word,kha-n1906-002320,nongphira,nongphira,noun,word,161,0.975,no,pending,yes
1595,n1906-016,95,1:simple-historical-word,kha-n1906-002323,nongra,nongra,noun,word,161,0.975,no,pending,yes
1596,n1906-016,96,1:simple-historical-word,kha-n1906-002324,nongrim,nongrim,noun,word,161,0.975,no,pending,yes
1597,n1906-016,97,1:simple-historical-word,kha-n1906-002325,nongsam,nongsam,noun,word,161,0.975,no,pending,yes
1598,n1906-016,98,1:simple-historical-word,kha-n1906-002327,nongsharai,nongsharai,noun,word,162,0.975,no,pending,yes
1599,n1906-016,99,1:simple-historical-word,kha-n1906-002329,nongtymmen,nongtymmen,noun,word,162,0.975,no,pending,yes
1600,n1906-016,100,1:simple-historical-word,kha-n1906-002330,nongwei,nongwei,noun,word,162,0.975,no,pending,yes
1601,n1906-017,1,1:simple-historical-word,kha-n1906-002322,nougplilang,nougplilang,noun,word,161,0.975,no,pending,yes
1602,n1906-017,2,1:simple-historical-word,kha-n1906-002338,nuksa,nuksa,noun,word,162,0.975,no,pending,yes
1603,n1906-017,3,1:simple-historical-word,kha-n1906-002340,nup,nup,noun,word,163,0.975,no,pending,yes
1604,n1906-017,4,1:simple-historical-word,kha-n1906-002342,nur,nur,noun,word,163,0.975,no,pending,yes
1605,n1906-017,5,1:simple-historical-word,kha-n1906-002344,nylla,nylla,adjective,word,163,0.975,no,pending,yes
1606,n1906-017,6,1:simple-historical-word,kha-n1906-002345,nyllong,nyllong,noun,word,163,0.975,no,pending,yes
1607,n1906-017,7,1:simple-historical-word,kha-n1906-002343,nyngkong,nyngkong,adjective,word,163,0.975,no,pending,yes
1608,n1906-017,8,1:simple-historical-word,kha-n1906-000259,obuit,obuit,noun,word,22,0.975,no,pending,yes
1609,n1906-017,9,1:simple-historical-word,kha-n1906-002348,onksuid,onksuid,verb,word,163,0.975,no,pending,yes
1610,n1906-017,10,1:simple-historical-word,kha-n1906-002542,p'ian,p'ian,adverb,word,178,0.975,no,pending,yes
1611,n1906-017,11,1:simple-historical-word,kha-n1906-002351,pa,pa,noun,word,164,0.975,no,pending,yes
1612,n1906-017,12,1:simple-historical-word,kha-n1906-002357,pad,pad,noun,word,164,0.975,no,pending,yes
1613,n1906-017,13,1:simple-historical-word,kha-n1906-002358,padai,padai,verb,word,164,0.975,no,pending,yes
1614,n1906-017,14,1:simple-historical-word,kha-n1906-002359,padan,padan,verb,word,164,0.975,no,pending,yes
1615,n1906-017,15,1:simple-historical-word,kha-n1906-002360,padiah,padiah,verb,word,165,0.975,no,pending,yes
1616,n1906-017,16,1:simple-historical-word,kha-n1906-002361,padri,padri,noun,word,165,0.975,no,pending,yes
1617,n1906-017,17,1:simple-historical-word,kha-n1906-002362,padun,padun,adjective,word,165,0.975,no,pending,yes
1618,n1906-017,18,1:simple-historical-word,kha-n1906-002378,paheb,paheb,noun,word,166,0.975,no,pending,yes
1619,n1906-017,19,1:simple-historical-word,kha-n1906-002379,pahiih,pahiih,adjective,word,166,0.975,no,pending,yes
1620,n1906-017,20,1:simple-historical-word,kha-n1906-002381,pai,pai,noun,word,166,0.975,no,pending,yes
1621,n1906-017,21,1:simple-historical-word,kha-n1906-002382,paid,paid,noun,word,166,0.975,no,pending,yes
1622,n1906-017,22,1:simple-historical-word,kha-n1906-002383,paidbhur,paidbhur,noun,word,166,0.975,no,pending,yes
1623,n1906-017,23,1:simple-historical-word,kha-n1906-002384,paidkdr,paidkdr,noun,word,166,0.975,no,pending,yes
1624,n1906-017,24,1:simple-historical-word,kha-n1906-002385,paila,paila,noun,word,166,0.975,no,pending,yes
1625,n1906-017,25,1:simple-historical-word,kha-n1906-002387,pailen,pailen,noun,word,166,0.975,no,pending,yes
1626,n1906-017,26,1:simple-historical-word,kha-n1906-002388,pain,pain,noun,word,166,0.975,no,pending,yes
1627,n1906-017,27,1:simple-historical-word,kha-n1906-002389,paintali,paintali,noun,word,166,0.975,no,pending,yes
1628,n1906-017,28,1:simple-historical-word,kha-n1906-002390,paisa,paisa,noun,word,166,0.975,no,pending,yes
1629,n1906-017,29,1:simple-historical-word,kha-n1906-002391,paitdohnud,paitdohnud,adjective,word,166,0.975,no,pending,yes
1630,n1906-017,30,1:simple-historical-word,kha-n1906-002392,paitpuraw,paitpuraw,noun,word,166,0.975,no,pending,yes
1631,n1906-017,31,1:simple-historical-word,kha-n1906-002393,pajama,pajama,noun,word,166,0.975,no,pending,yes
1632,n1906-017,32,1:simple-historical-word,kha-n1906-002394,pajih,pajih,adverb,word,166,0.975,no,pending,yes
1633,n1906-017,33,1:simple-historical-word,kha-n1906-002353,pakai,pakai,noun,word,164,0.975,no,pending,yes
1634,n1906-017,34,1:simple-historical-word,kha-n1906-002352,pakang,pakang,verb,word,164,0.975,no,pending,yes
1635,n1906-017,35,1:simple-historical-word,kha-n1906-002354,pakhang,pakhang,verb,word,164,0.975,no,pending,yes
1636,n1906-017,36,1:simple-historical-word,kha-n1906-002356,pakhynnah,pakhynnah,noun,word,164,0.975,no,pending,yes
1637,n1906-017,37,1:simple-historical-word,kha-n1906-002400,pali,pali,noun,word,167,0.975,no,pending,yes
1638,n1906-017,38,1:simple-historical-word,kha-n1906-002396,palki,palki,noun,word,167,0.975,no,pending,yes
1639,n1906-017,39,1:simple-historical-word,kha-n1906-002399,palliiw,palliiw,adjective,word,167,0.975,no,pending,yes
1640,n1906-017,40,1:simple-historical-word,kha-n1906-002397,palngang,palngang,adjective,word,167,0.975,no,pending,yes
1641,n1906-017,41,1:simple-historical-word,kha-n1906-002398,palngdw,palngdw,adjective,word,167,0.975,no,pending,yes
1642,n1906-017,42,1:simple-historical-word,kha-n1906-002401,palong,palong,noun,word,167,0.975,no,pending,yes
1643,n1906-017,43,1:simple-historical-word,kha-n1906-002402,palwan,palwan,noun,word,167,0.975,no,pending,yes
1644,n1906-017,44,1:simple-historical-word,kha-n1906-002403,pamblang,pamblang,noun,word,167,0.975,no,pending,yes
1645,n1906-017,45,1:simple-historical-word,kha-n1906-002404,pamthwat,pamthwat,verb,word,167,0.975,no,pending,yes
1646,n1906-017,46,1:simple-historical-word,kha-n1906-002363,pangah,pangah,verb,word,165,0.975,no,pending,yes
1647,n1906-017,47,1:simple-historical-word,kha-n1906-002370,pangdohniid,pangdohniid,verb,word,165,0.975,no,pending,yes
1648,n1906-017,48,1:simple-historical-word,kha-n1906-002374,pangiong,pangiong,noun,word,165,0.975,no,pending,yes
1649,n1906-017,49,1:simple-historical-word,kha-n1906-002367,pangkhmat,pangkhmat,verb,word,165,0.975,no,pending,yes
1650,n1906-017,50,1:simple-historical-word,kha-n1906-002368,pangkhrew,pangkhrew,noun,word,165,0.975,no,pending,yes
1651,n1906-017,51,1:simple-historical-word,kha-n1906-002369,pangkuhek,pangkuhek,noun,word,165,0.975,no,pending,yes
1652,n1906-017,52,1:simple-historical-word,kha-n1906-002373,pangmet,pangmet,verb,word,165,0.975,no,pending,yes
1653,n1906-017,53,1:simple-historical-word,kha-n1906-002375,pangshipai,pangshipai,noun,word,165,0.975,no,pending,yes
1654,n1906-017,54,1:simple-historical-word,kha-n1906-002406,panjung,panjung,noun,word,167,0.975,no,pending,yes
1655,n1906-017,55,1:simple-historical-word,kha-n1906-002405,pankhyllong,pankhyllong,noun,word,167,0.975,no,pending,yes
1656,n1906-017,56,1:simple-historical-word,kha-n1906-002407,panshandi,panshandi,noun,word,167,0.975,no,pending,yes
1657,n1906-017,57,1:simple-historical-word,kha-n1906-002409,papun,papun,noun,word,168,0.975,no,pending,yes
1658,n1906-017,58,1:simple-historical-word,kha-n1906-002413,paramynshong,paramynshong,noun,word,168,0.975,no,pending,yes
1659,n1906-017,59,1:simple-historical-word,kha-n1906-002417,partuh,partuh,noun,word,168,0.975,no,pending,yes
1660,n1906-017,60,1:simple-historical-word,kha-n1906-002419,pasa,pasa,noun,word,168,0.975,no,pending,yes
1661,n1906-017,61,1:simple-historical-word,kha-n1906-002420,pasan,pasan,noun,word,168,0.975,no,pending,yes
1662,n1906-017,62,1:simple-historical-word,kha-n1906-002423,pashait,pashait,verb,word,169,0.975,no,pending,yes
1663,n1906-017,63,1:simple-historical-word,kha-n1906-002422,pashat,pashat,verb,word,169,0.975,no,pending,yes
1664,n1906-017,64,1:simple-historical-word,kha-n1906-002424,pashing,pashing,adverb,word,169,0.975,no,pending,yes
1665,n1906-017,65,1:simple-historical-word,kha-n1906-002425,pashor,pashor,verb,word,169,0.975,no,pending,yes
1666,n1906-017,66,1:simple-historical-word,kha-n1906-002426,pasiang,pasiang,adjective,word,169,0.975,no,pending,yes
1667,n1906-017,67,1:simple-historical-word,kha-n1906-002427,pasiaw,pasiaw,verb,word,169,0.975,no,pending,yes
1668,n1906-017,68,1:simple-historical-word,kha-n1906-002428,pasied,pasied,verb,word,169,0.975,no,pending,yes
1669,n1906-017,69,1:simple-historical-word,kha-n1906-002421,pasngoh,pasngoh,verb,word,168,0.975,no,pending,yes
1670,n1906-017,70,1:simple-historical-word,kha-n1906-002429,pat,pat,adverb,word,169,0.975,no,pending,yes
1671,n1906-017,71,1:simple-historical-word,kha-n1906-002430,pata,pata,noun,word,169,0.975,no,pending,yes
1672,n1906-017,72,1:simple-historical-word,kha-n1906-002431,patan,patan,verb,word,169,0.975,no,pending,yes
1673,n1906-017,73,1:simple-historical-word,kha-n1906-002432,patar,patar,verb,word,169,0.975,no,pending,yes
1674,n1906-017,74,1:simple-historical-word,kha-n1906-002433,pateng,pateng,noun,word,169,0.975,no,pending,yes
1675,n1906-017,75,1:simple-historical-word,kha-n1906-002437,pathar,pathar,noun,word,169,0.975,no,pending,yes
1676,n1906-017,76,1:simple-historical-word,kha-n1906-002438,pathdw,pathdw,noun,word,169,0.975,no,pending,yes
1677,n1906-017,77,1:simple-historical-word,kha-n1906-002439,pathi,pathi,noun,word,169,0.975,no,pending,yes
1678,n1906-017,78,1:simple-historical-word,kha-n1906-002440,patied,patied,verb,word,169,0.975,no,pending,yes
1679,n1906-017,79,1:simple-historical-word,kha-n1906-002441,patiew,patiew,noun,word,169,0.975,no,pending,yes
1680,n1906-017,80,1:simple-historical-word,kha-n1906-002442,patloi,patloi,noun,word,169,0.975,no,pending,yes
1681,n1906-017,81,1:simple-historical-word,kha-n1906-002443,patrong,patrong,verb,word,170,0.975,no,pending,yes
1682,n1906-017,82,1:simple-historical-word,kha-n1906-002444,patsha,patsha,noun,word,170,0.975,no,pending,yes
1683,n1906-017,83,1:simple-historical-word,kha-n1906-002445,pawa,pawa,noun,word,170,0.975,no,pending,yes
1684,n1906-017,84,1:simple-historical-word,kha-n1906-002446,pawai,pawai,adverb,word,170,0.975,no,pending,yes
1685,n1906-017,85,1:simple-historical-word,kha-n1906-002501,pbieng,pbieng,adjective,word,174,0.975,no,pending,yes
1686,n1906-017,86,1:simple-historical-word,kha-n1906-002493,pbngain,pbngain,adjective,word,174,0.975,no,pending,yes
1687,n1906-017,87,1:simple-historical-word,kha-n1906-002448,pdeng,pdeng,noun,word,170,0.975,no,pending,yes
1688,n1906-017,88,1:simple-historical-word,kha-n1906-002449,pdiang,pdiang,verb,word,170,0.975,no,pending,yes
1689,n1906-017,89,1:simple-historical-word,kha-n1906-002451,pdok,pdok,noun,word,170,0.975,no,pending,yes
1690,n1906-017,90,1:simple-historical-word,kha-n1906-002452,pdot,pdot,noun,word,170,0.975,no,pending,yes
1691,n1906-017,91,1:simple-historical-word,kha-n1906-002453,pdung,pdung,noun,word,170,0.975,no,pending,yes
1692,n1906-017,92,1:simple-historical-word,kha-n1906-002457,peibylla,peibylla,verb,word,171,0.975,no,pending,yes
1693,n1906-017,93,1:simple-historical-word,kha-n1906-002458,peidohsaw,peidohsaw,verb,word,171,0.975,no,pending,yes
1694,n1906-017,94,1:simple-historical-word,kha-n1906-002461,peit'matlieh,peit'matlieh,verb,word,171,0.975,no,pending,yes
1695,n1906-017,95,1:simple-historical-word,kha-n1906-002459,peitkynriang,peitkynriang,verb,word,171,0.975,no,pending,yes
1696,n1906-017,96,1:simple-historical-word,kha-n1906-002462,peitmiet,peitmiet,verb,word,171,0.975,no,pending,yes
1697,n1906-017,97,1:simple-historical-word,kha-n1906-002463,peitshin,peitshin,verb,word,171,0.975,no,pending,yes
1698,n1906-017,98,1:simple-historical-word,kha-n1906-002464,peitsliougshdn,peitsliougshdn,verb,word,171,0.975,no,pending,yes
1699,n1906-017,99,1:simple-historical-word,kha-n1906-002456,pel,pel,adjective,word,171,0.975,no,pending,yes
1700,n1906-017,100,1:simple-historical-word,kha-n1906-002465,pen,pen,noun,word,171,0.975,no,pending,yes
1701,n1906-018,1,1:simple-historical-word,kha-n1906-002469,phahkhot,phahkhot,verb,word,172,0.975,no,pending,yes
1702,n1906-018,2,1:simple-historical-word,kha-n1906-002470,phahkylli,phahkylli,verb,word,172,0.975,no,pending,yes
1703,n1906-018,3,1:simple-historical-word,kha-n1906-002471,phak,phak,adverb,word,172,0.975,no,pending,yes
1704,n1906-018,4,1:simple-historical-word,kha-n1906-002472,phalang,phalang,verb,word,172,0.975,no,pending,yes
1705,n1906-018,5,1:simple-historical-word,kha-n1906-002473,phanang,phanang,verb,word,172,0.975,no,pending,yes
1706,n1906-018,6,1:simple-historical-word,kha-n1906-002467,phang,phang,noun,word,171,0.975,no,pending,yes
1707,n1906-018,7,1:simple-historical-word,kha-n1906-002480,phar,phar,adverb,word,173,0.975,no,pending,yes
1708,n1906-018,8,1:simple-historical-word,kha-n1906-002481,pharait,pharait,verb,word,173,0.975,no,pending,yes
1709,n1906-018,9,1:simple-historical-word,kha-n1906-002482,phareng,phareng,noun,word,173,0.975,no,pending,yes
1710,n1906-018,10,1:simple-historical-word,kha-n1906-002483,pharep,pharep,verb,word,173,0.975,no,pending,yes
1711,n1906-018,11,1:simple-historical-word,kha-n1906-002484,pharia,pharia,verb,word,173,0.975,no,pending,yes
1712,n1906-018,12,1:simple-historical-word,kha-n1906-002485,phawar,phawar,noun,word,173,0.975,no,pending,yes
1713,n1906-018,13,1:simple-historical-word,kha-n1906-002486,phawer,phawer,verb,word,173,0.975,no,pending,yes
1714,n1906-018,14,1:simple-historical-word,kha-n1906-002488,pher,pher,adverb,word,173,0.975,no,pending,yes
1715,n1906-018,15,1:simple-historical-word,kha-n1906-002492,phewse,phewse,adverb,word,174,0.975,no,pending,yes
1716,n1906-018,16,1:simple-historical-word,kha-n1906-002496,phiak,phiak,adverb,word,174,0.975,no,pending,yes
1717,n1906-018,17,1:simple-historical-word,kha-n1906-002497,phiang,phiang,noun,word,174,0.975,no,pending,yes
1718,n1906-018,18,1:simple-historical-word,kha-n1906-002499,phiangsbai,phiangsbai,noun,word,174,0.975,no,pending,yes
1719,n1906-018,19,1:simple-historical-word,kha-n1906-002500,phikir,phikir,verb,word,174,0.975,no,pending,yes
1720,n1906-018,20,1:simple-historical-word,kha-n1906-002503,phlang,phlang,noun,word,174,0.975,no,pending,yes
1721,n1906-018,21,1:simple-historical-word,kha-n1906-002505,phluit,phluit,adverb,word,175,0.975,no,pending,yes
1722,n1906-018,22,1:simple-historical-word,kha-n1906-002494,phngdr,phngdr,adverb,word,174,0.975,no,pending,yes
1723,n1906-018,23,1:simple-historical-word,kha-n1906-002495,phngit,phngit,noun,word,174,0.975,no,pending,yes
1724,n1906-018,24,1:simple-historical-word,kha-n1906-002507,phnian,phnian,verb,word,175,0.975,no,pending,yes
1725,n1906-018,25,1:simple-historical-word,kha-n1906-002506,phniang,phniang,noun,word,175,0.975,no,pending,yes
1726,n1906-018,26,1:simple-historical-word,kha-n1906-002508,phnieng,phnieng,verb,word,175,0.975,no,pending,yes
1727,n1906-018,27,1:simple-historical-word,kha-n1906-002509,phohsniew,phohsniew,verb,word,175,0.975,no,pending,yes
1728,n1906-018,28,1:simple-historical-word,kha-n1906-002512,phoidari,phoidari,noun,word,175,0.975,no,pending,yes
1729,n1906-018,29,1:simple-historical-word,kha-n1906-002511,phoikynsha,phoikynsha,verb,word,175,0.975,no,pending,yes
1730,n1906-018,30,1:simple-historical-word,kha-n1906-002513,phot,phot,adjective,word,175,0.975,no,pending,yes
1731,n1906-018,31,1:simple-historical-word,kha-n1906-002514,phra,phra,adjective,word,175,0.975,no,pending,yes
1732,n1906-018,32,1:simple-historical-word,kha-n1906-002517,phrah,phrah,noun,word,175,0.975,no,pending,yes
1733,n1906-018,33,1:simple-historical-word,kha-n1906-002515,phrang,phrang,noun,word,175,0.975,no,pending,yes
1734,n1906-018,34,1:simple-historical-word,kha-n1906-002516,phrangsngi,phrangsngi,noun,word,175,0.975,no,pending,yes
1735,n1906-018,35,1:simple-historical-word,kha-n1906-002518,phria,phria,noun,word,176,0.975,no,pending,yes
1736,n1906-018,36,1:simple-historical-word,kha-n1906-002519,phriang,phriang,verb,word,176,0.975,no,pending,yes
1737,n1906-018,37,1:simple-historical-word,kha-n1906-002520,phrieh,phrieh,verb,word,176,0.975,no,pending,yes
1738,n1906-018,38,1:simple-historical-word,kha-n1906-002521,phrod,phrod,adjective,word,176,0.975,no,pending,yes
1739,n1906-018,39,1:simple-historical-word,kha-n1906-002523,phud,phud,noun,word,176,0.975,no,pending,yes
1740,n1906-018,40,1:simple-historical-word,kha-n1906-002524,phuhmat,phuhmat,verb,word,176,0.975,no,pending,yes
1741,n1906-018,41,1:simple-historical-word,kha-n1906-002528,phylla,phylla,adjective,word,177,0.975,no,pending,yes
1742,n1906-018,42,1:simple-historical-word,kha-n1906-002530,phyllaw,phyllaw,noun,word,177,0.975,no,pending,yes
1743,n1906-018,43,1:simple-historical-word,kha-n1906-002532,phylliew,phylliew,verb,word,177,0.975,no,pending,yes
1744,n1906-018,44,1:simple-historical-word,kha-n1906-002533,phylliid,phylliid,noun,word,177,0.975,no,pending,yes
1745,n1906-018,45,1:simple-historical-word,kha-n1906-002534,phyrbew,phyrbew,noun,word,177,0.975,no,pending,yes
1746,n1906-018,46,1:simple-historical-word,kha-n1906-002537,phyrman,phyrman,adverb,word,177,0.975,no,pending,yes
1747,n1906-018,47,1:simple-historical-word,kha-n1906-002536,phyrngcip,phyrngcip,adverb,word,177,0.975,no,pending,yes
1748,n1906-018,48,1:simple-historical-word,kha-n1906-002538,pia,pia,adverb,word,177,0.975,no,pending,yes
1749,n1906-018,49,1:simple-historical-word,kha-n1906-002539,piada,piada,noun,word,177,0.975,no,pending,yes
1750,n1906-018,50,1:simple-historical-word,kha-n1906-002540,piam,piam,verb,word,177,0.975,no,pending,yes
1751,n1906-018,51,1:simple-historical-word,kha-n1906-002380,piii,piii,noun,word,166,0.975,no,pending,yes
1752,n1906-018,52,1:simple-historical-word,kha-n1906-002612,piiramit,piiramit,verb,word,183,0.975,no,pending,yes
1753,n1906-018,53,1:simple-historical-word,kha-n1906-002544,pireit,pireit,adverb,word,178,0.975,no,pending,yes
1754,n1906-018,54,1:simple-historical-word,kha-n1906-002545,pirit,pirit,noun,word,178,0.975,no,pending,yes
1755,n1906-018,55,1:simple-historical-word,kha-n1906-002546,pjah,pjah,adjective,word,178,0.975,no,pending,yes
1756,n1906-018,56,1:simple-historical-word,kha-n1906-002548,pla,pla,noun,word,179,0.975,no,pending,yes
1757,n1906-018,57,1:simple-historical-word,kha-n1906-002549,plak,plak,adverb,word,179,0.975,no,pending,yes
1758,n1906-018,58,1:simple-historical-word,kha-n1906-002551,plan,plan,adverb,word,179,0.975,no,pending,yes
1759,n1906-018,59,1:simple-historical-word,kha-n1906-002552,plastor,plastor,noun,word,179,0.975,no,pending,yes
1760,n1906-018,60,1:simple-historical-word,kha-n1906-002555,pleit,pleit,noun,word,179,0.975,no,pending,yes
1761,n1906-018,61,1:simple-historical-word,kha-n1906-002553,pleng,pleng,adverb,word,179,0.975,no,pending,yes
1762,n1906-018,62,1:simple-historical-word,kha-n1906-002557,pliah,pliah,adjective,word,179,0.975,no,pending,yes
1763,n1906-018,63,1:simple-historical-word,kha-n1906-002556,pliang,pliang,noun,word,179,0.975,no,pending,yes
1764,n1906-018,64,1:simple-historical-word,kha-n1906-002558,plie,plie,verb,word,179,0.975,no,pending,yes
1765,n1906-018,65,1:simple-historical-word,kha-n1906-002559,plod,plod,adverb,word,179,0.975,no,pending,yes
1766,n1906-018,66,1:simple-historical-word,kha-n1906-002560,ploifi,ploifi,adverb,word,179,0.975,no,pending,yes
1767,n1906-018,67,1:simple-historical-word,kha-n1906-002561,pluh,pluh,verb,word,179,0.975,no,pending,yes
1768,n1906-018,68,1:simple-historical-word,kha-n1906-002562,pnah,pnah,adjective,word,179,0.975,no,pending,yes
1769,n1906-018,69,1:simple-historical-word,kha-n1906-002563,pnan,pnan,adverb,word,179,0.975,no,pending,yes
1770,n1906-018,70,1:simple-historical-word,kha-n1906-002564,pnar,pnar,noun,word,179,0.975,no,pending,yes
1771,n1906-018,71,1:simple-historical-word,kha-n1906-002565,pnat,pnat,noun,word,179,0.975,no,pending,yes
1772,n1906-018,72,1:simple-historical-word,kha-n1906-002567,pneh,pneh,noun,word,180,0.975,no,pending,yes
1773,n1906-018,73,1:simple-historical-word,kha-n1906-002571,poh,poh,adjective,word,180,0.975,no,pending,yes
1774,n1906-018,74,1:simple-historical-word,kha-n1906-002573,pohjaid,pohjaid,adjective,word,180,0.975,no,pending,yes
1775,n1906-018,75,1:simple-historical-word,kha-n1906-002574,pohjat,pohjat,noun,word,180,0.975,no,pending,yes
1776,n1906-018,76,1:simple-historical-word,kha-n1906-002581,pompyrtbat,pompyrtbat,verb,word,181,0.975,no,pending,yes
1777,n1906-018,77,1:simple-historical-word,kha-n1906-002568,pongkdung,pongkdung,adverb,word,180,0.975,no,pending,yes
1778,n1906-018,78,1:simple-historical-word,kha-n1906-002569,pongkhuh,pongkhuh,adverb,word,180,0.975,no,pending,yes
1779,n1906-018,79,1:simple-historical-word,kha-n1906-002570,pongshai,pongshai,noun,word,180,0.975,no,pending,yes
1780,n1906-018,80,1:simple-historical-word,kha-n1906-002583,prah,prah,noun,word,181,0.975,no,pending,yes
1781,n1906-018,81,1:simple-historical-word,kha-n1906-002584,prai,prai,adverb,word,181,0.975,no,pending,yes
1782,n1906-018,82,1:simple-historical-word,kha-n1906-002585,prem,prem,adverb,word,181,0.975,no,pending,yes
1783,n1906-018,83,1:simple-historical-word,kha-n1906-002586,prew,prew,noun,word,181,0.975,no,pending,yes
1784,n1906-018,84,1:simple-historical-word,kha-n1906-002592,priih,priih,noun,word,182,0.975,no,pending,yes
1785,n1906-018,85,1:simple-historical-word,kha-n1906-002588,pring,pring,noun,word,181,0.975,no,pending,yes
1786,n1906-018,86,1:simple-historical-word,kha-n1906-002589,prip,prip,adverb,word,181,0.975,no,pending,yes
1787,n1906-018,87,1:simple-historical-word,kha-n1906-002593,prnid,prnid,verb,word,182,0.975,no,pending,yes
1788,n1906-018,88,1:simple-historical-word,kha-n1906-002595,prnt,prnt,noun,word,182,0.975,no,pending,yes
1789,n1906-018,89,1:simple-historical-word,kha-n1906-002590,proh,proh,noun,word,181,0.975,no,pending,yes
1790,n1906-018,90,1:simple-historical-word,kha-n1906-002709,ptajon,ptajon,noun,word,189,0.975,no,pending,yes
1791,n1906-018,91,1:simple-historical-word,kha-n1906-002601,pudina,pudina,noun,word,182,0.975,no,pending,yes
1792,n1906-018,92,1:simple-historical-word,kha-n1906-002596,puka,puka,noun,word,182,0.975,no,pending,yes
1793,n1906-018,93,1:simple-historical-word,kha-n1906-002597,pukir,pukir,noun,word,182,0.975,no,pending,yes
1794,n1906-018,94,1:simple-historical-word,kha-n1906-002598,pukni,pukni,noun,word,182,0.975,no,pending,yes
1795,n1906-018,95,1:simple-historical-word,kha-n1906-002599,pukri,pukri,noun,word,182,0.975,no,pending,yes
1796,n1906-018,96,1:simple-historical-word,kha-n1906-002608,pulit,pulit,noun,word,182,0.975,no,pending,yes
1797,n1906-018,97,1:simple-historical-word,kha-n1906-002609,pulo,pulo,noun,word,182,0.975,no,pending,yes
1798,n1906-018,98,1:simple-historical-word,kha-n1906-002582,pur,pur,noun,word,181,0.975,no,pending,yes
1799,n1906-018,99,1:simple-historical-word,kha-n1906-002611,pura,pura,adjective,word,183,0.975,no,pending,yes
1800,n1906-018,100,1:simple-historical-word,kha-n1906-002613,puron,puron,noun,word,183,0.975,no,pending,yes
1801,n1906-019,1,1:simple-historical-word,kha-n1906-002614,pushara,pushara,noun,word,183,0.975,no,pending,yes
1802,n1906-019,2,1:simple-historical-word,kha-n1906-002616,putet,putet,adverb,word,183,0.975,no,pending,yes
1803,n1906-019,3,1:simple-historical-word,kha-n1906-002622,pyiar,pyiar,verb,word,183,0.975,no,pending,yes
1804,n1906-019,4,1:simple-historical-word,kha-n1906-002623,pyjar,pyjar,verb,word,184,0.975,no,pending,yes
1805,n1906-019,5,1:simple-historical-word,kha-n1906-002624,pylla,pylla,noun,word,184,0.975,no,pending,yes
1806,n1906-019,6,1:simple-historical-word,kha-n1906-002630,pyllaw,pyllaw,adverb,word,184,0.975,no,pending,yes
1807,n1906-019,7,1:simple-historical-word,kha-n1906-002631,pylleng,pylleng,noun,word,184,0.975,no,pending,yes
1808,n1906-019,8,1:simple-historical-word,kha-n1906-002632,pylliaw,pylliaw,adverb,word,184,0.975,no,pending,yes
1809,n1906-019,9,1:simple-historical-word,kha-n1906-002637,pynban,pynban,adjective,word,184,0.975,no,pending,yes
1810,n1906-019,10,1:simple-historical-word,kha-n1906-002638,pynbeit,pynbeit,verb,word,184,0.975,no,pending,yes
1811,n1906-019,11,1:simple-historical-word,kha-n1906-002639,pynbiid,pynbiid,verb,word,184,0.975,no,pending,yes
1812,n1906-019,12,1:simple-historical-word,kha-n1906-002643,pynduh,pynduh,verb,word,185,0.975,no,pending,yes
1813,n1906-019,13,1:simple-historical-word,kha-n1906-002621,pyngieng,pyngieng,adverb,word,183,0.975,no,pending,yes
1814,n1906-019,14,1:simple-historical-word,kha-n1906-002617,pyngkat,pyngkat,adjective,word,183,0.975,no,pending,yes
1815,n1906-019,15,1:simple-historical-word,kha-n1906-002618,pyngkbob,pyngkbob,verb,word,183,0.975,no,pending,yes
1816,n1906-019,16,1:simple-historical-word,kha-n1906-002620,pyngngad,pyngngad,adjective,word,183,0.975,no,pending,yes
1817,n1906-019,17,1:simple-historical-word,kha-n1906-002648,pynidid,pynidid,verb,word,185,0.975,no,pending,yes
1818,n1906-019,18,1:simple-historical-word,kha-n1906-002650,pynieng,pynieng,verb,word,185,0.975,no,pending,yes
1819,n1906-019,19,1:simple-historical-word,kha-n1906-002651,pynjhieh,pynjhieh,verb,word,185,0.975,no,pending,yes
1820,n1906-019,20,1:simple-historical-word,kha-n1906-002640,pynkhieklong,pynkhieklong,verb,word,184,0.975,no,pending,yes
1821,n1906-019,21,1:simple-historical-word,kha-n1906-002642,pynkhyllew,pynkhyllew,verb,word,185,0.975,no,pending,yes
1822,n1906-019,22,1:simple-historical-word,kha-n1906-002619,pynkriang,pynkriang,verb,word,183,0.975,no,pending,yes
1823,n1906-019,23,1:simple-historical-word,kha-n1906-002652,pynlat,pynlat,verb,word,185,0.975,no,pending,yes
1824,n1906-019,24,1:simple-historical-word,kha-n1906-002654,pynphuh,pynphuh,verb,word,185,0.975,no,pending,yes
1825,n1906-019,25,1:simple-historical-word,kha-n1906-002657,pynshadsuloi,pynshadsuloi,verb,word,185,0.975,no,pending,yes
1826,n1906-019,26,1:simple-historical-word,kha-n1906-002658,pynshait,pynshait,verb,word,185,0.975,no,pending,yes
1827,n1906-019,27,1:simple-historical-word,kha-n1906-000288,pynshet,pynshet,verb,word,24,0.950,no,pending,yes
1828,n1906-019,28,1:simple-historical-word,kha-n1906-002661,pynshoi,pynshoi,verb,word,186,0.975,no,pending,yes
1829,n1906-019,29,1:simple-historical-word,kha-n1906-002659,pynshok,pynshok,noun,word,185,0.975,no,pending,yes
1830,n1906-019,30,1:simple-historical-word,kha-n1906-002660,pynshong,pynshong,verb,word,185,0.975,no,pending,yes
1831,n1906-019,31,1:simple-historical-word,kha-n1906-002662,pyntha,pyntha,noun,word,186,0.975,no,pending,yes
1832,n1906-019,32,1:simple-historical-word,kha-n1906-002663,pynthame,pynthame,verb,word,186,0.975,no,pending,yes
1833,n1906-019,33,1:simple-historical-word,kha-n1906-002664,pyntian,pyntian,verb,word,186,0.975,no,pending,yes
1834,n1906-019,34,1:simple-historical-word,kha-n1906-002667,pyrda,pyrda,noun,word,186,0.975,no,pending,yes
1835,n1906-019,35,1:simple-historical-word,kha-n1906-002670,pyrha,pyrha,noun,word,186,0.975,no,pending,yes
1836,n1906-019,36,1:simple-historical-word,kha-n1906-002671,pyrhut,pyrhut,adjective,word,186,0.975,no,pending,yes
1837,n1906-019,37,1:simple-historical-word,kha-n1906-002672,pyrjah,pyrjah,verb,word,186,0.975,no,pending,yes
1838,n1906-019,38,1:simple-historical-word,kha-n1906-002665,pyrkhat,pyrkhat,verb,word,186,0.975,no,pending,yes
1839,n1906-019,39,1:simple-historical-word,kha-n1906-002666,pyrkhing,pyrkhing,adverb,word,186,0.975,no,pending,yes
1840,n1906-019,40,1:simple-historical-word,kha-n1906-002674,pyrsat,pyrsat,verb,word,186,0.975,no,pending,yes
1841,n1906-019,41,1:simple-historical-word,kha-n1906-002675,pyrshang,pyrshang,verb,word,186,0.975,no,pending,yes
1842,n1906-019,42,1:simple-historical-word,kha-n1906-002676,pyrshen,pyrshen,noun,word,186,0.975,no,pending,yes
1843,n1906-019,43,1:simple-historical-word,kha-n1906-002677,pyrsia,pyrsia,verb,word,186,0.975,no,pending,yes
1844,n1906-019,44,1:simple-historical-word,kha-n1906-002678,pyrsit,pyrsit,noun,word,186,0.975,no,pending,yes
1845,n1906-019,45,1:simple-historical-word,kha-n1906-002679,pyrsut,pyrsut,noun,word,187,0.975,no,pending,yes
1846,n1906-019,46,1:simple-historical-word,kha-n1906-002680,pyrta,pyrta,verb,word,187,0.975,no,pending,yes
1847,n1906-019,47,1:simple-historical-word,kha-n1906-002682,pyrthat,pyrthat,noun,word,187,0.975,no,pending,yes
1848,n1906-019,48,1:simple-historical-word,kha-n1906-002683,pyrthei,pyrthei,noun,word,187,0.975,no,pending,yes
1849,n1906-019,49,1:simple-historical-word,kha-n1906-002684,pyrthiew,pyrthiew,verb,word,187,0.975,no,pending,yes
1850,n1906-019,50,1:simple-historical-word,kha-n1906-002685,pyrthuh,pyrthuh,verb,word,187,0.975,no,pending,yes
1851,n1906-019,51,1:simple-historical-word,kha-n1906-002687,pyrtuh,pyrtuh,noun,word,187,0.975,no,pending,yes
1852,n1906-019,52,1:simple-historical-word,kha-n1906-002686,pyrtung,pyrtung,adverb,word,187,0.975,no,pending,yes
1853,n1906-019,53,1:simple-historical-word,kha-n1906-002688,pyrwa,pyrwa,verb,word,187,0.975,no,pending,yes
1854,n1906-019,54,1:simple-historical-word,kha-n1906-002728,r'eng,r'eng,adverb,word,190,0.975,no,pending,yes
1855,n1906-019,55,1:simple-historical-word,kha-n1906-002694,radha,radha,noun,word,188,0.975,no,pending,yes
1856,n1906-019,56,1:simple-historical-word,kha-n1906-002699,raiep,raiep,adverb,word,188,0.975,no,pending,yes
1857,n1906-019,57,1:simple-historical-word,kha-n1906-002701,raiot,raiot,noun,word,188,0.975,no,pending,yes
1858,n1906-019,58,1:simple-historical-word,kha-n1906-002689,raked,raked,adverb,word,187,0.975,no,pending,yes
1859,n1906-019,59,1:simple-historical-word,kha-n1906-002690,raken,raken,adverb,word,187,0.975,no,pending,yes
1860,n1906-019,60,1:simple-historical-word,kha-n1906-002691,rakhe,rakhe,verb,word,187,0.975,no,pending,yes
1861,n1906-019,61,1:simple-historical-word,kha-n1906-002692,rakot,rakot,noun,word,187,0.975,no,pending,yes
1862,n1906-019,62,1:simple-historical-word,kha-n1906-002712,ramhah,ramhah,noun,word,189,0.975,no,pending,yes
1863,n1906-019,63,1:simple-historical-word,kha-n1906-002718,ranap,ranap,noun,word,189,0.975,no,pending,yes
1864,n1906-019,64,1:simple-historical-word,kha-n1906-002696,rangli,rangli,noun,word,188,0.975,no,pending,yes
1865,n1906-019,65,1:simple-historical-word,kha-n1906-002719,rani,rani,noun,word,189,0.975,no,pending,yes
1866,n1906-019,66,1:simple-historical-word,kha-n1906-002720,rapiej,rapiej,adverb,word,190,0.975,no,pending,yes
1867,n1906-019,67,1:simple-historical-word,kha-n1906-002721,rashi,rashi,noun,word,190,0.975,no,pending,yes
1868,n1906-019,68,1:simple-historical-word,kha-n1906-002722,rashing,rashing,noun,word,190,0.975,no,pending,yes
1869,n1906-019,69,1:simple-historical-word,kha-n1906-002723,rasong,rasong,noun,word,190,0.975,no,pending,yes
1870,n1906-019,70,1:simple-historical-word,kha-n1906-002724,ratap,ratap,noun,word,190,0.975,no,pending,yes
1871,n1906-019,71,1:simple-historical-word,kha-n1906-002725,rati,rati,noun,word,190,0.975,no,pending,yes
1872,n1906-019,72,1:simple-historical-word,kha-n1906-002700,rdid,rdid,adjective,word,188,0.975,no,pending,yes
1873,n1906-019,73,1:simple-historical-word,kha-n1906-002726,rdong,rdong,adverb,word,190,0.975,no,pending,yes
1874,n1906-019,74,1:simple-historical-word,kha-n1906-002727,red,red,noun,word,190,0.975,no,pending,yes
1875,n1906-019,75,1:simple-historical-word,kha-n1906-002729,reng,reng,noun,word,190,0.975,no,pending,yes
1876,n1906-019,76,1:simple-historical-word,kha-n1906-002756,rijied,rijied,noun,word,193,0.975,no,pending,yes
1877,n1906-019,77,1:simple-historical-word,kha-n1906-002757,rim,rim,adjective,word,193,0.975,no,pending,yes
1878,n1906-019,78,1:simple-historical-word,kha-n1906-002758,rin,rin,adverb,word,193,0.975,no,pending,yes
1879,n1906-019,79,1:simple-historical-word,kha-n1906-002750,ringmaw,ringmaw,verb,word,193,0.975,no,pending,yes
1880,n1906-019,80,1:simple-historical-word,kha-n1906-002751,ringsamthiah,ringsamthiah,verb,word,193,0.975,no,pending,yes
1881,n1906-019,81,1:simple-historical-word,kha-n1906-002752,ringsan,ringsan,verb,word,193,0.975,no,pending,yes
1882,n1906-019,82,1:simple-historical-word,kha-n1906-002753,ringsur,ringsur,verb,word,193,0.975,no,pending,yes
1883,n1906-019,83,1:simple-historical-word,kha-n1906-002754,ringtyllai,ringtyllai,noun,word,193,0.975,no,pending,yes
1884,n1906-019,84,1:simple-historical-word,kha-n1906-002755,ringtyrkhong,ringtyrkhong,verb,word,193,0.975,no,pending,yes
1885,n1906-019,85,1:simple-historical-word,kha-n1906-002761,risang,risang,noun,word,193,0.975,no,pending,yes
1886,n1906-019,86,1:simple-historical-word,kha-n1906-002762,risaw,risaw,noun,word,193,0.975,no,pending,yes
1887,n1906-019,87,1:simple-historical-word,kha-n1906-002763,rishot,rishot,noun,word,193,0.975,no,pending,yes
1888,n1906-019,88,1:simple-historical-word,kha-n1906-002764,rit,rit,adjective,word,193,0.975,no,pending,yes
1889,n1906-019,89,1:simple-historical-word,kha-n1906-002765,riti,riti,noun,word,193,0.975,no,pending,yes
1890,n1906-019,90,1:simple-historical-word,kha-n1906-002768,rmen,rmen,noun,word,193,0.975,no,pending,yes
1891,n1906-019,91,1:simple-historical-word,kha-n1906-002773,rnai,rnai,noun,word,194,0.975,no,pending,yes
1892,n1906-019,92,1:simple-historical-word,kha-n1906-002771,rniang,rniang,noun,word,194,0.975,no,pending,yes
1893,n1906-019,93,1:simple-historical-word,kha-n1906-002772,rnong,rnong,noun,word,194,0.975,no,pending,yes
1894,n1906-019,94,1:simple-historical-word,kha-n1906-002774,rong,rong,noun,word,194,0.975,no,pending,yes
1895,n1906-019,95,1:simple-historical-word,kha-n1906-002790,rtiang,rtiang,noun,word,195,0.975,no,pending,yes
1896,n1906-019,96,1:simple-historical-word,kha-n1906-002811,rwiang,rwiang,noun,word,196,0.975,no,pending,yes
1897,n1906-019,97,1:simple-historical-word,kha-n1906-002812,ryben,ryben,adjective,word,196,0.975,no,pending,yes
1898,n1906-019,98,1:simple-historical-word,kha-n1906-002825,rymbai,rymbai,noun,word,197,0.975,no,pending,yes
1899,n1906-019,99,1:simple-historical-word,kha-n1906-002822,ryngkiih,ryngkiih,adverb,word,196,0.975,no,pending,yes
1900,n1906-019,100,1:simple-historical-word,kha-n1906-002820,ryngngi,ryngngi,noun,word,196,0.975,no,pending,yes
1901,n1906-020,1,1:simple-historical-word,kha-n1906-002824,ryngwiang,ryngwiang,noun,word,197,0.975,no,pending,yes
1902,n1906-020,2,1:simple-historical-word,kha-n1906-002832,rynniaw,rynniaw,noun,word,197,0.975,no,pending,yes
1903,n1906-020,3,1:simple-historical-word,kha-n1906-002909,s'at,s'at,adjective,word,203,0.975,no,pending,yes
1904,n1906-020,4,1:simple-historical-word,kha-n1906-002953,s'ep,s'ep,noun,word,206,0.975,no,pending,yes
1905,n1906-020,5,1:simple-historical-word,kha-n1906-003223,s'iang,s'iang,adjective,word,222,0.975,no,pending,yes
1906,n1906-020,6,1:simple-historical-word,kha-n1906-003226,s'iar,s'iar,noun,word,223,0.975,no,pending,yes
1907,n1906-020,7,1:simple-historical-word,kha-n1906-003242,s'iem,s'iem,noun,word,224,0.975,no,pending,yes
1908,n1906-020,8,1:simple-historical-word,kha-n1906-003256,s'ir,s'ir,adjective,word,225,0.975,no,pending,yes
1909,n1906-020,9,1:simple-historical-word,kha-n1906-002868,s'liid,s'liid,adjective,word,201,0.975,no,pending,yes
1910,n1906-020,10,1:simple-historical-word,kha-n1906-002840,sab,sab,adjective,word,198,0.975,no,pending,yes
1911,n1906-020,11,1:simple-historical-word,kha-n1906-002841,sabiah,sabiah,adverb,word,198,0.975,no,pending,yes
1912,n1906-020,12,1:simple-historical-word,kha-n1906-002842,sabniup,sabniup,adverb,word,198,0.975,no,pending,yes
1913,n1906-020,13,1:simple-historical-word,kha-n1906-002853,sadai,sadai,noun,word,199,0.975,no,pending,yes
1914,n1906-020,14,1:simple-historical-word,kha-n1906-002854,sadhai,sadhai,adverb,word,199,0.975,no,pending,yes
1915,n1906-020,15,1:simple-historical-word,kha-n1906-002861,saham,saham,verb,word,200,0.975,no,pending,yes
1916,n1906-020,16,1:simple-historical-word,kha-n1906-002863,saheb,saheb,noun,word,200,0.975,no,pending,yes
1917,n1906-020,17,1:simple-historical-word,kha-n1906-002864,sahiaw,sahiaw,noun,word,200,0.975,no,pending,yes
1918,n1906-020,18,1:simple-historical-word,kha-n1906-002881,saja,saja,noun,word,202,0.975,no,pending,yes
1919,n1906-020,19,1:simple-historical-word,kha-n1906-002843,sakar,sakar,adverb,word,198,0.975,no,pending,yes
1920,n1906-020,20,1:simple-historical-word,kha-n1906-002844,sakhap,sakhap,adjective,word,199,0.975,no,pending,yes
1921,n1906-020,21,1:simple-historical-word,kha-n1906-002845,sakhi,sakhi,noun,word,199,0.975,no,pending,yes
1922,n1906-020,22,1:simple-historical-word,kha-n1906-002846,sakhiih,sakhiih,verb,word,199,0.975,no,pending,yes
1923,n1906-020,23,1:simple-historical-word,kha-n1906-002847,sakhrai,sakhrai,verb,word,199,0.975,no,pending,yes
1924,n1906-020,24,1:simple-historical-word,kha-n1906-002852,sakiii,sakiii,adverb,word,199,0.975,no,pending,yes
1925,n1906-020,25,1:simple-historical-word,kha-n1906-002848,sakma,sakma,verb,word,199,0.975,no,pending,yes
1926,n1906-020,26,1:simple-historical-word,kha-n1906-002849,saktiaw,saktiaw,adverb,word,199,0.975,no,pending,yes
1927,n1906-020,27,1:simple-historical-word,kha-n1906-002850,saktup,saktup,adverb,word,199,0.975,no,pending,yes
1928,n1906-020,28,1:simple-historical-word,kha-n1906-002851,sakuda,sakuda,noun,word,199,0.975,no,pending,yes
1929,n1906-020,29,1:simple-historical-word,kha-n1906-002882,sala,sala,noun,word,202,0.975,no,pending,yes
1930,n1906-020,30,1:simple-historical-word,kha-n1906-002883,salia,salia,adjective,word,202,0.975,no,pending,yes
1931,n1906-020,31,1:simple-historical-word,kha-n1906-002884,salit,salit,adverb,word,202,0.975,no,pending,yes
1932,n1906-020,32,1:simple-historical-word,kha-n1906-002885,salu,salu,noun,word,202,0.975,no,pending,yes
1933,n1906-020,33,1:simple-historical-word,kha-n1906-002886,sam,sam,verb,word,202,0.975,no,pending,yes
1934,n1906-020,34,1:simple-historical-word,kha-n1906-002888,samep,samep,adjective,word,202,0.975,no,pending,yes
1935,n1906-020,35,1:simple-historical-word,kha-n1906-002895,samiih,samiih,adverb,word,202,0.975,no,pending,yes
1936,n1906-020,36,1:simple-historical-word,kha-n1906-002889,samla,samla,noun,word,202,0.975,no,pending,yes
1937,n1906-020,37,1:simple-historical-word,kha-n1906-002890,sammut,sammut,adjective,word,202,0.975,no,pending,yes
1938,n1906-020,38,1:simple-historical-word,kha-n1906-002891,samoi,samoi,noun,word,202,0.975,no,pending,yes
1939,n1906-020,39,1:simple-historical-word,kha-n1906-002892,samparat,samparat,noun,word,202,0.975,no,pending,yes
1940,n1906-020,40,1:simple-historical-word,kha-n1906-002893,samsia,samsia,adjective,word,202,0.975,no,pending,yes
1941,n1906-020,41,1:simple-historical-word,kha-n1906-002894,samtari,samtari,noun,word,202,0.975,no,pending,yes
1942,n1906-020,42,1:simple-historical-word,kha-n1906-002896,sanad,sanad,noun,word,203,0.975,no,pending,yes
1943,n1906-020,43,1:simple-historical-word,kha-n1906-002855,sang,sang,adjective,word,199,0.975,no,pending,yes
1944,n1906-020,44,1:simple-historical-word,kha-n1906-002856,sangam,sangam,noun,word,199,0.975,no,pending,yes
1945,n1906-020,45,1:simple-historical-word,kha-n1906-002857,sangeh,sangeh,verb,word,200,0.975,no,pending,yes
1946,n1906-020,46,1:simple-historical-word,kha-n1906-002858,sangoh,sangoh,verb,word,200,0.975,no,pending,yes
1947,n1906-020,47,1:simple-historical-word,kha-n1906-002859,sangrang,sangrang,adverb,word,200,0.975,no,pending,yes
1948,n1906-020,48,1:simple-historical-word,kha-n1906-002860,sangsot,sangsot,adjective,word,200,0.975,no,pending,yes
1949,n1906-020,49,1:simple-historical-word,kha-n1906-002898,saniur,saniur,adjective,word,203,0.975,no,pending,yes
1950,n1906-020,50,1:simple-historical-word,kha-n1906-002897,santer,santer,verb,word,203,0.975,no,pending,yes
1951,n1906-020,51,1:simple-historical-word,kha-n1906-002899,sap,sap,noun,word,203,0.975,no,pending,yes
1952,n1906-020,52,1:simple-historical-word,kha-n1906-002900,sapa,sapa,adjective,word,203,0.975,no,pending,yes
1953,n1906-020,53,1:simple-historical-word,kha-n1906-002901,saphret,saphret,adjective,word,203,0.975,no,pending,yes
1954,n1906-020,54,1:simple-historical-word,kha-n1906-002902,sapiet,sapiet,noun,word,203,0.975,no,pending,yes
1955,n1906-020,55,1:simple-historical-word,kha-n1906-002903,sapoh,sapoh,noun,word,203,0.975,no,pending,yes
1956,n1906-020,56,1:simple-historical-word,kha-n1906-002904,sapra,sapra,verb,word,203,0.975,no,pending,yes
1957,n1906-020,57,1:simple-historical-word,kha-n1906-002905,sarasg,sarasg,verb,word,203,0.975,no,pending,yes
1958,n1906-020,58,1:simple-historical-word,kha-n1906-002906,saraw,saraw,noun,word,203,0.975,no,pending,yes
1959,n1906-020,59,1:simple-historical-word,kha-n1906-002907,saro,saro,noun,word,203,0.975,no,pending,yes
1960,n1906-020,60,1:simple-historical-word,kha-n1906-002908,sarong,sarong,adjective,word,203,0.975,no,pending,yes
1961,n1906-020,61,1:simple-historical-word,kha-n1906-002913,sathe,sathe,adverb,word,204,0.975,no,pending,yes
1962,n1906-020,62,1:simple-historical-word,kha-n1906-002914,sati,sati,noun,word,204,0.975,no,pending,yes
1963,n1906-020,63,1:simple-historical-word,kha-n1906-002915,satia,satia,adverb,word,204,0.975,no,pending,yes
1964,n1906-020,64,1:simple-historical-word,kha-n1906-002917,satlak,satlak,adverb,word,204,0.975,no,pending,yes
1965,n1906-020,65,1:simple-historical-word,kha-n1906-002918,satlip,satlip,adverb,word,204,0.975,no,pending,yes
1966,n1906-020,66,1:simple-historical-word,kha-n1906-002920,saw,saw,adjective,word,204,0.975,no,pending,yes
1967,n1906-020,67,1:simple-historical-word,kha-n1906-002921,sawang,sawang,adjective,word,204,0.975,no,pending,yes
1968,n1906-020,68,1:simple-historical-word,kha-n1906-002922,sawar,sawar,noun,word,204,0.975,no,pending,yes
1969,n1906-020,69,1:simple-historical-word,kha-n1906-002925,sawlia,sawlia,adjective,word,204,0.975,no,pending,yes
1970,n1906-020,70,1:simple-historical-word,kha-n1906-002926,sawphew,sawphew,adjective,word,204,0.975,no,pending,yes
1971,n1906-020,71,1:simple-historical-word,kha-n1906-002927,sawrang,sawrang,adjective,word,204,0.975,no,pending,yes
1972,n1906-020,72,1:simple-historical-word,kha-n1906-002928,sawreng,sawreng,adjective,word,204,0.975,no,pending,yes
1973,n1906-020,73,1:simple-historical-word,kha-n1906-002930,sawtriang,sawtriang,adjective,word,204,0.975,no,pending,yes
1974,n1906-020,74,1:simple-historical-word,kha-n1906-002931,sbak,sbak,adverb,word,204,0.975,no,pending,yes
1975,n1906-020,75,1:simple-historical-word,kha-n1906-002932,sbu,sbu,noun,word,205,0.975,no,pending,yes
1976,n1906-020,76,1:simple-historical-word,kha-n1906-002934,sbur,sbur,adjective,word,205,0.975,no,pending,yes
1977,n1906-020,77,1:simple-historical-word,kha-n1906-002933,sbuu,sbuu,adjective,word,205,0.975,no,pending,yes
1978,n1906-020,78,1:simple-historical-word,kha-n1906-002947,sdung,sdung,adjective,word,206,0.975,no,pending,yes
1979,n1906-020,79,1:simple-historical-word,kha-n1906-002949,sei,sei,verb,word,206,0.975,no,pending,yes
1980,n1906-020,80,1:simple-historical-word,kha-n1906-002951,seisoh,seisoh,adjective,word,206,0.975,no,pending,yes
1981,n1906-020,81,1:simple-historical-word,kha-n1906-002952,sem,sem,noun,word,206,0.975,no,pending,yes
1982,n1906-020,82,1:simple-historical-word,kha-n1906-003000,sh'ah,sh'ah,noun,word,209,0.975,no,pending,yes
1983,n1906-020,83,1:simple-historical-word,kha-n1906-003075,sh'iap,sh'iap,noun,word,213,0.975,no,pending,yes
1984,n1906-020,84,1:simple-historical-word,kha-n1906-003093,sh'ing,sh'ing,noun,word,214,0.975,no,pending,yes
1985,n1906-020,85,1:simple-historical-word,kha-n1906-002985,shabdr,shabdr,adverb,word,208,0.975,no,pending,yes
1986,n1906-020,86,1:simple-historical-word,kha-n1906-002984,shabein,shabein,adverb,word,208,0.975,no,pending,yes
1987,n1906-020,87,1:simple-historical-word,kha-n1906-002986,shabi,shabi,noun,word,208,0.975,no,pending,yes
1988,n1906-020,88,1:simple-historical-word,kha-n1906-002993,shad,shad,verb,word,208,0.975,no,pending,yes
1989,n1906-020,89,1:simple-historical-word,kha-n1906-002994,shadem,shadem,noun,word,208,0.975,no,pending,yes
1990,n1906-020,90,1:simple-historical-word,kha-n1906-002995,shadien,shadien,adverb,word,208,0.975,no,pending,yes
1991,n1906-020,91,1:simple-historical-word,kha-n1906-002996,shador,shador,noun,word,208,0.975,no,pending,yes
1992,n1906-020,92,1:simple-historical-word,kha-n1906-002998,shaduh,shaduh,adverb,word,209,0.975,no,pending,yes
1993,n1906-020,93,1:simple-historical-word,kha-n1906-003002,shahaw,shahaw,adverb,word,209,0.975,no,pending,yes
1994,n1906-020,94,1:simple-historical-word,kha-n1906-003001,shahksew,shahksew,noun,word,209,0.975,no,pending,yes
1995,n1906-020,95,1:simple-historical-word,kha-n1906-003004,shahshkor,shahshkor,verb,word,209,0.975,no,pending,yes
1996,n1906-020,96,1:simple-historical-word,kha-n1906-003010,shaia,shaia,adjective,word,209,0.975,no,pending,yes
1997,n1906-020,97,1:simple-historical-word,kha-n1906-003005,shaia,shaia,adverb,word,209,0.975,no,pending,yes
1998,n1906-020,98,1:simple-historical-word,kha-n1906-003007,shain,shain,verb,word,209,0.975,no,pending,yes
1999,n1906-020,99,1:simple-historical-word,kha-n1906-003008,shaiong,shaiong,verb,word,209,0.975,no,pending,yes
2000,n1906-020,100,1:simple-historical-word,kha-n1906-003009,shaitmet,shaitmet,verb,word,209,0.975,no,pending,yes
2001,n1906-021,1,1:simple-historical-word,kha-n1906-002987,shakhait,shakhait,verb,word,208,0.975,no,pending,yes
2002,n1906-021,2,1:simple-historical-word,kha-n1906-002988,shakhat,shakhat,noun,word,208,0.975,no,pending,yes
2003,n1906-021,3,1:simple-historical-word,kha-n1906-002989,shakri,shakri,noun,word,208,0.975,no,pending,yes
2004,n1906-021,4,1:simple-historical-word,kha-n1906-002990,shaku,shaku,noun,word,208,0.975,no,pending,yes
2005,n1906-021,5,1:simple-historical-word,kha-n1906-002991,shakuriaw,shakuriaw,noun,word,208,0.975,no,pending,yes
2006,n1906-021,6,1:simple-historical-word,kha-n1906-002992,shakyntir,shakyntir,noun,word,208,0.975,no,pending,yes
2007,n1906-021,7,1:simple-historical-word,kha-n1906-003012,shalai,shalai,verb,word,209,0.975,no,pending,yes
2008,n1906-021,8,1:simple-historical-word,kha-n1906-003011,shalak,shalak,adjective,word,209,0.975,no,pending,yes
2009,n1906-021,9,1:simple-historical-word,kha-n1906-003013,shalami,shalami,adjective,word,209,0.950,no,pending,yes
2010,n1906-021,10,1:simple-historical-word,kha-n1906-003014,shalan,shalan,verb,word,209,0.975,no,pending,yes
2011,n1906-021,11,1:simple-historical-word,kha-n1906-003015,shalani,shalani,noun,word,209,0.975,no,pending,yes
2012,n1906-021,12,1:simple-historical-word,kha-n1906-003016,shalor,shalor,adverb,word,209,0.975,no,pending,yes
2013,n1906-021,13,1:simple-historical-word,kha-n1906-003018,shalynnai,shalynnai,noun,word,210,0.975,no,pending,yes
2014,n1906-021,14,1:simple-historical-word,kha-n1906-003022,shamoit,shamoit,noun,word,210,0.975,no,pending,yes
2015,n1906-021,15,1:simple-historical-word,kha-n1906-003021,shamok,shamok,verb,word,210,0.975,no,pending,yes
2016,n1906-021,16,1:simple-historical-word,kha-n1906-003024,shana,shana,noun,word,210,0.975,no,pending,yes
2017,n1906-021,17,1:simple-historical-word,kha-n1906-003026,shanduwa,shanduwa,noun,word,210,0.975,no,pending,yes
2018,n1906-021,18,1:simple-historical-word,kha-n1906-003027,shane,shane,adverb,word,210,0.975,no,pending,yes
2019,n1906-021,19,1:simple-historical-word,kha-n1906-003028,shaneng,shaneng,adverb,word,210,0.975,no,pending,yes
2020,n1906-021,20,1:simple-historical-word,kha-n1906-002999,shang,shang,noun,word,209,0.975,no,pending,yes
2021,n1906-021,21,1:simple-historical-word,kha-n1906-003029,shaniah,shaniah,verb,word,210,0.975,no,pending,yes
2022,n1906-021,22,1:simple-historical-word,kha-n1906-003031,shano,shano,adverb,word,210,0.975,no,pending,yes
2023,n1906-021,23,1:simple-historical-word,kha-n1906-003034,shaphrang,shaphrang,adverb,word,210,0.975,no,pending,yes
2024,n1906-021,24,1:simple-historical-word,kha-n1906-003035,shaphrat,shaphrat,noun,word,210,0.975,no,pending,yes
2025,n1906-021,25,1:simple-historical-word,kha-n1906-003037,shapnloit,shapnloit,noun,word,210,0.975,no,pending,yes
2026,n1906-021,26,1:simple-historical-word,kha-n1906-003036,shapoh,shapoh,adverb,word,210,0.975,no,pending,yes
2027,n1906-021,27,1:simple-historical-word,kha-n1906-003039,shara,shara,noun,word,210,0.975,no,pending,yes
2028,n1906-021,28,1:simple-historical-word,kha-n1906-003041,sharai,sharai,verb,word,211,0.975,no,pending,yes
2029,n1906-021,29,1:simple-historical-word,kha-n1906-003040,sharak,sharak,noun,word,210,0.975,no,pending,yes
2030,n1906-021,30,1:simple-historical-word,kha-n1906-003042,sharati,sharati,noun,word,211,0.975,no,pending,yes
2031,n1906-021,31,1:simple-historical-word,kha-n1906-003043,share,share,adverb,word,211,0.975,no,pending,yes
2032,n1906-021,32,1:simple-historical-word,kha-n1906-003045,shariid,shariid,adverb,word,211,0.975,no,pending,yes
2033,n1906-021,33,1:simple-historical-word,kha-n1906-003044,sharing,sharing,noun,word,211,0.975,no,pending,yes
2034,n1906-021,34,1:simple-historical-word,kha-n1906-003046,sharum,sharum,adverb,word,211,0.975,no,pending,yes
2035,n1906-021,35,1:simple-historical-word,kha-n1906-003047,sharyntoh,sharyntoh,noun,word,211,0.975,no,pending,yes
2036,n1906-021,36,1:simple-historical-word,kha-n1906-003048,shata,shata,adverb,word,211,0.975,no,pending,yes
2037,n1906-021,37,1:simple-historical-word,kha-n1906-003050,shatei,shatei,adverb,word,211,0.975,no,pending,yes
2038,n1906-021,38,1:simple-historical-word,kha-n1906-003051,shathie,shathie,adverb,word,211,0.975,no,pending,yes
2039,n1906-021,39,1:simple-historical-word,kha-n1906-003052,shaton,shaton,noun,word,211,0.975,no,pending,yes
2040,n1906-021,40,1:simple-historical-word,kha-n1906-003055,shawei,shawei,adverb,word,211,0.975,no,pending,yes
2041,n1906-021,41,1:simple-historical-word,kha-n1906-003054,shawkad,shawkad,noun,word,211,0.975,no,pending,yes
2042,n1906-021,42,1:simple-historical-word,kha-n1906-003057,shawroi,shawroi,noun,word,211,0.975,no,pending,yes
2043,n1906-021,43,1:simple-historical-word,kha-n1906-003065,shemphang,shemphang,verb,word,212,0.975,no,pending,yes
2044,n1906-021,44,1:simple-historical-word,kha-n1906-003066,shemsang,shemsang,verb,word,212,0.975,no,pending,yes
2045,n1906-021,45,1:simple-historical-word,kha-n1906-003068,sheptieng,sheptieng,verb,word,212,0.975,no,pending,yes
2046,n1906-021,46,1:simple-historical-word,kha-n1906-003069,sherkhang,sherkhang,verb,word,212,0.975,no,pending,yes
2047,n1906-021,47,1:simple-historical-word,kha-n1906-003076,shibhdr,shibhdr,noun,word,213,0.975,no,pending,yes
2048,n1906-021,48,1:simple-historical-word,kha-n1906-003077,shibriew,shibriew,noun,word,213,0.975,no,pending,yes
2049,n1906-021,49,1:simple-historical-word,kha-n1906-003078,shibyllien,shibyllien,adverb,word,213,0.975,no,pending,yes
2050,n1906-021,50,1:simple-historical-word,kha-n1906-003079,shibynta,shibynta,noun,word,213,0.975,no,pending,yes
2051,n1906-021,51,1:simple-historical-word,kha-n1906-003090,shida,shida,adjective,word,214,0.975,no,pending,yes
2052,n1906-021,52,1:simple-historical-word,kha-n1906-003126,shidr,shidr,adverb,word,216,0.975,no,pending,yes
2053,n1906-021,53,1:simple-historical-word,kha-n1906-003082,shikdw,shikdw,noun,word,213,0.975,no,pending,yes
2054,n1906-021,54,1:simple-historical-word,kha-n1906-003083,shikham,shikham,noun,word,213,0.975,no,pending,yes
2055,n1906-021,55,1:simple-historical-word,kha-n1906-003084,shikhem,shikhem,noun,word,213,0.975,no,pending,yes
2056,n1906-021,56,1:simple-historical-word,kha-n1906-003085,shikhub,shikhub,noun,word,213,0.975,no,pending,yes
2057,n1906-021,57,1:simple-historical-word,kha-n1906-003089,shikyntien,shikyntien,noun,word,214,0.975,no,pending,yes
2058,n1906-021,58,1:simple-historical-word,kha-n1906-003102,shilot,shilot,noun,word,214,0.975,no,pending,yes
2059,n1906-021,59,1:simple-historical-word,kha-n1906-003111,shini,shini,noun,word,215,0.975,no,pending,yes
2060,n1906-021,60,1:simple-historical-word,kha-n1906-003112,shiphang,shiphang,adverb,word,215,0.975,no,pending,yes
2061,n1906-021,61,1:simple-historical-word,kha-n1906-003115,shipung,shipung,noun,word,215,0.975,no,pending,yes
2062,n1906-021,62,1:simple-historical-word,kha-n1906-003116,shir,shir,noun,word,215,0.975,no,pending,yes
2063,n1906-021,63,1:simple-historical-word,kha-n1906-003119,shisha,shisha,adjective,word,215,0.975,no,pending,yes
2064,n1906-021,64,1:simple-historical-word,kha-n1906-003118,shisien,shisien,adverb,word,215,0.975,no,pending,yes
2065,n1906-021,65,1:simple-historical-word,kha-n1906-003120,shisyndon,shisyndon,adverb,word,216,0.975,no,pending,yes
2066,n1906-021,66,1:simple-historical-word,kha-n1906-003121,shit,shit,adjective,word,216,0.975,no,pending,yes
2067,n1906-021,67,1:simple-historical-word,kha-n1906-003124,shithi,shithi,noun,word,216,0.975,no,pending,yes
2068,n1906-021,68,1:simple-historical-word,kha-n1906-003125,shithoh,shithoh,noun,word,216,0.975,no,pending,yes
2069,n1906-021,69,1:simple-historical-word,kha-n1906-003127,shitom,shitom,noun,word,216,0.975,no,pending,yes
2070,n1906-021,70,1:simple-historical-word,kha-n1906-003131,shiwat,shiwat,adverb,word,216,0.975,no,pending,yes
2071,n1906-021,71,1:simple-historical-word,kha-n1906-003058,shkait,shkait,adverb,word,211,0.975,no,pending,yes
2072,n1906-021,72,1:simple-historical-word,kha-n1906-003059,shkdw,shkdw,noun,word,211,0.975,no,pending,yes
2073,n1906-021,73,1:simple-historical-word,kha-n1906-003060,shken,shken,noun,word,211,0.975,no,pending,yes
2074,n1906-021,74,1:simple-historical-word,kha-n1906-003061,shkiah,shkiah,verb,word,211,0.975,no,pending,yes
2075,n1906-021,75,1:simple-historical-word,kha-n1906-003062,shkor,shkor,noun,word,212,0.975,no,pending,yes
2076,n1906-021,76,1:simple-historical-word,kha-n1906-003133,shlei,shlei,verb,word,217,0.975,no,pending,yes
2077,n1906-021,77,1:simple-historical-word,kha-n1906-003134,shlem,shlem,noun,word,217,0.975,no,pending,yes
2078,n1906-021,78,1:simple-historical-word,kha-n1906-003135,shlim,shlim,noun,word,217,0.975,no,pending,yes
2079,n1906-021,79,1:simple-historical-word,kha-n1906-003136,shlur,shlur,adjective,word,217,0.975,no,pending,yes
2080,n1906-021,80,1:simple-historical-word,kha-n1906-003137,shmoh,shmoh,noun,word,217,0.975,no,pending,yes
2081,n1906-021,81,1:simple-historical-word,kha-n1906-003138,shmuin,shmuin,adverb,word,217,0.975,no,pending,yes
2082,n1906-021,82,1:simple-historical-word,kha-n1906-003139,shnat,shnat,noun,word,217,0.975,no,pending,yes
2083,n1906-021,83,1:simple-historical-word,kha-n1906-003140,shnet,shnet,noun,word,217,0.975,no,pending,yes
2084,n1906-021,84,1:simple-historical-word,kha-n1906-003072,shngain,shngain,verb,word,212,0.975,no,pending,yes
2085,n1906-021,85,1:simple-historical-word,kha-n1906-003141,shniah,shniah,noun,word,217,0.975,no,pending,yes
2086,n1906-021,86,1:simple-historical-word,kha-n1906-003142,shniuh,shniuh,noun,word,217,0.975,no,pending,yes
2087,n1906-021,87,1:simple-historical-word,kha-n1906-003179,shohshkor,shohshkor,noun,word,219,0.975,no,pending,yes
2088,n1906-021,88,1:simple-historical-word,kha-n1906-003180,shoifi,shoifi,adverb,word,219,0.975,no,pending,yes
2089,n1906-021,89,1:simple-historical-word,kha-n1906-003144,shongkai,shongkai,verb,word,217,0.975,no,pending,yes
2090,n1906-021,90,1:simple-historical-word,kha-n1906-003146,shongksaw,shongksaw,verb,word,217,0.975,no,pending,yes
2091,n1906-021,91,1:simple-historical-word,kha-n1906-003147,shongksuid,shongksuid,verb,word,217,0.975,no,pending,yes
2092,n1906-021,92,1:simple-historical-word,kha-n1906-003148,shongkulai,shongkulai,verb,word,218,0.975,no,pending,yes
2093,n1906-021,93,1:simple-historical-word,kha-n1906-003149,shongkun,shongkun,verb,word,218,0.975,no,pending,yes
2094,n1906-021,94,1:simple-historical-word,kha-n1906-003150,shongkur,shongkur,verb,word,218,0.975,no,pending,yes
2095,n1906-021,95,1:simple-historical-word,kha-n1906-003151,shongkurim,shongkurim,verb,word,218,0.975,no,pending,yes
2096,n1906-021,96,1:simple-historical-word,kha-n1906-003153,shongkyrndi,shongkyrndi,verb,word,218,0.975,no,pending,yes
2097,n1906-021,97,1:simple-historical-word,kha-n1906-003154,shongkyrni,shongkyrni,verb,word,218,0.975,no,pending,yes
2098,n1906-021,98,1:simple-historical-word,kha-n1906-003155,shongkyrthai,shongkyrthai,verb,word,218,0.975,no,pending,yes
2099,n1906-021,99,1:simple-historical-word,kha-n1906-003165,shongsah,shongsah,verb,word,218,0.975,no,pending,yes
2100,n1906-021,100,1:simple-historical-word,kha-n1906-003164,shongsang,shongsang,verb,word,218,0.975,no,pending,yes
2101,n1906-022,1,1:simple-historical-word,kha-n1906-003167,shongshan,shongshan,verb,word,218,0.975,no,pending,yes
2102,n1906-022,2,1:simple-historical-word,kha-n1906-003169,shongsynran,shongsynran,verb,word,219,0.975,no,pending,yes
2103,n1906-022,3,1:simple-historical-word,kha-n1906-003170,shongsynri,shongsynri,verb,word,219,0.975,no,pending,yes
2104,n1906-022,4,1:simple-historical-word,kha-n1906-003171,shongsynrop,shongsynrop,verb,word,219,0.975,no,pending,yes
2105,n1906-022,5,1:simple-historical-word,kha-n1906-003156,shonkynrong,shonkynrong,verb,word,218,0.975,no,pending,yes
2106,n1906-022,6,1:simple-historical-word,kha-n1906-003182,shrah,shrah,noun,word,219,0.975,no,pending,yes
2107,n1906-022,7,1:simple-historical-word,kha-n1906-003181,shrang,shrang,adjective,word,219,0.975,no,pending,yes
2108,n1906-022,8,1:simple-historical-word,kha-n1906-003184,shrei,shrei,adverb,word,220,0.975,no,pending,yes
2109,n1906-022,9,1:simple-historical-word,kha-n1906-003185,shrem,shrem,adverb,word,220,0.975,no,pending,yes
2110,n1906-022,10,1:simple-historical-word,kha-n1906-003183,shreng,shreng,noun,word,220,0.975,no,pending,yes
2111,n1906-022,11,1:simple-historical-word,kha-n1906-003186,shrieh,shrieh,noun,word,220,0.975,no,pending,yes
2112,n1906-022,12,1:simple-historical-word,kha-n1906-003187,shrip,shrip,noun,word,220,0.975,no,pending,yes
2113,n1906-022,13,1:simple-historical-word,kha-n1906-003189,shroin,shroin,adjective,word,220,0.975,no,pending,yes
2114,n1906-022,14,1:simple-historical-word,kha-n1906-003188,shrong,shrong,noun,word,220,0.975,no,pending,yes
2115,n1906-022,15,1:simple-historical-word,kha-n1906-003190,shrop,shrop,adverb,word,220,0.975,no,pending,yes
2116,n1906-022,16,1:simple-historical-word,kha-n1906-003191,shu,shu,adverb,word,220,0.975,no,pending,yes
2117,n1906-022,17,1:simple-historical-word,kha-n1906-003073,shugiam,shugiam,adjective,word,212,0.975,no,pending,yes
2118,n1906-022,18,1:simple-historical-word,kha-n1906-003192,shuki,shuki,noun,word,220,0.975,no,pending,yes
2119,n1906-022,19,1:simple-historical-word,kha-n1906-003194,shun,shun,noun,word,221,0.975,no,pending,yes
2120,n1906-022,20,1:simple-historical-word,kha-n1906-003201,shutak,shutak,noun,word,221,0.975,no,pending,yes
2121,n1906-022,21,1:simple-historical-word,kha-n1906-003202,shuti,shuti,noun,word,221,0.975,no,pending,yes
2122,n1906-022,22,1:simple-historical-word,kha-n1906-003203,shuwa,shuwa,adverb,word,221,0.975,no,pending,yes
2123,n1906-022,23,1:simple-historical-word,kha-n1906-003206,shyllangmat,shyllangmat,noun,word,221,0.975,no,pending,yes
2124,n1906-022,24,1:simple-historical-word,kha-n1906-003207,shylliah,shylliah,noun,word,221,0.975,no,pending,yes
2125,n1906-022,25,1:simple-historical-word,kha-n1906-003210,shympriah'jat,shympriah'jat,noun,word,222,0.950,no,pending,yes
2126,n1906-022,26,1:simple-historical-word,kha-n1906-003209,shympriah'ti,shympriah'ti,noun,word,222,0.975,no,pending,yes
2127,n1906-022,27,1:simple-historical-word,kha-n1906-003211,shymprong,shymprong,noun,word,222,0.975,no,pending,yes
2128,n1906-022,28,1:simple-historical-word,kha-n1906-003204,shyngkup,shyngkup,noun,word,221,0.975,no,pending,yes
2129,n1906-022,29,1:simple-historical-word,kha-n1906-003213,shynrain,shynrain,noun,word,222,0.975,no,pending,yes
2130,n1906-022,30,1:simple-historical-word,kha-n1906-003212,shynrdi,shynrdi,noun,word,222,0.975,no,pending,yes
2131,n1906-022,31,1:simple-historical-word,kha-n1906-003214,shynreh,shynreh,noun,word,222,0.975,no,pending,yes
2132,n1906-022,32,1:simple-historical-word,kha-n1906-003215,shynroin,shynroin,adjective,word,222,0.975,no,pending,yes
2133,n1906-022,33,1:simple-historical-word,kha-n1906-003217,shyrkait,shyrkait,noun,word,222,0.975,no,pending,yes
2134,n1906-022,34,1:simple-historical-word,kha-n1906-003218,shyrpet,shyrpet,noun,word,222,0.975,no,pending,yes
2135,n1906-022,35,1:simple-historical-word,kha-n1906-003219,shyrti,shyrti,verb,word,222,0.975,no,pending,yes
2136,n1906-022,36,1:simple-historical-word,kha-n1906-003220,shyrtong,shyrtong,noun,word,222,0.975,no,pending,yes
2137,n1906-022,37,1:simple-historical-word,kha-n1906-003221,shyrwat,shyrwat,noun,word,222,0.975,no,pending,yes
2138,n1906-022,38,1:simple-historical-word,kha-n1906-003222,sia,sia,noun,word,222,0.975,no,pending,yes
2139,n1906-022,39,1:simple-historical-word,kha-n1906-003224,sian,sian,adjective,word,223,0.975,no,pending,yes
2140,n1906-022,40,1:simple-historical-word,kha-n1906-003225,sianti,sianti,adjective,word,223,0.975,no,pending,yes
2141,n1906-022,41,1:simple-historical-word,kha-n1906-003227,siarkait,siarkait,noun,word,223,0.975,no,pending,yes
2142,n1906-022,42,1:simple-historical-word,kha-n1906-003259,sid,sid,noun,word,226,0.975,no,pending,yes
2143,n1906-022,43,1:simple-historical-word,kha-n1906-003241,sieh,sieh,verb,word,224,0.975,no,pending,yes
2144,n1906-022,44,1:simple-historical-word,kha-n1906-003240,sieng,sieng,adjective,word,224,0.975,no,pending,yes
2145,n1906-022,45,1:simple-historical-word,kha-n1906-003247,sier,sier,noun,word,224,0.975,no,pending,yes
2146,n1906-022,46,1:simple-historical-word,kha-n1906-003251,sim,sim,noun,word,225,0.975,no,pending,yes
2147,n1906-022,47,1:simple-historical-word,kha-n1906-003257,sisia,sisia,noun,word,225,0.975,no,pending,yes
2148,n1906-022,48,1:simple-historical-word,kha-n1906-003193,sjiiih,sjiiih,adverb,word,220,0.975,no,pending,yes
2149,n1906-022,49,1:simple-historical-word,kha-n1906-002936,skah,skah,adjective,word,205,0.975,no,pending,yes
2150,n1906-022,50,1:simple-historical-word,kha-n1906-002935,skak,skak,adverb,word,205,0.975,no,pending,yes
2151,n1906-022,51,1:simple-historical-word,kha-n1906-002937,skap,skap,noun,word,205,0.975,no,pending,yes
2152,n1906-022,52,1:simple-historical-word,kha-n1906-002938,skaw,skaw,noun,word,205,0.975,no,pending,yes
2153,n1906-022,53,1:simple-historical-word,kha-n1906-002939,skei,skei,noun,word,205,0.975,no,pending,yes
2154,n1906-022,54,1:simple-historical-word,kha-n1906-002940,skit,skit,noun,word,205,0.975,no,pending,yes
2155,n1906-022,55,1:simple-historical-word,kha-n1906-002941,skong,skong,noun,word,205,0.975,no,pending,yes
2156,n1906-022,56,1:simple-historical-word,kha-n1906-002942,skop,skop,noun,word,205,0.975,no,pending,yes
2157,n1906-022,57,1:simple-historical-word,kha-n1906-002944,skum,skum,noun,word,205,0.975,no,pending,yes
2158,n1906-022,58,1:simple-historical-word,kha-n1906-003261,sla'jat,sla'jat,noun,word,226,0.975,no,pending,yes
2159,n1906-022,59,1:simple-historical-word,kha-n1906-003263,sla'ti,sla'ti,noun,word,226,0.975,no,pending,yes
2160,n1906-022,60,1:simple-historical-word,kha-n1906-003260,slait,slait,adverb,word,226,0.975,no,pending,yes
2161,n1906-022,61,1:simple-historical-word,kha-n1906-003262,slap,slap,noun,word,226,0.975,no,pending,yes
2162,n1906-022,62,1:simple-historical-word,kha-n1906-003265,slem,slem,adjective,word,226,0.975,no,pending,yes
2163,n1906-022,63,1:simple-historical-word,kha-n1906-003086,sliiklah,sliiklah,noun,word,213,0.975,no,pending,yes
2164,n1906-022,64,1:simple-historical-word,kha-n1906-003132,slilan,slilan,noun,word,216,0.975,no,pending,yes
2165,n1906-022,65,1:simple-historical-word,kha-n1906-003266,slung,slung,noun,word,226,0.975,no,pending,yes
2166,n1906-022,66,1:simple-historical-word,kha-n1906-003268,smaintien,smaintien,verb,word,226,0.975,no,pending,yes
2167,n1906-022,67,1:simple-historical-word,kha-n1906-003267,smak,smak,adverb,word,226,0.975,no,pending,yes
2168,n1906-022,68,1:simple-historical-word,kha-n1906-003269,smat,smat,adjective,word,226,0.975,no,pending,yes
2169,n1906-022,69,1:simple-historical-word,kha-n1906-003270,snad,snad,noun,word,227,0.975,no,pending,yes
2170,n1906-022,70,1:simple-historical-word,kha-n1906-003271,snah,snah,adjective,word,227,0.975,no,pending,yes
2171,n1906-022,71,1:simple-historical-word,kha-n1906-003273,snaiap,snaiap,noun,word,227,0.975,no,pending,yes
2172,n1906-022,72,1:simple-historical-word,kha-n1906-003274,snait,snait,noun,word,227,0.975,no,pending,yes
2173,n1906-022,73,1:simple-historical-word,kha-n1906-003275,snam,snam,noun,word,227,0.975,no,pending,yes
2174,n1906-022,74,1:simple-historical-word,kha-n1906-003276,snap,snap,noun,word,227,0.975,no,pending,yes
2175,n1906-022,75,1:simple-historical-word,kha-n1906-003272,sndi,sndi,adjective,word,227,0.975,no,pending,yes
2176,n1906-022,76,1:simple-historical-word,kha-n1906-003278,snem,snem,noun,word,227,0.975,no,pending,yes
2177,n1906-022,77,1:simple-historical-word,kha-n1906-003277,sneng,sneng,verb,word,227,0.975,no,pending,yes
2178,n1906-022,78,1:simple-historical-word,kha-n1906-003279,snep,snep,noun,word,227,0.975,no,pending,yes
2179,n1906-022,79,1:simple-historical-word,kha-n1906-002954,sngaid,sngaid,adjective,word,206,0.975,no,pending,yes
2180,n1906-022,80,1:simple-historical-word,kha-n1906-002956,sngewbieij,sngewbieij,verb,word,207,0.975,no,pending,yes
2181,n1906-022,81,1:simple-historical-word,kha-n1906-002957,sngewblaw,sngewblaw,verb,word,207,0.975,no,pending,yes
2182,n1906-022,82,1:simple-historical-word,kha-n1906-002958,sngewbynriew,sngewbynriew,verb,word,207,0.975,no,pending,yes
2183,n1906-022,83,1:simple-historical-word,kha-n1906-002963,sngewhun,sngewhun,verb,word,207,0.975,no,pending,yes
2184,n1906-022,84,1:simple-historical-word,kha-n1906-002964,sngewjlep,sngewjlep,verb,word,207,0.975,no,pending,yes
2185,n1906-022,85,1:simple-historical-word,kha-n1906-002965,sngewjli,sngewjli,verb,word,207,0.975,no,pending,yes
2186,n1906-022,86,1:simple-historical-word,kha-n1906-002966,sngewjuh,sngewjuh,verb,word,207,0.975,no,pending,yes
2187,n1906-022,87,1:simple-historical-word,kha-n1906-002959,sngewkmen,sngewkmen,verb,word,207,0.975,no,pending,yes
2188,n1906-022,88,1:simple-historical-word,kha-n1906-002967,sngewlem,sngewlem,verb,word,207,0.975,no,pending,yes
2189,n1906-022,89,1:simple-historical-word,kha-n1906-002968,sngewmyllen,sngewmyllen,verb,word,207,0.975,no,pending,yes
2190,n1906-022,90,1:simple-historical-word,kha-n1906-002969,sngewmyllung,sngewmyllung,verb,word,207,0.975,no,pending,yes
2191,n1906-022,91,1:simple-historical-word,kha-n1906-002961,sngewngiew,sngewngiew,verb,word,207,0.975,no,pending,yes
2192,n1906-022,92,1:simple-historical-word,kha-n1906-002962,sngewnguh,sngewnguh,verb,word,207,0.975,no,pending,yes
2193,n1906-022,93,1:simple-historical-word,kha-n1906-002971,sngewpeitmat,sngewpeitmat,verb,word,207,0.975,no,pending,yes
2194,n1906-022,94,1:simple-historical-word,kha-n1906-002972,sngewsaitmet,sngewsaitmet,verb,word,207,0.975,no,pending,yes
2195,n1906-022,95,1:simple-historical-word,kha-n1906-002973,sngewsih,sngewsih,verb,word,207,0.975,no,pending,yes
2196,n1906-022,96,1:simple-historical-word,kha-n1906-002975,sngewtngieng,sngewtngieng,verb,word,207,0.975,no,pending,yes
2197,n1906-022,97,1:simple-historical-word,kha-n1906-002977,sngi,sngi,noun,word,207,0.975,no,pending,yes
2198,n1906-022,98,1:simple-historical-word,kha-n1906-002976,sngop,sngop,adjective,word,207,0.975,no,pending,yes
2199,n1906-022,99,1:simple-historical-word,kha-n1906-002982,sngur,sngur,adjective,word,208,0.975,no,pending,yes
2200,n1906-022,100,1:simple-historical-word,kha-n1906-003280,sni,sni,noun,word,227,0.975,no,pending,yes
2201,n1906-023,1,1:simple-historical-word,kha-n1906-003281,sniang,sniang,noun,word,227,0.975,no,pending,yes
2202,n1906-023,2,1:simple-historical-word,kha-n1906-003282,snieh,snieh,noun,word,227,0.975,no,pending,yes
2203,n1906-023,3,1:simple-historical-word,kha-n1906-003284,snier,snier,noun,word,227,0.975,no,pending,yes
2204,n1906-023,4,1:simple-historical-word,kha-n1906-003285,sniew,sniew,adjective,word,227,0.975,no,pending,yes
2205,n1906-023,5,1:simple-historical-word,kha-n1906-003288,snuid,snuid,noun,word,227,0.975,no,pending,yes
2206,n1906-023,6,1:simple-historical-word,kha-n1906-003289,snur,snur,noun,word,227,0.975,no,pending,yes
2207,n1906-023,7,1:simple-historical-word,kha-n1906-003292,sohblei,sohblei,noun,word,228,0.975,no,pending,yes
2208,n1906-023,8,1:simple-historical-word,kha-n1906-003323,sohiiiangriang,sohiiiangriang,noun,word,230,0.975,no,pending,yes
2209,n1906-023,9,1:simple-historical-word,kha-n1906-003296,sohkhalit,sohkhalit,adverb,word,228,0.975,no,pending,yes
2210,n1906-023,10,1:simple-historical-word,kha-n1906-003297,sohkhaw,sohkhaw,noun,word,228,0.975,no,pending,yes
2211,n1906-023,11,1:simple-historical-word,kha-n1906-003300,sohkhia,sohkhia,noun,word,228,0.975,no,pending,yes
2212,n1906-023,12,1:simple-historical-word,kha-n1906-003301,sohkhliang,sohkhliang,noun,word,228,0.975,no,pending,yes
2213,n1906-023,13,1:simple-historical-word,kha-n1906-003303,sohkjup,sohkjup,noun,word,228,0.975,no,pending,yes
2214,n1906-023,14,1:simple-historical-word,kha-n1906-003304,sohkpu,sohkpu,noun,word,229,0.975,no,pending,yes
2215,n1906-023,15,1:simple-historical-word,kha-n1906-003313,sohma,sohma,noun,word,229,0.975,no,pending,yes
2216,n1906-023,16,1:simple-historical-word,kha-n1906-003316,sohmliih,sohmliih,noun,word,230,0.975,no,pending,yes
2217,n1906-023,17,1:simple-historical-word,kha-n1906-003317,sohmrit,sohmrit,noun,word,230,0.975,no,pending,yes
2218,n1906-023,18,1:simple-historical-word,kha-n1906-003318,sohmyngken,sohmyngken,noun,word,230,0.975,no,pending,yes
2219,n1906-023,19,1:simple-historical-word,kha-n1906-003324,sohniamtra,sohniamtra,noun,word,230,0.975,no,pending,yes
2220,n1906-023,20,1:simple-historical-word,kha-n1906-003333,sohphlang,sohphlang,noun,word,230,0.975,no,pending,yes
2221,n1906-023,21,1:simple-historical-word,kha-n1906-003334,sohphoh,sohphoh,noun,word,230,0.975,no,pending,yes
2222,n1906-023,22,1:simple-historical-word,kha-n1906-003325,sohpyrdali,sohpyrdali,verb,word,230,0.975,no,pending,yes
2223,n1906-023,23,1:simple-historical-word,kha-n1906-003342,sohra,sohra,noun,word,231,0.975,no,pending,yes
2224,n1906-023,24,1:simple-historical-word,kha-n1906-003347,sohshnong,sohshnong,noun,word,231,0.975,no,pending,yes
2225,n1906-023,25,1:simple-historical-word,kha-n1906-003346,sohshtin,sohshtin,noun,word,231,0.975,no,pending,yes
2226,n1906-023,26,1:simple-historical-word,kha-n1906-003349,soitdn,soitdn,noun,word,232,0.975,no,pending,yes
2227,n1906-023,27,1:simple-historical-word,kha-n1906-003291,song,song,verb,word,228,0.975,no,pending,yes
2228,n1906-023,28,1:simple-historical-word,kha-n1906-003352,sopti,sopti,noun,word,232,0.975,no,pending,yes
2229,n1906-023,29,1:simple-historical-word,kha-n1906-003355,sordar,sordar,noun,word,232,0.975,no,pending,yes
2230,n1906-023,30,1:simple-historical-word,kha-n1906-003356,sorjamin,sorjamin,noun,word,232,0.975,no,pending,yes
2231,n1906-023,31,1:simple-historical-word,kha-n1906-003353,sorkdr,sorkdr,noun,word,232,0.975,no,pending,yes
2232,n1906-023,32,1:simple-historical-word,kha-n1906-003354,sorki,sorki,noun,word,232,0.975,no,pending,yes
2233,n1906-023,33,1:simple-historical-word,kha-n1906-003357,sorshisor,sorshisor,adverb,word,232,0.975,no,pending,yes
2234,n1906-023,34,1:simple-historical-word,kha-n1906-003469,sp'iem,sp'iem,adjective,word,239,0.975,no,pending,yes
2235,n1906-023,35,1:simple-historical-word,kha-n1906-003358,spah,spah,noun,word,232,0.975,no,pending,yes
2236,n1906-023,36,1:simple-historical-word,kha-n1906-003360,spur,spur,noun,word,233,0.975,no,pending,yes
2237,n1906-023,37,1:simple-historical-word,kha-n1906-003362,stait,stait,noun,word,233,0.975,no,pending,yes
2238,n1906-023,38,1:simple-historical-word,kha-n1906-003361,stang,stang,adjective,word,233,0.975,no,pending,yes
2239,n1906-023,39,1:simple-historical-word,kha-n1906-003363,star,star,noun,word,233,0.975,no,pending,yes
2240,n1906-023,40,1:simple-historical-word,kha-n1906-003364,stein,stein,noun,word,233,0.975,no,pending,yes
2241,n1906-023,41,1:simple-historical-word,kha-n1906-003365,stem,stem,adjective,word,233,0.975,no,pending,yes
2242,n1906-023,42,1:simple-historical-word,kha-n1906-003366,step,step,noun,word,233,0.975,no,pending,yes
2243,n1906-023,43,1:simple-historical-word,kha-n1906-003368,stet,stet,adverb,word,233,0.975,no,pending,yes
2244,n1906-023,44,1:simple-historical-word,kha-n1906-003369,stew,stew,noun,word,233,0.975,no,pending,yes
2245,n1906-023,45,1:simple-historical-word,kha-n1906-003370,stieh,stieh,noun,word,233,0.975,no,pending,yes
2246,n1906-023,46,1:simple-historical-word,kha-n1906-003371,sting,sting,adjective,word,233,0.975,no,pending,yes
2247,n1906-023,47,1:simple-historical-word,kha-n1906-003372,stoug,stoug,noun,word,233,0.975,no,pending,yes
2248,n1906-023,48,1:simple-historical-word,kha-n1906-003376,suda,suda,adjective,word,234,0.975,no,pending,yes
2249,n1906-023,49,1:simple-historical-word,kha-n1906-003377,suh,suh,verb,word,234,0.975,no,pending,yes
2250,n1906-023,50,1:simple-historical-word,kha-n1906-003378,suhbudkhia,suhbudkhia,noun,word,234,0.975,no,pending,yes
2251,n1906-023,51,1:simple-historical-word,kha-n1906-003374,suk,suk,adjective,word,233,0.975,no,pending,yes
2252,n1906-023,52,1:simple-historical-word,kha-n1906-003375,suki,suki,adjective,word,233,0.975,no,pending,yes
2253,n1906-023,53,1:simple-historical-word,kha-n1906-003398,suloi,suloi,noun,word,235,0.975,no,pending,yes
2254,n1906-023,54,1:simple-historical-word,kha-n1906-003400,sulom,sulom,noun,word,235,0.975,no,pending,yes
2255,n1906-023,55,1:simple-historical-word,kha-n1906-003401,sumar,sumar,verb,word,235,0.975,no,pending,yes
2256,n1906-023,56,1:simple-historical-word,kha-n1906-003402,sunod,sunod,noun,word,235,0.975,no,pending,yes
2257,n1906-023,57,1:simple-historical-word,kha-n1906-003403,supdok,supdok,adverb,word,236,0.975,no,pending,yes
2258,n1906-023,58,1:simple-historical-word,kha-n1906-003404,supiw,supiw,adverb,word,236,0.975,no,pending,yes
2259,n1906-023,59,1:simple-historical-word,kha-n1906-003405,sur,sur,noun,word,236,0.975,no,pending,yes
2260,n1906-023,60,1:simple-historical-word,kha-n1906-003410,surok,surok,noun,word,236,0.975,no,pending,yes
2261,n1906-023,61,1:simple-historical-word,kha-n1906-003412,suwaga,suwaga,noun,word,236,0.975,no,pending,yes
2262,n1906-023,62,1:simple-historical-word,kha-n1906-003411,suwan,suwan,adjective,word,236,0.975,no,pending,yes
2263,n1906-023,63,1:simple-historical-word,kha-n1906-003413,suwara,suwara,noun,word,236,0.975,no,pending,yes
2264,n1906-023,64,1:simple-historical-word,kha-n1906-003414,suware,suware,adverb,word,236,0.975,no,pending,yes
2265,n1906-023,65,1:simple-historical-word,kha-n1906-003415,swdi,swdi,adjective,word,236,0.975,no,pending,yes
2266,n1906-023,66,1:simple-historical-word,kha-n1906-003416,sydang,sydang,verb,word,236,0.975,no,pending,yes
2267,n1906-023,67,1:simple-historical-word,kha-n1906-003443,syiang,syiang,adjective,word,238,0.975,no,pending,yes
2268,n1906-023,68,1:simple-historical-word,kha-n1906-003428,syllai,syllai,noun,word,237,0.975,no,pending,yes
2269,n1906-023,69,1:simple-historical-word,kha-n1906-003429,sylli,sylli,noun,word,237,0.975,no,pending,yes
2270,n1906-023,70,1:simple-historical-word,kha-n1906-003430,symboh,symboh,noun,word,237,0.975,no,pending,yes
2271,n1906-023,71,1:simple-historical-word,kha-n1906-003431,sympain,sympain,verb,word,237,0.975,no,pending,yes
2272,n1906-023,72,1:simple-historical-word,kha-n1906-003432,symparat,symparat,noun,word,237,0.975,no,pending,yes
2273,n1906-023,73,1:simple-historical-word,kha-n1906-003433,symparbrct,symparbrct,noun,word,237,0.975,no,pending,yes
2274,n1906-023,74,1:simple-historical-word,kha-n1906-003434,sympat,sympat,verb,word,237,0.975,no,pending,yes
2275,n1906-023,75,1:simple-historical-word,kha-n1906-003435,symphlen,symphlen,adjective,word,238,0.975,no,pending,yes
2276,n1906-023,76,1:simple-historical-word,kha-n1906-003436,syndah,syndah,adverb,word,238,0.975,no,pending,yes
2277,n1906-023,77,1:simple-historical-word,kha-n1906-003437,syndam,syndam,adjective,word,238,0.975,no,pending,yes
2278,n1906-023,78,1:simple-historical-word,kha-n1906-003438,syndem,syndem,adjective,word,238,0.975,no,pending,yes
2279,n1906-023,79,1:simple-historical-word,kha-n1906-003439,syndim,syndim,adverb,word,238,0.975,no,pending,yes
2280,n1906-023,80,1:simple-historical-word,kha-n1906-003441,syndon,syndon,adverb,word,238,0.975,no,pending,yes
2281,n1906-023,81,1:simple-historical-word,kha-n1906-003440,syndong,syndong,verb,word,238,0.975,no,pending,yes
2282,n1906-023,82,1:simple-historical-word,kha-n1906-003442,synduk,synduk,noun,word,238,0.975,no,pending,yes
2283,n1906-023,83,1:simple-historical-word,kha-n1906-003449,synfiiang,synfiiang,noun,word,238,0.975,no,pending,yes
2284,n1906-023,84,1:simple-historical-word,kha-n1906-003417,syngkdi,syngkdi,noun,word,236,0.975,no,pending,yes
2285,n1906-023,85,1:simple-historical-word,kha-n1906-003419,syngken,syngken,noun,word,237,0.975,no,pending,yes
2286,n1906-023,86,1:simple-historical-word,kha-n1906-003421,syngkha,syngkha,noun,word,237,0.975,no,pending,yes
2287,n1906-023,87,1:simple-historical-word,kha-n1906-003422,syngkhien,syngkhien,verb,word,237,0.975,no,pending,yes
2288,n1906-023,88,1:simple-historical-word,kha-n1906-003423,syngkhin,syngkhin,noun,word,237,0.975,no,pending,yes
2289,n1906-023,89,1:simple-historical-word,kha-n1906-003424,syngkhlieh,syngkhlieh,noun,word,237,0.975,no,pending,yes
2290,n1906-023,90,1:simple-historical-word,kha-n1906-003425,syngkhor,syngkhor,verb,word,237,0.975,no,pending,yes
2291,n1906-023,91,1:simple-historical-word,kha-n1906-003448,syniiia,syniiia,noun,word,238,0.975,no,pending,yes
2292,n1906-023,92,1:simple-historical-word,kha-n1906-003444,synjap,synjap,adjective,word,238,0.975,no,pending,yes
2293,n1906-023,93,1:simple-historical-word,kha-n1906-003445,synjat,synjat,noun,word,238,0.975,no,pending,yes
2294,n1906-023,94,1:simple-historical-word,kha-n1906-003446,synjor,synjor,adjective,word,238,0.975,no,pending,yes
2295,n1906-023,95,1:simple-historical-word,kha-n1906-003447,synlar,synlar,adjective,word,238,0.975,no,pending,yes
2296,n1906-023,96,1:simple-historical-word,kha-n1906-003452,synran,synran,noun,word,238,0.975,no,pending,yes
2297,n1906-023,97,1:simple-historical-word,kha-n1906-003450,synrang,synrang,noun,word,238,0.975,no,pending,yes
2298,n1906-023,98,1:simple-historical-word,kha-n1906-003453,synrap,synrap,verb,word,238,0.975,no,pending,yes
2299,n1906-023,99,1:simple-historical-word,kha-n1906-003451,synrdi,synrdi,noun,word,238,0.975,no,pending,yes
2300,n1906-023,100,1:simple-historical-word,kha-n1906-003454,synrei,synrei,noun,word,238,0.975,no,pending,yes
2301,n1906-024,1,1:simple-historical-word,kha-n1906-003455,synreit,synreit,verb,word,238,0.975,no,pending,yes
2302,n1906-024,2,1:simple-historical-word,kha-n1906-003456,synriah,synriah,verb,word,238,0.975,no,pending,yes
2303,n1906-024,3,1:simple-historical-word,kha-n1906-003457,synrop,synrop,adjective,word,238,0.975,no,pending,yes
2304,n1906-024,4,1:simple-historical-word,kha-n1906-003459,synrum,synrum,noun,word,238,0.975,no,pending,yes
2305,n1906-024,5,1:simple-historical-word,kha-n1906-003458,synrvid,synrvid,verb,word,238,0.975,no,pending,yes
2306,n1906-024,6,1:simple-historical-word,kha-n1906-003460,synshdr,synshdr,verb,word,239,0.975,no,pending,yes
2307,n1906-024,7,1:simple-historical-word,kha-n1906-003461,syntdi,syntdi,noun,word,239,0.975,no,pending,yes
2308,n1906-024,8,1:simple-historical-word,kha-n1906-003462,synteng,synteng,noun,word,239,0.975,no,pending,yes
2309,n1906-024,9,1:simple-historical-word,kha-n1906-003463,syntiat,syntiat,verb,word,239,0.975,no,pending,yes
2310,n1906-024,10,1:simple-historical-word,kha-n1906-003465,syntuid,syntuid,verb,word,239,0.975,no,pending,yes
2311,n1906-024,11,1:simple-historical-word,kha-n1906-003466,syrbud,syrbud,verb,word,239,0.975,no,pending,yes
2312,n1906-024,12,1:simple-historical-word,kha-n1906-003467,syrdep,syrdep,verb,word,239,0.975,no,pending,yes
2313,n1906-024,13,1:simple-historical-word,kha-n1906-003470,syrdoh,syrdoh,verb,word,239,0.975,no,pending,yes
2314,n1906-024,14,1:simple-historical-word,kha-n1906-003468,syrngiew,syrngiew,noun,word,239,0.975,no,pending,yes
2315,n1906-024,15,1:simple-historical-word,kha-n1906-003472,syrtok,syrtok,adjective,word,239,0.975,no,pending,yes
2316,n1906-024,16,1:simple-historical-word,kha-n1906-003473,syrwa,syrwa,adjective,word,239,0.975,no,pending,yes
2317,n1906-024,17,1:simple-historical-word,kha-n1906-003474,syrwet,syrwet,noun,word,239,0.975,no,pending,yes
2318,n1906-024,18,1:simple-historical-word,kha-n1906-003711,t'ut,t'ut,noun,word,261,0.975,no,pending,yes
2319,n1906-024,19,1:simple-historical-word,kha-n1906-003475,tabla,tabla,noun,word,239,0.975,no,pending,yes
2320,n1906-024,20,1:simple-historical-word,kha-n1906-003476,tad,tad,adjective,word,240,0.975,no,pending,yes
2321,n1906-024,21,1:simple-historical-word,kha-n1906-003487,taiar,taiar,verb,word,241,0.975,no,pending,yes
2322,n1906-024,22,1:simple-historical-word,kha-n1906-003488,tain,tain,adjective,word,241,0.975,no,pending,yes
2323,n1906-024,23,1:simple-historical-word,kha-n1906-003491,tala,tala,noun,word,241,0.975,no,pending,yes
2324,n1906-024,24,1:simple-historical-word,kha-n1906-003492,talain,talain,verb,word,241,0.975,no,pending,yes
2325,n1906-024,25,1:simple-historical-word,kha-n1906-003496,talci,talci,adjective,word,241,0.975,no,pending,yes
2326,n1906-024,26,1:simple-historical-word,kha-n1906-003493,talen,talen,adjective,word,241,0.975,no,pending,yes
2327,n1906-024,27,1:simple-historical-word,kha-n1906-003495,talmah,talmah,adverb,word,241,0.975,no,pending,yes
2328,n1906-024,28,1:simple-historical-word,kha-n1906-003494,talngeng,talngeng,adverb,word,241,0.975,no,pending,yes
2329,n1906-024,29,1:simple-historical-word,kha-n1906-003497,talwar,talwar,noun,word,241,0.975,no,pending,yes
2330,n1906-024,30,1:simple-historical-word,kha-n1906-003498,tamsneng,tamsneng,adjective,word,241,0.975,no,pending,yes
2331,n1906-024,31,1:simple-historical-word,kha-n1906-003499,tamti,tamti,verb,word,241,0.975,no,pending,yes
2332,n1906-024,32,1:simple-historical-word,kha-n1906-003478,tang,tang,adverb,word,240,0.975,no,pending,yes
2333,n1906-024,33,1:simple-historical-word,kha-n1906-003482,tangon,tangon,verb,word,240,0.975,no,pending,yes
2334,n1906-024,34,1:simple-historical-word,kha-n1906-003485,tangtbari,tangtbari,noun,word,240,0.975,no,pending,yes
2335,n1906-024,35,1:simple-historical-word,kha-n1906-003501,tania,tania,adjective,word,242,0.975,no,pending,yes
2336,n1906-024,36,1:simple-historical-word,kha-n1906-003502,tanoin,tanoin,verb,word,242,0.975,no,pending,yes
2337,n1906-024,37,1:simple-historical-word,kha-n1906-003509,tar,tar,noun,word,242,0.975,no,pending,yes
2338,n1906-024,38,1:simple-historical-word,kha-n1906-003510,taro,taro,noun,word,242,0.975,no,pending,yes
2339,n1906-024,39,1:simple-historical-word,kha-n1906-003511,tasam,tasam,noun,word,243,0.975,no,pending,yes
2340,n1906-024,40,1:simple-historical-word,kha-n1906-003512,tat,tat,conjunction,word,243,0.975,no,pending,yes
2341,n1906-024,41,1:simple-historical-word,kha-n1906-003513,taw,taw,adverb,word,243,0.975,no,pending,yes
2342,n1906-024,42,1:simple-historical-word,kha-n1906-003514,tawah,tawah,verb,word,243,0.975,no,pending,yes
2343,n1906-024,43,1:simple-historical-word,kha-n1906-003516,tbem,tbem,adverb,word,243,0.975,no,pending,yes
2344,n1906-024,44,1:simple-historical-word,kha-n1906-003515,tbeng,tbeng,adverb,word,243,0.975,no,pending,yes
2345,n1906-024,45,1:simple-historical-word,kha-n1906-003517,tbiak,tbiak,adverb,word,243,0.975,no,pending,yes
2346,n1906-024,46,1:simple-historical-word,kha-n1906-003518,tbit,tbit,adjective,word,243,0.975,no,pending,yes
2347,n1906-024,47,1:simple-historical-word,kha-n1906-003521,tden,tden,adverb,word,243,0.975,no,pending,yes
2348,n1906-024,48,1:simple-historical-word,kha-n1906-003526,tdiih,tdiih,noun,word,244,0.975,no,pending,yes
2349,n1906-024,49,1:simple-historical-word,kha-n1906-003523,tdong,tdong,noun,word,244,0.975,no,pending,yes
2350,n1906-024,50,1:simple-historical-word,kha-n1906-003527,te,te,conjunction,word,244,0.975,no,pending,yes
2351,n1906-024,51,1:simple-historical-word,kha-n1906-003528,teng,teng,adverb,word,244,0.975,no,pending,yes
2352,n1906-024,52,1:simple-historical-word,kha-n1906-003534,ter,ter,adverb,word,245,0.975,no,pending,yes
2353,n1906-024,53,1:simple-historical-word,kha-n1906-003541,thaba,thaba,adjective,word,245,0.975,no,pending,yes
2354,n1906-024,54,1:simple-historical-word,kha-n1906-003550,thah,thah,noun,word,246,0.975,no,pending,yes
2355,n1906-024,55,1:simple-historical-word,kha-n1906-003542,thakurain,thakurain,noun,word,245,0.975,no,pending,yes
2356,n1906-024,56,1:simple-historical-word,kha-n1906-003551,thala,thala,adjective,word,246,0.975,no,pending,yes
2357,n1906-024,57,1:simple-historical-word,kha-n1906-003552,thamula,thamula,adjective,word,246,0.975,no,pending,yes
2358,n1906-024,58,1:simple-historical-word,kha-n1906-003553,thana,thana,noun,word,246,0.975,no,pending,yes
2359,n1906-024,59,1:simple-historical-word,kha-n1906-003554,thanat,thanat,noun,word,246,0.975,no,pending,yes
2360,n1906-024,60,1:simple-historical-word,kha-n1906-003555,thanda,thanda,adjective,word,246,0.975,no,pending,yes
2361,n1906-024,61,1:simple-historical-word,kha-n1906-003544,thang,thang,verb,word,245,0.975,no,pending,yes
2362,n1906-024,62,1:simple-historical-word,kha-n1906-003566,tharai,tharai,verb,word,247,0.975,no,pending,yes
2363,n1906-024,63,1:simple-historical-word,kha-n1906-003568,thawlir,thawlir,adjective,word,247,0.975,no,pending,yes
2364,n1906-024,64,1:simple-historical-word,kha-n1906-003569,thawnang,thawnang,adjective,word,247,0.975,no,pending,yes
2365,n1906-024,65,1:simple-historical-word,kha-n1906-003570,thawshia,thawshia,adjective,word,247,0.975,no,pending,yes
2366,n1906-024,66,1:simple-historical-word,kha-n1906-003573,them,them,noun,word,248,0.975,no,pending,yes
2367,n1906-024,67,1:simple-historical-word,kha-n1906-003580,thiang,thiang,adjective,word,248,0.975,no,pending,yes
2368,n1906-024,68,1:simple-historical-word,kha-n1906-003591,thiar,thiar,noun,word,249,0.975,no,pending,yes
2369,n1906-024,69,1:simple-historical-word,kha-n1906-003592,thiaw,thiaw,adverb,word,249,0.975,no,pending,yes
2370,n1906-024,70,1:simple-historical-word,kha-n1906-003594,thied,thied,noun,word,249,0.975,no,pending,yes
2371,n1906-024,71,1:simple-historical-word,kha-n1906-003593,thik,thik,adverb,word,249,0.975,no,pending,yes
2372,n1906-024,72,1:simple-historical-word,kha-n1906-003599,thlien,thlien,adjective,word,250,0.975,no,pending,yes
2373,n1906-024,73,1:simple-historical-word,kha-n1906-003600,thlip,thlip,adverb,word,250,0.975,no,pending,yes
2374,n1906-024,74,1:simple-historical-word,kha-n1906-003603,thmit,thmit,adjective,word,250,0.975,no,pending,yes
2375,n1906-024,75,1:simple-historical-word,kha-n1906-003604,thnam,thnam,verb,word,250,0.975,no,pending,yes
2376,n1906-024,76,1:simple-historical-word,kha-n1906-003605,thnat,thnat,adjective,word,250,0.975,no,pending,yes
2377,n1906-024,77,1:simple-historical-word,kha-n1906-003607,thnem,thnem,adjective,word,250,0.975,no,pending,yes
2378,n1906-024,78,1:simple-historical-word,kha-n1906-003577,thngad,thngad,verb,word,248,0.975,no,pending,yes
2379,n1906-024,79,1:simple-historical-word,kha-n1906-003578,thngan,thngan,verb,word,248,0.975,no,pending,yes
2380,n1906-024,80,1:simple-historical-word,kha-n1906-003579,thngiat,thngiat,noun,word,248,0.975,no,pending,yes
2381,n1906-024,81,1:simple-historical-word,kha-n1906-003616,thrait,thrait,adverb,word,251,0.975,no,pending,yes
2382,n1906-024,82,1:simple-historical-word,kha-n1906-003615,thrang,thrang,verb,word,251,0.975,no,pending,yes
2383,n1906-024,83,1:simple-historical-word,kha-n1906-003618,threw,threw,verb,word,252,0.975,no,pending,yes
2384,n1906-024,84,1:simple-historical-word,kha-n1906-003619,thri,thri,noun,word,252,0.975,no,pending,yes
2385,n1906-024,85,1:simple-historical-word,kha-n1906-003624,thuia,thuia,noun,word,252,0.975,no,pending,yes
2386,n1906-024,86,1:simple-historical-word,kha-n1906-003620,thung,thung,verb,word,252,0.975,no,pending,yes
2387,n1906-024,87,1:simple-historical-word,kha-n1906-003625,thurmur,thurmur,adverb,word,253,0.975,no,pending,yes
2388,n1906-024,88,1:simple-historical-word,kha-n1906-003626,thwei,thwei,adjective,word,253,0.975,no,pending,yes
2389,n1906-024,89,1:simple-historical-word,kha-n1906-003627,thyllah,thyllah,noun,word,253,0.975,no,pending,yes
2390,n1906-024,90,1:simple-historical-word,kha-n1906-003628,thyllain,thyllain,adverb,word,253,0.975,no,pending,yes
2391,n1906-024,91,1:simple-historical-word,kha-n1906-003629,thyllan,thyllan,verb,word,253,0.975,no,pending,yes
2392,n1906-024,92,1:simple-historical-word,kha-n1906-003630,thylleng,thylleng,noun,word,253,0.975,no,pending,yes
2393,n1906-024,93,1:simple-historical-word,kha-n1906-003631,thylli,thylli,adjective,word,253,0.975,no,pending,yes
2394,n1906-024,94,1:simple-historical-word,kha-n1906-003632,thylliang,thylliang,noun,word,253,0.975,no,pending,yes
2395,n1906-024,95,1:simple-historical-word,kha-n1906-003633,thyllieh,thyllieh,noun,word,253,0.975,no,pending,yes
2396,n1906-024,96,1:simple-historical-word,kha-n1906-003634,thymmdi,thymmdi,adjective,word,253,0.975,no,pending,yes
2397,n1906-024,97,1:simple-historical-word,kha-n1906-003635,thynrei,thynrei,noun,word,253,0.975,no,pending,yes
2398,n1906-024,98,1:simple-historical-word,kha-n1906-003636,thynrim,thynrim,adjective,word,254,0.975,no,pending,yes
2399,n1906-024,99,1:simple-historical-word,kha-n1906-003637,thynron,thynron,verb,word,254,0.975,no,pending,yes
2400,n1906-024,100,1:simple-historical-word,kha-n1906-003638,thyrnia,thyrnia,noun,word,254,0.975,no,pending,yes
2401,n1906-025,1,1:simple-historical-word,kha-n1906-003639,tiak,tiak,adverb,word,254,0.975,no,pending,yes
2402,n1906-025,2,1:simple-historical-word,kha-n1906-003640,tian,tian,verb,word,254,0.975,no,pending,yes
2403,n1906-025,3,1:simple-historical-word,kha-n1906-003641,tiap,tiap,adverb,word,254,0.975,no,pending,yes
2404,n1906-025,4,1:simple-historical-word,kha-n1906-003661,tihar,tihar,noun,word,256,0.975,no,pending,yes
2405,n1906-025,5,1:simple-historical-word,kha-n1906-003644,tikli,tikli,noun,word,254,0.975,no,pending,yes
2406,n1906-025,6,1:simple-historical-word,kha-n1906-003782,tjmja,tjmja,noun,word,266,0.975,no,pending,yes
2407,n1906-025,7,1:simple-historical-word,kha-n1906-003784,tjmjiat,tjmjiat,noun,word,266,0.975,no,pending,yes
2408,n1906-025,8,1:simple-historical-word,kha-n1906-003788,tjmpohliew,tjmpohliew,noun,word,267,0.975,no,pending,yes
2409,n1906-025,9,1:simple-historical-word,kha-n1906-003802,tjtai,tjtai,pronoun,word,268,0.975,no,pending,yes
2410,n1906-025,10,1:simple-historical-word,kha-n1906-003804,tjtei,tjtei,pronoun,word,268,0.975,no,pending,yes
2411,n1906-025,11,1:simple-historical-word,kha-n1906-003672,tlait,tlait,adverb,word,257,0.975,no,pending,yes
2412,n1906-025,12,1:simple-historical-word,kha-n1906-003670,tlang,tlang,noun,word,257,0.975,no,pending,yes
2413,n1906-025,13,1:simple-historical-word,kha-n1906-003671,tldi,tldi,noun,word,257,0.975,no,pending,yes
2414,n1906-025,14,1:simple-historical-word,kha-n1906-003673,tlem,tlem,adjective,word,257,0.975,no,pending,yes
2415,n1906-025,15,1:simple-historical-word,kha-n1906-003674,tlot,tlot,adjective,word,257,0.975,no,pending,yes
2416,n1906-025,16,1:simple-historical-word,kha-n1906-003675,tluh,tluh,noun,word,257,0.975,no,pending,yes
2417,n1906-025,17,1:simple-historical-word,kha-n1906-003677,tmain,tmain,noun,word,258,0.975,no,pending,yes
2418,n1906-025,18,1:simple-historical-word,kha-n1906-003676,tmang,tmang,adverb,word,258,0.975,no,pending,yes
2419,n1906-025,19,1:simple-historical-word,kha-n1906-003679,tmar,tmar,noun,word,258,0.975,no,pending,yes
2420,n1906-025,20,1:simple-historical-word,kha-n1906-003680,tmier,tmier,noun,word,258,0.975,no,pending,yes
2421,n1906-025,21,1:simple-historical-word,kha-n1906-003681,tmoh,tmoh,noun,word,258,0.975,no,pending,yes
2422,n1906-025,22,1:simple-historical-word,kha-n1906-003682,tmuin,tmuin,adverb,word,258,0.975,no,pending,yes
2423,n1906-025,23,1:simple-historical-word,kha-n1906-003683,tnat,tnat,noun,word,258,0.975,no,pending,yes
2424,n1906-025,24,1:simple-historical-word,kha-n1906-003684,tndw,tndw,noun,word,258,0.975,no,pending,yes
2425,n1906-025,25,1:simple-historical-word,kha-n1906-003537,tnga,tnga,noun,word,245,0.975,no,pending,yes
2426,n1906-025,26,1:simple-historical-word,kha-n1906-003538,tngang,tngang,adverb,word,245,0.975,no,pending,yes
2427,n1906-025,27,1:simple-historical-word,kha-n1906-003539,tngdw,tngdw,noun,word,245,0.975,no,pending,yes
2428,n1906-025,28,1:simple-historical-word,kha-n1906-003540,tngen,tngen,adjective,word,245,0.975,no,pending,yes
2429,n1906-025,29,1:simple-historical-word,kha-n1906-003686,tohjaw,tohjaw,noun,word,258,0.975,no,pending,yes
2430,n1906-025,30,1:simple-historical-word,kha-n1906-003687,tohmet,tohmet,adverb,word,258,0.975,no,pending,yes
2431,n1906-025,31,1:simple-historical-word,kha-n1906-003688,toi,toi,adverb,word,259,0.975,no,pending,yes
2432,n1906-025,32,1:simple-historical-word,kha-n1906-003685,tok,tok,adverb,word,258,0.975,no,pending,yes
2433,n1906-025,33,1:simple-historical-word,kha-n1906-003690,top,top,adverb,word,259,0.975,no,pending,yes
2434,n1906-025,34,1:simple-historical-word,kha-n1906-003691,tor,tor,noun,word,259,0.975,no,pending,yes
2435,n1906-025,35,1:simple-historical-word,kha-n1906-003692,trai,trai,noun,word,259,0.975,no,pending,yes
2436,n1906-025,36,1:simple-historical-word,kha-n1906-003694,trait,trait,adverb,word,259,0.975,no,pending,yes
2437,n1906-025,37,1:simple-historical-word,kha-n1906-003695,trang,trang,noun,word,259,0.975,no,pending,yes
2438,n1906-025,38,1:simple-historical-word,kha-n1906-003697,treh,treh,verb,word,259,0.975,no,pending,yes
2439,n1906-025,39,1:simple-historical-word,kha-n1906-003696,treiig,treiig,noun,word,259,0.975,no,pending,yes
2440,n1906-025,40,1:simple-historical-word,kha-n1906-003698,trep,trep,noun,word,259,0.975,no,pending,yes
2441,n1906-025,41,1:simple-historical-word,kha-n1906-003699,triang,triang,noun,word,259,0.975,no,pending,yes
2442,n1906-025,42,1:simple-historical-word,kha-n1906-003700,triem,triem,adjective,word,259,0.975,no,pending,yes
2443,n1906-025,43,1:simple-historical-word,kha-n1906-003702,tukra,tukra,noun,word,260,0.975,no,pending,yes
2444,n1906-025,44,1:simple-historical-word,kha-n1906-003704,tulu,tulu,adjective,word,260,0.975,no,pending,yes
2445,n1906-025,45,1:simple-historical-word,kha-n1906-003706,tun,tun,pronoun,word,260,0.975,no,pending,yes
2446,n1906-025,46,1:simple-historical-word,kha-n1906-003707,tupia,tupia,noun,word,261,0.975,no,pending,yes
2447,n1906-025,47,1:simple-historical-word,kha-n1906-003710,turoi,turoi,noun,word,261,0.975,no,pending,yes
2448,n1906-025,48,1:simple-historical-word,kha-n1906-003709,tusbir,tusbir,noun,word,261,0.975,no,pending,yes
2449,n1906-025,49,1:simple-historical-word,kha-n1906-003712,tybian,tybian,noun,word,261,0.975,no,pending,yes
2450,n1906-025,50,1:simple-historical-word,kha-n1906-003713,tybit,tybit,adjective,word,261,0.975,no,pending,yes
2451,n1906-025,51,1:simple-historical-word,kha-n1906-003733,tyllai,tyllai,noun,word,263,0.975,no,pending,yes
2452,n1906-025,52,1:simple-historical-word,kha-n1906-003735,tyllawdiiig,tyllawdiiig,noun,word,263,0.975,no,pending,yes
2453,n1906-025,53,1:simple-historical-word,kha-n1906-003736,tylliat,tylliat,verb,word,263,0.975,no,pending,yes
2454,n1906-025,54,1:simple-historical-word,kha-n1906-003738,tymbuit,tymbuit,noun,word,263,0.975,no,pending,yes
2455,n1906-025,55,1:simple-historical-word,kha-n1906-003739,tymmen,tymmen,adjective,word,263,0.975,no,pending,yes
2456,n1906-025,56,1:simple-historical-word,kha-n1906-003740,tympew,tympew,noun,word,263,0.975,no,pending,yes
2457,n1906-025,57,1:simple-historical-word,kha-n1906-003741,tymplia,tymplia,noun,word,263,0.975,no,pending,yes
2458,n1906-025,58,1:simple-historical-word,kha-n1906-003742,tyndah,tyndah,adverb,word,264,0.975,no,pending,yes
2459,n1906-025,59,1:simple-historical-word,kha-n1906-003744,tyndam,tyndam,adverb,word,264,0.975,no,pending,yes
2460,n1906-025,60,1:simple-historical-word,kha-n1906-003745,tyndaw,tyndaw,adjective,word,264,0.975,no,pending,yes
2461,n1906-025,61,1:simple-historical-word,kha-n1906-003743,tynddi,tynddi,noun,word,264,0.975,no,pending,yes
2462,n1906-025,62,1:simple-historical-word,kha-n1906-003746,tyndep,tyndep,verb,word,264,0.975,no,pending,yes
2463,n1906-025,63,1:simple-historical-word,kha-n1906-003748,tyndong,tyndong,noun,word,264,0.975,no,pending,yes
2464,n1906-025,64,1:simple-historical-word,kha-n1906-003749,tyndung,tyndung,verb,word,264,0.975,no,pending,yes
2465,n1906-025,65,1:simple-historical-word,kha-n1906-003753,tynfiian,tynfiian,verb,word,264,0.975,no,pending,yes
2466,n1906-025,66,1:simple-historical-word,kha-n1906-003725,tyngden,tyngden,adverb,word,262,0.975,no,pending,yes
2467,n1906-025,67,1:simple-historical-word,kha-n1906-003727,tynghong,tynghong,adverb,word,262,0.975,no,pending,yes
2468,n1906-025,68,1:simple-historical-word,kha-n1906-003717,tyngkai,tyngkai,verb,word,261,0.975,no,pending,yes
2469,n1906-025,69,1:simple-historical-word,kha-n1906-003718,tyngkan,tyngkan,verb,word,261,0.975,no,pending,yes
2470,n1906-025,70,1:simple-historical-word,kha-n1906-003724,tyngkdun,tyngkdun,adverb,word,262,0.975,no,pending,yes
2471,n1906-025,71,1:simple-historical-word,kha-n1906-003719,tyngkhap,tyngkhap,verb,word,261,0.975,no,pending,yes
2472,n1906-025,72,1:simple-historical-word,kha-n1906-003720,tyngkhiih,tyngkhiih,verb,word,261,0.975,no,pending,yes
2473,n1906-025,73,1:simple-historical-word,kha-n1906-003722,tyngkoh,tyngkoh,adverb,word,262,0.975,no,pending,yes
2474,n1906-025,74,1:simple-historical-word,kha-n1906-003721,tyngkong,tyngkong,noun,word,262,0.975,no,pending,yes
2475,n1906-025,75,1:simple-historical-word,kha-n1906-003723,tyngkrcin,tyngkrcin,adverb,word,262,0.975,no,pending,yes
2476,n1906-025,76,1:simple-historical-word,kha-n1906-003730,tyngmup,tyngmup,verb,word,262,0.975,no,pending,yes
2477,n1906-025,77,1:simple-historical-word,kha-n1906-003731,tyngshdin,tyngshdin,verb,word,262,0.975,no,pending,yes
2478,n1906-025,78,1:simple-historical-word,kha-n1906-003732,tyngwoin,tyngwoin,verb,word,263,0.975,no,pending,yes
2479,n1906-025,79,1:simple-historical-word,kha-n1906-003750,tynjuh,tynjuh,verb,word,264,0.975,no,pending,yes
2480,n1906-025,80,1:simple-historical-word,kha-n1906-003751,tynnad,tynnad,adverb,word,264,0.975,no,pending,yes
2481,n1906-025,81,1:simple-historical-word,kha-n1906-003752,tynneng,tynneng,verb,word,264,0.975,no,pending,yes
2482,n1906-025,82,1:simple-historical-word,kha-n1906-003754,tynrah,tynrah,verb,word,264,0.975,no,pending,yes
2483,n1906-025,83,1:simple-historical-word,kha-n1906-003755,tynrdi,tynrdi,noun,word,264,0.975,no,pending,yes
2484,n1906-025,84,1:simple-historical-word,kha-n1906-003756,tynrong,tynrong,verb,word,264,0.975,no,pending,yes
2485,n1906-025,85,1:simple-historical-word,kha-n1906-003757,tynruh,tynruh,verb,word,264,0.975,no,pending,yes
2486,n1906-025,86,1:simple-historical-word,kha-n1906-003758,tynsah,tynsah,verb,word,264,0.975,no,pending,yes
2487,n1906-025,87,1:simple-historical-word,kha-n1906-003759,tynsat,tynsat,verb,word,265,0.975,no,pending,yes
2488,n1906-025,88,1:simple-historical-word,kha-n1906-003760,tynsong,tynsong,noun,word,265,0.975,no,pending,yes
2489,n1906-025,89,1:simple-historical-word,kha-n1906-003762,tyrbeh,tyrbeh,adverb,word,265,0.975,no,pending,yes
2490,n1906-025,90,1:simple-historical-word,kha-n1906-003763,tyrma,tyrma,adverb,word,265,0.975,no,pending,yes
2491,n1906-025,91,1:simple-historical-word,kha-n1906-003764,tyrnem,tyrnem,noun,word,265,0.975,no,pending,yes
2492,n1906-025,92,1:simple-historical-word,kha-n1906-003765,tyrphut,tyrphut,adverb,word,265,0.975,no,pending,yes
2493,n1906-025,93,1:simple-historical-word,kha-n1906-003767,tyrsem,tyrsem,adverb,word,265,0.975,no,pending,yes
2494,n1906-025,94,1:simple-historical-word,kha-n1906-003768,tyrshait,tyrshait,adverb,word,265,0.975,no,pending,yes
2495,n1906-025,95,1:simple-historical-word,kha-n1906-003769,tyrsiang,tyrsiang,adjective,word,265,0.975,no,pending,yes
2496,n1906-025,96,1:simple-historical-word,kha-n1906-003770,tyrtai,tyrtai,adverb,word,265,0.975,no,pending,yes
2497,n1906-025,97,1:simple-historical-word,kha-n1906-003771,tyrtew,tyrtew,adverb,word,266,0.975,no,pending,yes
2498,n1906-025,98,1:simple-historical-word,kha-n1906-003772,tyrtho,tyrtho,noun,word,266,0.975,no,pending,yes
2499,n1906-025,99,1:simple-historical-word,kha-n1906-003775,tyrwa,tyrwa,verb,word,266,0.975,no,pending,yes
2500,n1906-025,100,1:simple-historical-word,kha-n1906-003776,uba,uba,pronoun,word,266,0.975,no,pending,yes
2501,n1906-026,1,1:simple-historical-word,kha-n1906-003794,umwi,umwi,noun,word,267,0.975,no,pending,yes
2502,n1906-026,2,1:simple-historical-word,kha-n1906-003795,uno,uno,pronoun,word,267,0.975,no,pending,yes
2503,n1906-026,3,1:simple-historical-word,kha-n1906-003800,ut,ut,noun,word,268,0.975,no,pending,yes
2504,n1906-026,4,1:simple-historical-word,kha-n1906-003805,uthie,uthie,pronoun,word,268,0.975,no,pending,yes
2505,n1906-026,5,1:simple-historical-word,kha-n1906-003806,uto,uto,pronoun,word,268,0.975,no,pending,yes
2506,n1906-026,6,1:simple-historical-word,kha-n1906-003807,uwei,uwei,adjective,word,268,0.975,no,pending,yes
2507,n1906-026,7,1:simple-historical-word,kha-n1906-002827,uympliaug,uympliaug,noun,word,197,0.975,no,pending,yes
2508,n1906-026,8,1:simple-historical-word,kha-n1906-003811,wa,wa,interjection,word,268,0.975,no,pending,yes
2509,n1906-026,9,1:simple-historical-word,kha-n1906-003816,wah,wah,noun,word,268,0.975,no,pending,yes
2510,n1906-026,10,1:simple-historical-word,kha-n1906-003823,waitlam,waitlam,noun,word,269,0.975,no,pending,yes
2511,n1906-026,11,1:simple-historical-word,kha-n1906-003812,wak,wak,adverb,word,268,0.975,no,pending,yes
2512,n1906-026,12,1:simple-historical-word,kha-n1906-003826,wallam,wallam,verb,word,269,0.975,no,pending,yes
2513,n1906-026,13,1:simple-historical-word,kha-n1906-003827,wankai,wankai,verb,word,270,0.975,no,pending,yes
2514,n1906-026,14,1:simple-historical-word,kha-n1906-003836,war,war,adverb,word,270,0.975,no,pending,yes
2515,n1906-026,15,1:simple-historical-word,kha-n1906-003837,waris,waris,noun,word,270,0.975,no,pending,yes
2516,n1906-026,16,1:simple-historical-word,kha-n1906-003838,waw,waw,interjection,word,270,0.975,no,pending,yes
2517,n1906-026,17,1:simple-historical-word,kha-n1906-003841,wia,wia,adverb,word,270,0.975,no,pending,yes
2518,n1906-026,18,1:simple-historical-word,kha-n1906-003842,wiak,wiak,adverb,word,271,0.975,no,pending,yes
2519,n1906-026,19,1:simple-historical-word,kha-n1906-003843,wit,wit,adjective,word,271,0.975,no,pending,yes
2520,n1906-026,20,1:simple-historical-word,kha-n1906-003845,ym,ym,adverb,word,271,0.975,no,pending,yes
2521,n1906-026,21,2:compound-or-multiword,kha-n1906-000029,a-iu,a-iu,pronoun,compound,8,0.975,no,pending,yes
2522,n1906-026,22,2:compound-or-multiword,kha-n1906-000023,ai lait-lan,ai lait-lan,verb,phrase,7,0.975,no,pending,yes
2523,n1906-026,23,2:compound-or-multiword,kha-n1906-000012,ai-'baibat,ai-'baibat,verb,compound,6,0.975,no,pending,yes
2524,n1906-026,24,2:compound-or-multiword,kha-n1906-000011,ai-bai-siew,ai-bai-siew,verb,compound,6,0.975,no,pending,yes
2525,n1906-026,25,2:compound-or-multiword,kha-n1906-000013,ai-baishun,ai-baishun,verb,compound,6,0.975,no,pending,yes
2526,n1906-026,26,2:compound-or-multiword,kha-n1906-000014,ai-bud-ndm,ai-bud-ndm,verb,compound,7,0.975,no,pending,yes
2527,n1906-026,27,2:compound-or-multiword,kha-n1906-000022,ai-huspai,ai-huspai,verb,compound,7,0.975,no,pending,yes
2528,n1906-026,28,2:compound-or-multiword,kha-n1906-000015,ai-kai,ai-kai,verb,compound,7,0.975,no,pending,yes
2529,n1906-026,29,2:compound-or-multiword,kha-n1906-000016,ai-khawduh,ai-khawduh,verb,compound,7,0.975,no,pending,yes
2530,n1906-026,30,2:compound-or-multiword,kha-n1906-000017,ai-khusnam,ai-khusnam,verb,compound,7,0.975,no,pending,yes
2531,n1906-026,31,2:compound-or-multiword,kha-n1906-000018,ai-ksew,ai-ksew,verb,compound,7,0.975,no,pending,yes
2532,n1906-026,32,2:compound-or-multiword,kha-n1906-000019,ai-ksnid or ai-ksuid-briew,ai-ksnid or ai-ksuid-briew,verb,phrase,7,0.950,no,pending,yes
2533,n1906-026,33,2:compound-or-multiword,kha-n1906-000020,ai-kum,ai-kum,noun,compound,7,0.950,no,pending,yes
2534,n1906-026,34,2:compound-or-multiword,kha-n1906-000021,ai-kylliang,ai-kylliang,verb,compound,7,0.950,no,pending,yes
2535,n1906-026,35,2:compound-or-multiword,kha-n1906-000024,ai-mon,ai-mon,verb,compound,7,0.975,no,pending,yes
2536,n1906-026,36,2:compound-or-multiword,kha-n1906-000025,ai-nishan,ai-nishan,verb,compound,7,0.975,no,pending,yes
2537,n1906-026,37,2:compound-or-multiword,kha-n1906-000026,ai-rong,ai-rong,verb,compound,8,0.950,no,pending,yes
2538,n1906-026,38,2:compound-or-multiword,kha-n1906-000027,ai-siew,ai-siew,verb,compound,8,0.950,no,pending,yes
2539,n1906-026,39,2:compound-or-multiword,kha-n1906-000028,ai-sniew,ai-sniew,verb,compound,8,0.950,no,pending,yes
2540,n1906-026,40,2:compound-or-multiword,kha-n1906-000005,akher-ka-sngi,akher-ka-sngi,noun,compound,6,0.975,no,pending,yes
2541,n1906-026,41,2:compound-or-multiword,kha-n1906-000032,ama or amai,ama or amai,interjection,phrase,8,0.975,no,pending,yes
2542,n1906-026,42,2:compound-or-multiword,kha-n1906-000037,an-na,an-na,adjective,compound,8,0.975,no,pending,yes
2543,n1906-026,43,2:compound-or-multiword,kha-n1906-000040,ap-dien,ap-dien,verb,compound,8,0.975,no,pending,yes
2544,n1906-026,44,2:compound-or-multiword,kha-n1906-000041,ap-phira,ap-phira,verb,compound,8,0.975,no,pending,yes
2545,n1906-026,45,2:compound-or-multiword,kha-n1906-000053,arldd-nm,arldd-nm,noun,compound,9,0.975,no,pending,yes
2546,n1906-026,46,2:compound-or-multiword,kha-n1906-000056,arliang niamla,arliang niamla,noun,phrase,9,0.975,no,pending,yes
2547,n1906-026,47,2:compound-or-multiword,kha-n1906-000071,at-bylleu,at-bylleu,verb,compound,10,0.975,no,pending,yes
2548,n1906-026,48,2:compound-or-multiword,kha-n1906-000076,at-mytung,at-mytung,verb,compound,10,0.975,no,pending,yes
2549,n1906-026,49,2:compound-or-multiword,kha-n1906-000077,at-pateng-pateng,at-pateng-pateng,verb,reduplication,10,0.975,no,pending,yes
2550,n1906-026,50,2:compound-or-multiword,kha-n1906-000078,at-phyllung,at-phyllung,verb,compound,10,0.975,no,pending,yes
2551,n1906-026,51,2:compound-or-multiword,kha-n1906-000271,b'ym,b'ym,phrase,phrase,23,0.975,no,pending,yes
2552,n1906-026,52,2:compound-or-multiword,kha-n1906-000097,'ba-hab,'ba-hab,noun,compound,12,0.975,no,pending,yes
2553,n1906-026,53,2:compound-or-multiword,kha-n1906-000102,ba-iai,ba-iai,adjective,compound,12,0.975,no,pending,yes
2554,n1906-026,54,2:compound-or-multiword,kha-n1906-000117,ba-met,ba-met,adjective,compound,13,0.975,no,pending,yes
2555,n1906-026,55,2:compound-or-multiword,kha-n1906-000143,'ba-pynthor,'ba-pynthor,noun,compound,14,0.975,no,pending,yes
2556,n1906-026,56,2:compound-or-multiword,kha-n1906-000095,badon-ba-em,badon-ba-em,noun,compound,11,0.975,no,pending,yes
2557,n1906-026,57,2:compound-or-multiword,kha-n1906-000098,bah -bang,bah -bang,verb,phrase,12,0.975,no,pending,yes
2558,n1906-026,58,2:compound-or-multiword,kha-n1906-000106,'bai-seng,'bai-seng,noun,compound,12,0.975,no,pending,yes
2559,n1906-026,59,2:compound-or-multiword,kha-n1906-000103,baiii-bain,baiii-bain,adverb,compound,12,0.975,no,pending,yes
2560,n1906-026,60,2:compound-or-multiword,kha-n1906-000088,bak-bak,bak-bak,adverb,reduplication,11,0.975,no,pending,yes
2561,n1906-026,61,2:compound-or-multiword,kha-n1906-000091,bak-jingbak,bak-jingbak,adverb,compound,11,0.975,no,pending,yes
2562,n1906-026,62,2:compound-or-multiword,kha-n1906-000113,bam-bnai,bam-bnai,verb,compound,13,0.975,no,pending,yes
2563,n1906-026,63,2:compound-or-multiword,kha-n1906-000124,bam-fiiangriej,bam-fiiangriej,verb,compound,13,0.975,no,pending,yes
2564,n1906-026,64,2:compound-or-multiword,kha-n1906-000119,bam-hynroh-n-bnai,bam-hynroh-n-bnai,noun,compound,13,0.975,no,pending,yes
2565,n1906-026,65,2:compound-or-multiword,kha-n1906-000120,bam-ja-khluit,bam-ja-khluit,verb,compound,13,0.975,no,pending,yes
2566,n1906-026,66,2:compound-or-multiword,kha-n1906-000121,bam-jajah,bam-jajah,verb,compound,13,0.975,no,pending,yes
2567,n1906-026,67,2:compound-or-multiword,kha-n1906-000122,bam-jasngi,bam-jasngi,verb,compound,13,0.975,no,pending,yes
2568,n1906-026,68,2:compound-or-multiword,kha-n1906-000115,bam-khuti,bam-khuti,verb,compound,13,0.975,no,pending,yes
2569,n1906-026,69,2:compound-or-multiword,kha-n1906-000116,bam-krang,bam-krang,verb,compound,13,0.975,no,pending,yes
2570,n1906-026,70,2:compound-or-multiword,kha-n1906-000118,bam-ngem,bam-ngem,adjective,compound,13,0.975,no,pending,yes
2571,n1906-026,71,2:compound-or-multiword,kha-n1906-000123,bam-niang-iap,bam-niang-iap,noun,compound,13,0.975,no,pending,yes
2572,n1906-026,72,2:compound-or-multiword,kha-n1906-000129,bam-sbiteng-kpoh,bam-sbiteng-kpoh,verb,compound,14,0.975,no,pending,yes
2573,n1906-026,73,2:compound-or-multiword,kha-n1906-002714,bam-shangki,bam-shangki,noun,compound,189,0.975,no,pending,yes
2574,n1906-026,74,2:compound-or-multiword,kha-n1906-000132,bam-tyllan,bam-tyllan,verb,compound,14,0.975,no,pending,yes
2575,n1906-026,75,2:compound-or-multiword,kha-n1906-000135,ban budkhia,ban budkhia,verb,phrase,14,0.975,no,pending,yes
2576,n1906-026,76,2:compound-or-multiword,kha-n1906-000262,ban-ktien,ban-ktien,adjective,compound,22,0.975,no,pending,yes
2577,n1906-026,77,2:compound-or-multiword,kha-n1906-000140,ban-snaiap,ban-snaiap,noun,compound,14,0.975,no,pending,yes
2578,n1906-026,78,2:compound-or-multiword,kha-n1906-000157,batip sngi,batip sngi,adjective,phrase,15,0.975,no,pending,yes
2579,n1906-026,79,2:compound-or-multiword,kha-n1906-000112,'bd-liim,'bd-liim,noun,compound,13,0.975,no,pending,yes
2580,n1906-026,80,2:compound-or-multiword,kha-n1906-000159,behkha-behman,behkha-behman,adjective,compound,15,0.975,no,pending,yes
2581,n1906-026,81,2:compound-or-multiword,kha-n1906-000166,beiii-shyntur,beiii-shyntur,verb,compound,16,0.975,no,pending,yes
2582,n1906-026,82,2:compound-or-multiword,kha-n1906-002732,beit-shdn,beit-shdn,noun,compound,190,0.975,no,pending,yes
2583,n1906-026,83,2:compound-or-multiword,kha-n1906-002731,beng-'mat,beng-'mat,noun,compound,190,0.975,no,pending,yes
2584,n1906-026,84,2:compound-or-multiword,kha-n1906-000170,bet-dier,bet-dier,verb,compound,16,0.975,no,pending,yes
2585,n1906-026,85,2:compound-or-multiword,kha-n1906-000171,bet-lap,bet-lap,verb,compound,16,0.975,no,pending,yes
2586,n1906-026,86,2:compound-or-multiword,kha-n1906-000176,bha-sngi,bha-sngi,adjective,compound,17,0.975,no,pending,yes
2587,n1906-026,87,2:compound-or-multiword,kha-n1906-003025,bhan-khung,bhan-khung,noun,compound,210,0.975,no,pending,yes
2588,n1906-026,88,2:compound-or-multiword,kha-n1906-000177,bhuk-bhak,bhuk-bhak,adverb,compound,17,0.975,no,pending,yes
2589,n1906-026,89,2:compound-or-multiword,kha-n1906-000178,bhum-bham,bhum-bham,adverb,compound,17,0.975,no,pending,yes
2590,n1906-026,90,2:compound-or-multiword,kha-n1906-000180,bhut-bhat,bhut-bhat,adverb,compound,17,0.975,no,pending,yes
2591,n1906-026,91,2:compound-or-multiword,kha-n1906-000184,biah-tynipew,biah-tynipew,verb,compound,17,0.975,no,pending,yes
2592,n1906-026,92,2:compound-or-multiword,kha-n1906-003248,biew-baibat,biew-baibat,verb,compound,224,0.975,no,pending,yes
2593,n1906-026,93,2:compound-or-multiword,kha-n1906-000249,biid-markjat,biid-markjat,verb,compound,22,0.975,no,pending,yes
2594,n1906-026,94,2:compound-or-multiword,kha-n1906-000246,biik-bak,biik-bak,adverb,compound,21,0.975,no,pending,yes
2595,n1906-026,95,2:compound-or-multiword,kha-n1906-003255,bim-tyngwieng,bim-tyngwieng,noun,compound,225,0.975,no,pending,yes
2596,n1906-026,96,2:compound-or-multiword,kha-n1906-000199,blar-blar,blar-blar,adverb,reduplication,19,0.975,no,pending,yes
2597,n1906-026,97,2:compound-or-multiword,kha-n1906-000200,blei-thaw,blei-thaw,noun,compound,19,0.975,no,pending,yes
2598,n1906-026,98,2:compound-or-multiword,kha-n1906-000201,bliat-bliat,bliat-bliat,adverb,reduplication,19,0.975,no,pending,yes
2599,n1906-026,99,2:compound-or-multiword,kha-n1906-000202,blom-blom,blom-blom,adverb,reduplication,19,0.975,no,pending,yes
2600,n1906-026,100,2:compound-or-multiword,kha-n1906-000209,boi-boi,boi-boi,adverb,reduplication,19,0.975,no,pending,yes
2601,n1906-027,1,2:compound-or-multiword,kha-n1906-000210,boifi-boin,boifi-boin,adverb,compound,19,0.975,no,pending,yes
2602,n1906-027,2,2:compound-or-multiword,kha-n1906-000207,bong-ang,bong-ang,verb,compound,19,0.975,no,pending,yes
2603,n1906-027,3,2:compound-or-multiword,kha-n1906-002776,bong-iong,bong-iong,noun,compound,194,0.975,no,pending,yes
2604,n1906-027,4,2:compound-or-multiword,kha-n1906-000219,bred-ei,bred-ei,verb,compound,20,0.975,no,pending,yes
2605,n1906-027,5,2:compound-or-multiword,kha-n1906-000220,breifi-brein,breifi-brein,adverb,compound,20,0.975,no,pending,yes
2606,n1906-027,6,2:compound-or-multiword,kha-n1906-000227,brop-brop,brop-brop,adverb,reduplication,20,0.975,no,pending,yes
2607,n1906-027,7,2:compound-or-multiword,kha-n1906-000230,brum-brum,brum-brum,adverb,reduplication,20,0.975,no,pending,yes
2608,n1906-027,8,2:compound-or-multiword,kha-n1906-000234,bsiat kti,bsiat kti,verb,phrase,21,0.975,no,pending,yes
2609,n1906-027,9,2:compound-or-multiword,kha-n1906-000235,bsiat-ksai,bsiat-ksai,verb,compound,21,0.975,no,pending,yes
2610,n1906-027,10,2:compound-or-multiword,kha-n1906-000257,bu-iam,bu-iam,noun,compound,22,0.975,no,pending,yes
2611,n1906-027,11,2:compound-or-multiword,kha-n1906-000247,bud-da,bud-da,noun,compound,22,0.975,no,pending,yes
2612,n1906-027,12,2:compound-or-multiword,kha-n1906-000248,bud-dien,bud-dien,verb,compound,22,0.975,no,pending,yes
2613,n1906-027,13,2:compound-or-multiword,kha-n1906-000256,buh-sngi,buh-sngi,verb,compound,22,0.975,no,pending,yes
2614,n1906-027,14,2:compound-or-multiword,kha-n1906-000251,buhai-shnong,buhai-shnong,verb,compound,22,0.975,no,pending,yes
2615,n1906-027,15,2:compound-or-multiword,kha-n1906-002826,bymbai-ktung,bymbai-ktung,noun,compound,197,0.975,no,pending,yes
2616,n1906-027,16,2:compound-or-multiword,kha-n1906-002830,byndia-tlem,byndia-tlem,noun,compound,197,0.975,no,pending,yes
2617,n1906-027,17,2:compound-or-multiword,kha-n1906-000281,byniat-hati,byniat-hati,noun,compound,24,0.975,no,pending,yes
2618,n1906-027,18,2:compound-or-multiword,kha-n1906-000297,byr-ie,byr-ie,adjective,compound,24,0.975,no,pending,yes
2619,n1906-027,19,2:compound-or-multiword,kha-n1906-000298,byr-iong,byr-iong,adjective,compound,24,0.975,no,pending,yes
2620,n1906-027,20,2:compound-or-multiword,kha-n1906-000295,byrngut-byrnget,byrngut-byrnget,adverb,compound,24,0.975,no,pending,yes
2621,n1906-027,21,2:compound-or-multiword,kha-n1906-000301,byrni-dong,byrni-dong,noun,compound,25,0.975,no,pending,yes
2622,n1906-027,22,2:compound-or-multiword,kha-n1906-000307,byrthiew or pyrthiew,byrthiew or pyrthiew,noun,phrase,25,0.975,no,pending,yes
2623,n1906-027,23,2:compound-or-multiword,kha-n1906-000309,byrthit peisa,byrthit peisa,adjective,phrase,25,0.975,no,pending,yes
2624,n1906-027,24,2:compound-or-multiword,kha-n1906-000313,byrtun-byrten,byrtun-byrten,adverb,compound,25,0.975,no,pending,yes
2625,n1906-027,25,2:compound-or-multiword,kha-n1906-001169,da lei-lei,da lei-lei,phrase,reduplication,74,0.975,no,pending,yes
2626,n1906-027,26,2:compound-or-multiword,kha-n1906-001177,da' rap-jot,da' rap-jot,phrase,phrase,74,0.975,no,pending,yes
2627,n1906-027,27,2:compound-or-multiword,kha-n1906-001155,dab-tari,dab-tari,noun,compound,73,0.975,no,pending,yes
2628,n1906-027,28,2:compound-or-multiword,kha-n1906-001163,daiii-dain,daiii-dain,adjective,compound,73,0.975,no,pending,yes
2629,n1906-027,29,2:compound-or-multiword,kha-n1906-001165,daini-daikot,daini-daikot,noun,compound,74,0.975,no,pending,yes
2630,n1906-027,30,2:compound-or-multiword,kha-n1906-001167,dait-doh,dait-doh,adjective,compound,74,0.975,no,pending,yes
2631,n1906-027,31,2:compound-or-multiword,kha-n1906-001168,dait-thah,dait-thah,adjective,compound,74,0.975,no,pending,yes
2632,n1906-027,32,2:compound-or-multiword,kha-n1906-001161,dang-ngir,dang-ngir,adverb,compound,73,0.975,no,pending,yes
2633,n1906-027,33,2:compound-or-multiword,kha-n1906-001175,dar-dar,dar-dar,adverb,reduplication,74,0.975,no,pending,yes
2634,n1906-027,34,2:compound-or-multiword,kha-n1906-001197,dei-thana,dei-thana,adjective,compound,75,0.975,no,pending,yes
2635,n1906-027,35,2:compound-or-multiword,kha-n1906-001201,den-den,den-den,adverb,reduplication,76,0.975,no,pending,yes
2636,n1906-027,36,2:compound-or-multiword,kha-n1906-001196,deng-deng,deng-deng,adverb,reduplication,75,0.975,no,pending,yes
2637,n1906-027,37,2:compound-or-multiword,kha-n1906-001202,der-der,der-der,adverb,reduplication,76,0.975,no,pending,yes
2638,n1906-027,38,2:compound-or-multiword,kha-n1906-001203,'der-phiang,'der-phiang,noun,compound,76,0.975,no,pending,yes
2639,n1906-027,39,2:compound-or-multiword,kha-n1906-001219,'diangti-diangjat,'diangti-diangjat,verb,compound,76,0.975,no,pending,yes
2640,n1906-027,40,2:compound-or-multiword,kha-n1906-001224,die-baibat,die-baibat,verb,compound,77,0.975,no,pending,yes
2641,n1906-027,41,2:compound-or-multiword,kha-n1906-001225,die-baitrai,die-baitrai,verb,compound,77,0.975,no,pending,yes
2642,n1906-027,42,2:compound-or-multiword,kha-n1906-001227,die-duh,die-duh,verb,compound,77,0.975,no,pending,yes
2643,n1906-027,43,2:compound-or-multiword,kha-n1906-001226,die-khutia,die-khutia,verb,compound,77,0.975,no,pending,yes
2644,n1906-027,44,2:compound-or-multiword,kha-n1906-001273,die-lildm,die-lildm,verb,compound,80,0.975,no,pending,yes
2645,n1906-027,45,2:compound-or-multiword,kha-n1906-001230,dieng byllan,dieng byllan,noun,phrase,77,0.975,no,pending,yes
2646,n1906-027,46,2:compound-or-multiword,kha-n1906-001231,dieng bylliat,dieng bylliat,noun,phrase,77,0.975,no,pending,yes
2647,n1906-027,47,2:compound-or-multiword,kha-n1906-001242,dieng lamaki,dieng lamaki,noun,phrase,78,0.975,no,pending,yes
2648,n1906-027,48,2:compound-or-multiword,kha-n1906-001228,dieng-bilat,dieng-bilat,noun,compound,77,0.975,no,pending,yes
2649,n1906-027,49,2:compound-or-multiword,kha-n1906-001241,dieng-iei,dieng-iei,noun,compound,78,0.975,no,pending,yes
2650,n1906-027,50,2:compound-or-multiword,kha-n1906-001239,dieng-ngai,dieng-ngai,noun,compound,77,0.975,no,pending,yes
2651,n1906-027,51,2:compound-or-multiword,kha-n1906-001238,dieng-ngan,dieng-ngan,noun,compound,77,0.975,no,pending,yes
2652,n1906-027,52,2:compound-or-multiword,kha-n1906-001249,dieng-rtiang,dieng-rtiang,noun,compound,78,0.975,no,pending,yes
2653,n1906-027,53,2:compound-or-multiword,kha-n1906-001232,diengbti or diengbyti,diengbti or diengbyti,noun,phrase,77,0.975,no,pending,yes
2654,n1906-027,54,2:compound-or-multiword,kha-n1906-001240,diengiap-ieng,diengiap-ieng,noun,compound,77,0.975,no,pending,yes
2655,n1906-027,55,2:compound-or-multiword,kha-n1906-001266,diengsohpri-am,diengsohpri-am,noun,compound,79,0.975,no,pending,yes
2656,n1906-027,56,2:compound-or-multiword,kha-n1906-001178,diir-lieng,diir-lieng,noun,compound,74,0.975,no,pending,yes
2657,n1906-027,57,2:compound-or-multiword,kha-n1906-001193,dkut-mynsiem,dkut-mynsiem,verb,compound,75,0.975,no,pending,yes
2658,n1906-027,58,2:compound-or-multiword,kha-n1906-001280,dob-dob,dob-dob,adverb,reduplication,80,0.975,no,pending,yes
2659,n1906-027,59,2:compound-or-multiword,kha-n1906-001304,doi-doi,doi-doi,adverb,reduplication,82,0.975,no,pending,yes
2660,n1906-027,60,2:compound-or-multiword,kha-n1906-001308,don-don,don-don,adverb,reduplication,82,0.975,no,pending,yes
2661,n1906-027,61,2:compound-or-multiword,kha-n1906-001314,don-iktiar,don-iktiar,adjective,compound,82,0.975,no,pending,yes
2662,n1906-027,62,2:compound-or-multiword,kha-n1906-001282,dong dong,dong dong,adverb,reduplication,80,0.975,no,pending,yes
2663,n1906-027,63,2:compound-or-multiword,kha-n1906-001284,dong lotlot,dong lotlot,noun,phrase,80,0.975,no,pending,yes
2664,n1906-027,64,2:compound-or-multiword,kha-n1906-001291,'dong shimat,'dong shimat,noun,phrase,81,0.975,no,pending,yes
2665,n1906-027,65,2:compound-or-multiword,kha-n1906-001316,dop-kait,dop-kait,noun,compound,82,0.975,no,pending,yes
2666,n1906-027,66,2:compound-or-multiword,kha-n1906-001334,dubai,dubai,phrase,phrase,84,0.975,no,pending,yes
2667,n1906-027,67,2:compound-or-multiword,kha-n1906-001330,dud or dut,dud or dut,verb,phrase,83,0.975,no,pending,yes
2668,n1906-027,68,2:compound-or-multiword,kha-n1906-001345,dum-dngiem,dum-dngiem,verb,compound,84,0.975,no,pending,yes
2669,n1906-027,69,2:compound-or-multiword,kha-n1906-001347,dun-diin,dun-diin,adverb,compound,84,0.975,no,pending,yes
2670,n1906-027,70,2:compound-or-multiword,kha-n1906-001353,dur-lanot,dur-lanot,interjection,compound,85,0.975,no,pending,yes
2671,n1906-027,71,2:compound-or-multiword,kha-n1906-002734,e-evv,e-evv,noun,compound,190,0.975,no,pending,yes
2672,n1906-027,72,2:compound-or-multiword,kha-n1906-002749,e-i-nger,e-i-nger,noun,compound,193,0.975,no,pending,yes
2673,n1906-027,73,2:compound-or-multiword,kha-n1906-000321,ead-shyntur,ead-shyntur,noun,compound,26,0.975,no,pending,yes
2674,n1906-027,74,2:compound-or-multiword,kha-n1906-002697,eah-rong,eah-rong,verb,compound,188,0.975,no,pending,yes
2675,n1906-027,75,2:compound-or-multiword,kha-n1906-002713,eam-ia,eam-ia,noun,compound,189,0.975,no,pending,yes
2676,n1906-027,76,2:compound-or-multiword,kha-n1906-002715,eam-shandi,eam-shandi,noun,compound,189,0.975,no,pending,yes
2677,n1906-027,77,2:compound-or-multiword,kha-n1906-001364,eh-eh,eh-eh,adjective,reduplication,85,0.975,no,pending,yes
2678,n1906-027,78,2:compound-or-multiword,kha-n1906-000515,ehie-im,ehie-im,verb,compound,37,0.975,no,pending,yes
2679,n1906-027,79,2:compound-or-multiword,kha-n1906-000514,ehie-kyllang,ehie-kyllang,verb,compound,37,0.975,no,pending,yes
2680,n1906-027,80,2:compound-or-multiword,kha-n1906-002740,ehuin-rhuin,ehuin-rhuin,adverb,compound,191,0.975,no,pending,yes
2681,n1906-027,81,2:compound-or-multiword,kha-n1906-001365,ei-ei,ei-ei,noun,reduplication,86,0.975,no,pending,yes
2682,n1906-027,82,2:compound-or-multiword,kha-n1906-001366,ei-ei-ruh-em,ei-ei-ruh-em,phrase,reduplication,86,0.975,no,pending,yes
2683,n1906-027,83,2:compound-or-multiword,kha-n1906-002800,eiiid-dak,eiiid-dak,verb,compound,195,0.975,no,pending,yes
2684,n1906-027,84,2:compound-or-multiword,kha-n1906-001369,eit-kor,eit-kor,noun,compound,86,0.975,no,pending,yes
2685,n1906-027,85,2:compound-or-multiword,kha-n1906-001370,eit-masi,eit-masi,noun,compound,86,0.975,no,pending,yes
2686,n1906-027,86,2:compound-or-multiword,kha-n1906-001371,eit-mat,eit-mat,noun,compound,86,0.975,no,pending,yes
2687,n1906-027,87,2:compound-or-multiword,kha-n1906-001373,eit-nar,eit-nar,noun,compound,86,0.975,no,pending,yes
2688,n1906-027,88,2:compound-or-multiword,kha-n1906-002786,eoit-roit,eoit-roit,adverb,compound,194,0.975,no,pending,yes
2689,n1906-027,89,2:compound-or-multiword,kha-n1906-002777,eong-jugem,eong-jugem,noun,compound,194,0.975,no,pending,yes
2690,n1906-027,90,2:compound-or-multiword,kha-n1906-002779,eong-lieh,eong-lieh,noun,compound,194,0.975,no,pending,yes
2691,n1906-027,91,2:compound-or-multiword,kha-n1906-002781,eong-saw,eong-saw,noun,compound,194,0.975,no,pending,yes
2692,n1906-027,92,2:compound-or-multiword,kha-n1906-002782,eong-shiria,eong-shiria,noun,compound,194,0.975,no,pending,yes
2693,n1906-027,93,2:compound-or-multiword,kha-n1906-002784,eong-tham,eong-tham,noun,compound,194,0.975,no,pending,yes
2694,n1906-027,94,2:compound-or-multiword,kha-n1906-002783,eono-stem,eono-stem,noun,compound,194,0.975,no,pending,yes
2695,n1906-027,95,2:compound-or-multiword,kha-n1906-002801,euid-nur,euid-nur,verb,compound,195,0.975,no,pending,yes
2696,n1906-027,96,2:compound-or-multiword,kha-n1906-002795,eukom-rukom,eukom-rukom,adverb,compound,195,0.975,no,pending,yes
2697,n1906-027,97,2:compound-or-multiword,kha-n1906-002797,eung-balang,eung-balang,verb,compound,195,0.975,no,pending,yes
2698,n1906-027,98,2:compound-or-multiword,kha-n1906-001041,eyntang-maram,eyntang-maram,noun,compound,66,0.975,no,pending,yes
2699,n1906-027,99,2:compound-or-multiword,kha-n1906-001408,habadei-badei,habadei-badei,adverb,compound,90,0.975,no,pending,yes
2700,n1906-027,100,2:compound-or-multiword,kha-n1906-001412,hadiang,hadiang,phrase,phrase,90,0.975,no,pending,yes
2701,n1906-028,1,2:compound-or-multiword,kha-n1906-001416,haei-haei,haei-haei,adverb,reduplication,90,0.975,no,pending,yes
2702,n1906-028,2,2:compound-or-multiword,kha-n1906-001417,haei-re-haei,haei-re-haei,adverb,compound,90,0.975,no,pending,yes
2703,n1906-028,3,2:compound-or-multiword,kha-n1906-002703,hai shilliang,hai shilliang,verb,phrase,188,0.975,no,pending,yes
2704,n1906-028,4,2:compound-or-multiword,kha-n1906-001426,hai-bai,hai-bai,adverb,compound,90,0.975,no,pending,yes
2705,n1906-028,5,2:compound-or-multiword,kha-n1906-001427,hain-hain,hain-hain,adverb,reduplication,90,0.975,no,pending,yes
2706,n1906-028,6,2:compound-or-multiword,kha-n1906-001410,hak-na-hak,hak-na-hak,adverb,compound,90,0.975,no,pending,yes
2707,n1906-028,7,2:compound-or-multiword,kha-n1906-001434,halai-halai,halai-halai,adverb,reduplication,91,0.975,no,pending,yes
2708,n1906-028,8,2:compound-or-multiword,kha-n1906-001420,hangno-hangno,hangno-hangno,adverb,reduplication,90,0.975,no,pending,yes
2709,n1906-028,9,2:compound-or-multiword,kha-n1906-001441,hapoh-hapoh,hapoh-hapoh,adverb,reduplication,91,0.975,no,pending,yes
2710,n1906-028,10,2:compound-or-multiword,kha-n1906-001443,har-har,har-har,adverb,reduplication,91,0.975,no,pending,yes
2711,n1906-028,11,2:compound-or-multiword,kha-n1906-001448,hateng-hateng,hateng-hateng,adverb,reduplication,92,0.975,no,pending,yes
2712,n1906-028,12,2:compound-or-multiword,kha-n1906-001451,haw-haw,haw-haw,adverb,reduplication,92,0.975,no,pending,yes
2713,n1906-028,13,2:compound-or-multiword,kha-n1906-001452,he-he,he-he,adverb,reduplication,92,0.975,no,pending,yes
2714,n1906-028,14,2:compound-or-multiword,kha-n1906-001453,hek-hek,hek-hek,adverb,reduplication,92,0.975,no,pending,yes
2715,n1906-028,15,2:compound-or-multiword,kha-n1906-001456,hem-hem,hem-hem,adverb,reduplication,92,0.975,no,pending,yes
2716,n1906-028,16,2:compound-or-multiword,kha-n1906-001457,hen-hen,hen-hen,adverb,reduplication,92,0.975,no,pending,yes
2717,n1906-028,17,2:compound-or-multiword,kha-n1906-001458,her-her,her-her,adverb,reduplication,92,0.975,no,pending,yes
2718,n1906-028,18,2:compound-or-multiword,kha-n1906-001459,her-mynsiem,her-mynsiem,verb,compound,93,0.975,no,pending,yes
2719,n1906-028,19,2:compound-or-multiword,kha-n1906-003665,hi-pdeng,hi-pdeng,noun,compound,257,0.975,no,pending,yes
2720,n1906-028,20,2:compound-or-multiword,kha-n1906-001462,hiar-iadep,hiar-iadep,noun,compound,93,0.975,no,pending,yes
2721,n1906-028,21,2:compound-or-multiword,kha-n1906-001463,hiaw-hiaw,hiaw-hiaw,adverb,reduplication,93,0.975,no,pending,yes
2722,n1906-028,22,2:compound-or-multiword,kha-n1906-003655,hiew-dohraaw,hiew-dohraaw,noun,compound,255,0.975,no,pending,yes
2723,n1906-028,23,2:compound-or-multiword,kha-n1906-003659,hiew-riam-skdin,hiew-riam-skdin,noun,compound,256,0.975,no,pending,yes
2724,n1906-028,24,2:compound-or-multiword,kha-n1906-001466,hih-i,hih-i,adverb,compound,93,0.975,no,pending,yes
2725,n1906-028,25,2:compound-or-multiword,kha-n1906-001468,hir-hir,hir-hir,adverb,reduplication,93,0.975,no,pending,yes
2726,n1906-028,26,2:compound-or-multiword,kha-n1906-001473,hor-hor,hor-hor,adverb,reduplication,93,0.975,no,pending,yes
2727,n1906-028,27,2:compound-or-multiword,kha-n1906-001478,hum-huqi-ham-ham,hum-huqi-ham-ham,adverb,reduplication,94,0.975,no,pending,yes
2728,n1906-028,28,2:compound-or-multiword,kha-n1906-001483,hur-hur,hur-hur,adverb,reduplication,94,0.975,no,pending,yes
2729,n1906-028,29,2:compound-or-multiword,kha-n1906-001482,huri-hura,huri-hura,noun,compound,94,0.975,no,pending,yes
2730,n1906-028,30,2:compound-or-multiword,kha-n1906-001489,hynfiiew-skum,hynfiiew-skum,noun,compound,94,0.975,no,pending,yes
2731,n1906-028,31,2:compound-or-multiword,kha-n1906-001524,i'm,i'm,phrase,phrase,104,0.975,no,pending,yes
2732,n1906-028,32,2:compound-or-multiword,kha-n1906-001528,i'n,i'n,phrase,phrase,104,0.975,no,pending,yes
2733,n1906-028,33,2:compound-or-multiword,kha-n1906-001523,i-lub,i-lub,adjective,compound,104,0.975,no,pending,yes
2734,n1906-028,34,2:compound-or-multiword,kha-n1906-001531,i-per,i-per,adjective,compound,105,0.975,no,pending,yes
2735,n1906-028,35,2:compound-or-multiword,kha-n1906-001535,i-raitong,i-raitong,adjective,compound,105,0.975,no,pending,yes
2736,n1906-028,36,2:compound-or-multiword,kha-n1906-001537,i-rngai,i-rngai,verb,compound,106,0.975,no,pending,yes
2737,n1906-028,37,2:compound-or-multiword,kha-n1906-001544,i-shongkun,i-shongkun,adjective,compound,106,0.975,no,pending,yes
2738,n1906-028,38,2:compound-or-multiword,kha-n1906-001543,i-shongsmn,i-shongsmn,adjective,compound,106,0.975,no,pending,yes
2739,n1906-028,39,2:compound-or-multiword,kha-n1906-001548,i-syrngiew,i-syrngiew,adjective,compound,106,0.975,no,pending,yes
2740,n1906-028,40,2:compound-or-multiword,kha-n1906-001550,i-triem,i-triem,adjective,compound,106,0.975,no,pending,yes
2741,n1906-028,41,2:compound-or-multiword,kha-n1906-001552,i-wit,i-wit,adjective,compound,107,0.975,no,pending,yes
2742,n1906-028,42,2:compound-or-multiword,kha-n1906-001495,'iad-hiar,'iad-hiar,noun,compound,95,0.975,no,pending,yes
2743,n1906-028,43,2:compound-or-multiword,kha-n1906-001494,'iad-khar,'iad-khar,noun,compound,95,0.975,no,pending,yes
2744,n1906-028,44,2:compound-or-multiword,kha-n1906-001496,'iad-pudka,'iad-pudka,noun,compound,95,0.975,no,pending,yes
2745,n1906-028,45,2:compound-or-multiword,kha-n1906-001497,'iad-um,'iad-um,noun,compound,96,0.975,no,pending,yes
2746,n1906-028,46,2:compound-or-multiword,kha-n1906-001501,'iar-kdait,'iar-kdait,noun,compound,99,0.975,no,pending,yes
2747,n1906-028,47,2:compound-or-multiword,kha-n1906-001502,'iar-krad-lynti,'iar-krad-lynti,noun,compound,99,0.975,no,pending,yes
2748,n1906-028,48,2:compound-or-multiword,kha-n1906-001509,ibyn-riew,ibyn-riew,verb,compound,102,0.975,no,pending,yes
2749,n1906-028,49,2:compound-or-multiword,kha-n1906-001499,idid-dar dar,idid-dar dar,verb,reduplication,96,0.975,no,pending,yes
2750,n1906-028,50,2:compound-or-multiword,kha-n1906-001498,idid-kyrbeit,idid-kyrbeit,verb,compound,96,0.975,no,pending,yes
2751,n1906-028,51,2:compound-or-multiword,kha-n1906-001518,ih-rod,ih-rod,adjective,compound,104,0.975,no,pending,yes
2752,n1906-028,52,2:compound-or-multiword,kha-n1906-001526,im im-peit peit,im im-peit peit,adverb,reduplication,104,0.975,no,pending,yes
2753,n1906-028,53,2:compound-or-multiword,kha-n1906-001527,im-jingmut,im-jingmut,verb,compound,104,0.975,no,pending,yes
2754,n1906-028,54,2:compound-or-multiword,kha-n1906-001512,'ing-bah,'ing-bah,noun,compound,103,0.975,no,pending,yes
2755,n1906-028,55,2:compound-or-multiword,kha-n1906-001514,ing-ding,ing-ding,verb,compound,103,0.975,no,pending,yes
2756,n1906-028,56,2:compound-or-multiword,kha-n1906-001516,'ing-tyrkhong,'ing-tyrkhong,noun,compound,104,0.975,no,pending,yes
2757,n1906-028,57,2:compound-or-multiword,kha-n1906-001530,ino-ino,ino-ino,pronoun,reduplication,104,0.875,no,pending,yes
2758,n1906-028,58,2:compound-or-multiword,kha-n1906-001540,ir-shi-ir,ir-shi-ir,adverb,compound,106,0.975,no,pending,yes
2759,n1906-028,59,2:compound-or-multiword,kha-n1906-001384,is'gar-ngar,is'gar-ngar,adverb,compound,88,0.975,no,pending,yes
2760,n1906-028,60,2:compound-or-multiword,kha-n1906-001541,isait-met,isait-met,adjective,compound,106,0.975,no,pending,yes
2761,n1906-028,61,2:compound-or-multiword,kha-n1906-001546,isna-iap,isna-iap,noun,compound,106,0.975,no,pending,yes
2762,n1906-028,62,2:compound-or-multiword,kha-n1906-001547,isyn-ei,isyn-ei,verb,compound,106,0.975,no,pending,yes
2763,n1906-028,63,2:compound-or-multiword,kha-n1906-003575,ithep-shyieng,ithep-shyieng,verb,compound,248,0.975,no,pending,yes
2764,n1906-028,64,2:compound-or-multiword,kha-n1906-001515,'iug-dong,'iug-dong,noun,compound,103,0.975,no,pending,yes
2765,n1906-028,65,2:compound-or-multiword,kha-n1906-000972,ivyn-ieb,ivyn-ieb,adverb,compound,63,0.975,no,pending,yes
2766,n1906-028,66,2:compound-or-multiword,kha-n1906-001554,iw-riem,iw-riem,verb,compound,107,0.975,no,pending,yes
2767,n1906-028,67,2:compound-or-multiword,kha-n1906-001555,iw-sieng,iw-sieng,verb,compound,107,0.975,no,pending,yes
2768,n1906-028,68,2:compound-or-multiword,kha-n1906-001578,jah-lngaid,jah-lngaid,verb,compound,108,0.975,no,pending,yes
2769,n1906-028,69,2:compound-or-multiword,kha-n1906-001591,jaifisai-hon,jaifisai-hon,noun,compound,109,0.975,no,pending,yes
2770,n1906-028,70,2:compound-or-multiword,kha-n1906-001587,jaiii-mor-mor,jaiii-mor-mor,noun,reduplication,109,0.975,no,pending,yes
2771,n1906-028,71,2:compound-or-multiword,kha-n1906-001584,jain-iarong,jain-iarong,noun,compound,109,0.975,no,pending,yes
2772,n1906-028,72,2:compound-or-multiword,kha-n1906-001585,jain-jain,jain-jain,adverb,reduplication,109,0.975,no,pending,yes
2773,n1906-028,73,2:compound-or-multiword,kha-n1906-001601,jaly-eit,jaly-eit,noun,compound,110,0.975,no,pending,yes
2774,n1906-028,74,2:compound-or-multiword,kha-n1906-001608,jami-iang,jami-iang,noun,compound,111,0.975,no,pending,yes
2775,n1906-028,75,2:compound-or-multiword,kha-n1906-001626,'jat-diih,'jat-diih,noun,compound,112,0.975,no,pending,yes
2776,n1906-028,76,2:compound-or-multiword,kha-n1906-001625,'jat-kmie,'jat-kmie,noun,compound,112,0.975,no,pending,yes
2777,n1906-028,77,2:compound-or-multiword,kha-n1906-001633,jawac-jawet,jawac-jawet,adverb,compound,113,0.975,no,pending,yes
2778,n1906-028,78,2:compound-or-multiword,kha-n1906-001588,jdin-ryndia,jdin-ryndia,noun,compound,109,0.975,no,pending,yes
2779,n1906-028,79,2:compound-or-multiword,kha-n1906-001583,jdinkup-jainsem,jdinkup-jainsem,noun,compound,109,0.975,no,pending,yes
2780,n1906-028,80,2:compound-or-multiword,kha-n1906-001640,jei-jei,jei-jei,adverb,reduplication,113,0.975,no,pending,yes
2781,n1906-028,81,2:compound-or-multiword,kha-n1906-001642,jem-nud,jem-nud,adjective,compound,113,0.975,no,pending,yes
2782,n1906-028,82,2:compound-or-multiword,kha-n1906-001643,jem-rngiew,jem-rngiew,verb,compound,113,0.975,no,pending,yes
2783,n1906-028,83,2:compound-or-multiword,kha-n1906-001651,jhang-jhang,jhang-jhang,adverb,reduplication,114,0.975,no,pending,yes
2784,n1906-028,84,2:compound-or-multiword,kha-n1906-001658,jhup-jhap,jhup-jhap,adverb,compound,114,0.975,no,pending,yes
2785,n1906-028,85,2:compound-or-multiword,kha-n1906-001662,ji-ei,ji-ei,noun,compound,114,0.975,no,pending,yes
2786,n1906-028,86,2:compound-or-multiword,kha-n1906-001660,jiap-jiap,jiap-jiap,adjective,reduplication,114,0.975,no,pending,yes
2787,n1906-028,87,2:compound-or-multiword,kha-n1906-001661,jied-shiah,jied-shiah,verb,compound,114,0.975,no,pending,yes
2788,n1906-028,88,2:compound-or-multiword,kha-n1906-001684,jilla-kliarit,jilla-kliarit,verb,compound,116,0.975,no,pending,yes
2789,n1906-028,89,2:compound-or-multiword,kha-n1906-001674,jing-iapait,jing-iapait,noun,compound,115,0.975,no,pending,yes
2790,n1906-028,90,2:compound-or-multiword,kha-n1906-001673,jing-ngeit-biej,jing-ngeit-biej,noun,compound,115,0.975,no,pending,yes
2791,n1906-028,91,2:compound-or-multiword,kha-n1906-001663,jingat phyllung,jingat phyllung,noun,phrase,115,0.975,no,pending,yes
2792,n1906-028,92,2:compound-or-multiword,kha-n1906-001666,jingbib-u lasam,jingbib-u lasam,noun,phrase,115,0.975,no,pending,yes
2793,n1906-028,93,2:compound-or-multiword,kha-n1906-001667,jingbuh-jingsat,jingbuh-jingsat,noun,compound,115,0.975,no,pending,yes
2794,n1906-028,94,2:compound-or-multiword,kha-n1906-001675,jingiatip-lem,jingiatip-lem,noun,compound,115,0.975,no,pending,yes
2795,n1906-028,95,2:compound-or-multiword,kha-n1906-001668,jingkha-ar-sien,jingkha-ar-sien,noun,compound,115,0.975,no,pending,yes
2796,n1906-028,96,2:compound-or-multiword,kha-n1906-001670,jingkhang-iit,jingkhang-iit,noun,compound,115,0.975,no,pending,yes
2797,n1906-028,97,2:compound-or-multiword,kha-n1906-001677,jinglait-luid,jinglait-luid,noun,compound,115,0.975,no,pending,yes
2798,n1906-028,98,2:compound-or-multiword,kha-n1906-001680,jingpyrsat-mynsiem,jingpyrsat-mynsiem,noun,compound,115,0.975,no,pending,yes
2799,n1906-028,99,2:compound-or-multiword,kha-n1906-001692,jinjar-trah,jinjar-trah,adjective,compound,116,0.975,no,pending,yes
2800,n1906-028,100,2:compound-or-multiword,kha-n1906-001696,jir-eh,jir-eh,verb,compound,117,0.975,no,pending,yes
2801,n1906-029,1,2:compound-or-multiword,kha-n1906-001697,jirwit-jirwat,jirwit-jirwat,adverb,compound,117,0.975,no,pending,yes
2802,n1906-029,2,2:compound-or-multiword,kha-n1906-001699,jiw-jiw-jaw-jaw,jiw-jiw-jaw-jaw,adjective,reduplication,117,0.975,no,pending,yes
2803,n1906-029,3,2:compound-or-multiword,kha-n1906-001701,jiwtang or jutang,jiwtang or jutang,noun,phrase,117,0.975,no,pending,yes
2804,n1906-029,4,2:compound-or-multiword,kha-n1906-001703,jlaw-nguid,jlaw-nguid,adjective,compound,117,0.975,no,pending,yes
2805,n1906-029,5,2:compound-or-multiword,kha-n1906-001707,jlep-dohnud,jlep-dohnud,verb,compound,117,0.975,no,pending,yes
2806,n1906-029,6,2:compound-or-multiword,kha-n1906-001646,jngaiil-jngain,jngaiil-jngain,adverb,compound,114,0.975,no,pending,yes
2807,n1906-029,7,2:compound-or-multiword,kha-n1906-001649,jngum-jngum,jngum-jngum,adjective,reduplication,114,0.975,no,pending,yes
2808,n1906-029,8,2:compound-or-multiword,kha-n1906-001716,jrai-thied,jrai-thied,verb,compound,118,0.975,no,pending,yes
2809,n1906-029,9,2:compound-or-multiword,kha-n1906-001717,jrain-jrain,jrain-jrain,adverb,reduplication,118,0.975,no,pending,yes
2810,n1906-029,10,2:compound-or-multiword,kha-n1906-001718,jran-um,jran-um,verb,compound,118,0.975,no,pending,yes
2811,n1906-029,11,2:compound-or-multiword,kha-n1906-001723,jri-sim,jri-sim,noun,compound,118,0.975,no,pending,yes
2812,n1906-029,12,2:compound-or-multiword,kha-n1906-001725,jrup-jrap,jrup-jrap,adverb,compound,118,0.975,no,pending,yes
2813,n1906-029,13,2:compound-or-multiword,kha-n1906-000393,jslein-noh,jslein-noh,verb,compound,29,0.975,no,pending,yes
2814,n1906-029,14,2:compound-or-multiword,kha-n1906-001734,jum-jum,jum-jum,adverb,reduplication,119,0.975,no,pending,yes
2815,n1906-029,15,2:compound-or-multiword,kha-n1906-001746,jylliep khap-ngain,jylliep khap-ngain,adverb,phrase,120,0.975,no,pending,yes
2816,n1906-029,16,2:compound-or-multiword,kha-n1906-001760,jyrholi khlur,jyrholi khlur,noun,phrase,121,0.975,no,pending,yes
2817,n1906-029,17,2:compound-or-multiword,kha-n1906-001765,jyrwit-jyrwat,jyrwit-jyrwat,adverb,compound,121,0.975,no,pending,yes
2818,n1906-029,18,2:compound-or-multiword,kha-n1906-000437,k-ham katto-katne,k-ham katto-katne,adjective,phrase,32,0.975,no,pending,yes
2819,n1906-029,19,2:compound-or-multiword,kha-n1906-000439,k-hamtam,k-hamtam,adverb,compound,32,0.975,no,pending,yes
2820,n1906-029,20,2:compound-or-multiword,kha-n1906-002747,k-idg kcngor,k-idg kcngor,verb,phrase,193,0.975,no,pending,yes
2821,n1906-029,21,2:compound-or-multiword,kha-n1906-000338,ka'm,ka'm,phrase,phrase,26,0.975,no,pending,yes
2822,n1906-029,22,2:compound-or-multiword,kha-n1906-000348,ka'n,ka'n,phrase,phrase,27,0.975,no,pending,yes
2823,n1906-029,23,2:compound-or-multiword,kha-n1906-000317,kaba-kdi,kaba-kdi,noun,compound,25,0.975,no,pending,yes
2824,n1906-029,24,2:compound-or-multiword,kha-n1906-000323,kaei-kaei,kaei-kaei,noun,reduplication,26,0.975,no,pending,yes
2825,n1906-029,25,2:compound-or-multiword,kha-n1906-000324,kaei-re-kaei,kaei-re-kaei,phrase,compound,26,0.975,no,pending,yes
2826,n1906-029,26,2:compound-or-multiword,kha-n1906-000329,kai-khlaw,kai-khlaw,verb,compound,26,0.975,no,pending,yes
2827,n1906-029,27,2:compound-or-multiword,kha-n1906-000330,kai-kynthei,kai-kynthei,adjective,compound,26,0.975,no,pending,yes
2828,n1906-029,28,2:compound-or-multiword,kha-n1906-000332,'kain-dait,'kain-dait,noun,compound,26,0.975,no,pending,yes
2829,n1906-029,29,2:compound-or-multiword,kha-n1906-000333,'kain-iong,'kain-iong,noun,compound,26,0.975,no,pending,yes
2830,n1906-029,30,2:compound-or-multiword,kha-n1906-000336,kali-bordi,kali-bordi,noun,compound,26,0.975,no,pending,yes
2831,n1906-029,31,2:compound-or-multiword,kha-n1906-000347,kam -shnong-kam- thaw,kam -shnong-kam- thaw,noun,phrase,27,0.975,no,pending,yes
2832,n1906-029,32,2:compound-or-multiword,kha-n1906-000341,kam-bah,kam-bah,noun,compound,27,0.975,no,pending,yes
2833,n1906-029,33,2:compound-or-multiword,kha-n1906-000345,kam-ram,kam-ram,noun,compound,27,0.975,no,pending,yes
2834,n1906-029,34,2:compound-or-multiword,kha-n1906-000340,kamai-khynraw,kamai-khynraw,noun,compound,27,0.975,no,pending,yes
2835,n1906-029,35,2:compound-or-multiword,kha-n1906-000343,kamon-u kadiang,kamon-u kadiang,noun,phrase,27,0.975,no,pending,yes
2836,n1906-029,36,2:compound-or-multiword,kha-n1906-000346,kamra-shongkdi,kamra-shongkdi,noun,compound,27,0.975,no,pending,yes
2837,n1906-029,37,2:compound-or-multiword,kha-n1906-000351,kano-kano,kano-kano,pronoun,reduplication,27,0.975,no,pending,yes
2838,n1906-029,38,2:compound-or-multiword,kha-n1906-000360,katba long,katba long,phrase,phrase,28,0.975,no,pending,yes
2839,n1906-029,39,2:compound-or-multiword,kha-n1906-000364,katne katne,katne katne,adverb,reduplication,28,0.975,no,pending,yes
2840,n1906-029,40,2:compound-or-multiword,kha-n1906-000366,katno-katno,katno-katno,adverb,reduplication,28,0.975,no,pending,yes
2841,n1906-029,41,2:compound-or-multiword,kha-n1906-000368,katta katta,katta katta,adverb,reduplication,28,0.975,no,pending,yes
2842,n1906-029,42,2:compound-or-multiword,kha-n1906-000378,kawei-pat,kawei-pat,pronoun,compound,28,0.975,no,pending,yes
2843,n1906-029,43,2:compound-or-multiword,kha-n1906-000383,kbin-kbin,kbin-kbin,adjective,reduplication,28,0.975,no,pending,yes
2844,n1906-029,44,2:compound-or-multiword,kha-n1906-000375,kdw-kaw-daw-daw,kdw-kaw-daw-daw,adverb,reduplication,28,0.975,no,pending,yes
2845,n1906-029,45,2:compound-or-multiword,kha-n1906-000391,keh-keh,keh-keh,adverb,reduplication,29,0.975,no,pending,yes
2846,n1906-029,46,2:compound-or-multiword,kha-n1906-000396,kem ksuid,kem ksuid,verb,phrase,30,0.975,no,pending,yes
2847,n1906-029,47,2:compound-or-multiword,kha-n1906-000394,kem-ka-lar,kem-ka-lar,noun,compound,29,0.975,no,pending,yes
2848,n1906-029,48,2:compound-or-multiword,kha-n1906-000395,kem-khap,kem-khap,noun,compound,29,0.975,no,pending,yes
2849,n1906-029,49,2:compound-or-multiword,kha-n1906-000397,kem-ktien,kem-ktien,verb,compound,30,0.975,no,pending,yes
2850,n1906-029,50,2:compound-or-multiword,kha-n1906-000398,kem-pang,kem-pang,verb,compound,30,0.975,no,pending,yes
2851,n1906-029,51,2:compound-or-multiword,kha-n1906-000399,kem-puri,kem-puri,verb,compound,30,0.975,no,pending,yes
2852,n1906-029,52,2:compound-or-multiword,kha-n1906-000401,ker-dam,ker-dam,verb,compound,30,0.975,no,pending,yes
2853,n1906-029,53,2:compound-or-multiword,kha-n1906-000400,ker-kut,ker-kut,verb,compound,30,0.975,no,pending,yes
2854,n1906-029,54,2:compound-or-multiword,kha-n1906-001380,kgain-ngain,kgain-ngain,adverb,compound,87,0.975,no,pending,yes
2855,n1906-029,55,2:compound-or-multiword,kha-n1906-001401,kgoi-ngoi,kgoi-ngoi,adverb,compound,89,0.975,no,pending,yes
2856,n1906-029,56,2:compound-or-multiword,kha-n1906-000419,kha-ii,kha-ii,verb,compound,31,0.975,no,pending,yes
2857,n1906-029,57,2:compound-or-multiword,kha-n1906-000467,kha-u-man,kha-u-man,noun,compound,34,0.975,no,pending,yes
2858,n1906-029,58,2:compound-or-multiword,kha-n1906-000404,khad-ar,khad-ar,adjective,compound,30,0.975,no,pending,yes
2859,n1906-029,59,2:compound-or-multiword,kha-n1906-000405,khad-ar-blang,khad-ar-blang,noun,compound,30,0.975,no,pending,yes
2860,n1906-029,60,2:compound-or-multiword,kha-n1906-000406,khad-ar-kur,khad-ar-kur,noun,compound,30,0.975,no,pending,yes
2861,n1906-029,61,2:compound-or-multiword,kha-n1906-000408,khad-ja,khad-ja,verb,compound,31,0.975,no,pending,yes
2862,n1906-029,62,2:compound-or-multiword,kha-n1906-000410,khad-tyr-ut,khad-tyr-ut,verb,compound,31,0.975,no,pending,yes
2863,n1906-029,63,2:compound-or-multiword,kha-n1906-000426,khalai-wait,khalai-wait,verb,compound,32,0.975,no,pending,yes
2864,n1906-029,64,2:compound-or-multiword,kha-n1906-000438,kham-kynrei,kham-kynrei,adjective,compound,32,0.975,no,pending,yes
2865,n1906-029,65,2:compound-or-multiword,kha-n1906-000444,khan-ktem,khan-ktem,verb,compound,32,0.975,no,pending,yes
2866,n1906-029,66,2:compound-or-multiword,kha-n1906-000448,khan-shanam,khan-shanam,verb,compound,32,0.975,no,pending,yes
2867,n1906-029,67,2:compound-or-multiword,kha-n1906-000449,khap-bria,khap-bria,adjective,compound,33,0.975,no,pending,yes
2868,n1906-029,68,2:compound-or-multiword,kha-n1906-000456,'khar-alot,'khar-alot,noun,compound,33,0.975,no,pending,yes
2869,n1906-029,69,2:compound-or-multiword,kha-n1906-000458,khar-kpoh,khar-kpoh,noun,compound,33,0.975,no,pending,yes
2870,n1906-029,70,2:compound-or-multiword,kha-n1906-000465,khat-ei,khat-ei,conjunction,compound,34,0.975,no,pending,yes
2871,n1906-029,71,2:compound-or-multiword,kha-n1906-000466,khat-um,khat-um,verb,compound,34,0.975,no,pending,yes
2872,n1906-029,72,2:compound-or-multiword,kha-n1906-000472,khaw-iang,khaw-iang,noun,compound,35,0.975,no,pending,yes
2873,n1906-029,73,2:compound-or-multiword,kha-n1906-000470,khaw-khaw-daw-daw,khaw-khaw-daw-daw,adjective,reduplication,34,0.975,no,pending,yes
2874,n1906-029,74,2:compound-or-multiword,kha-n1906-000478,khaw-rneng,khaw-rneng,noun,compound,35,0.975,no,pending,yes
2875,n1906-029,75,2:compound-or-multiword,kha-n1906-000471,khdw-eit,khdw-eit,verb,compound,34,0.975,no,pending,yes
2876,n1906-029,76,2:compound-or-multiword,kha-n1906-000476,khdw-pet,khdw-pet,noun,compound,35,0.975,no,pending,yes
2877,n1906-029,77,2:compound-or-multiword,kha-n1906-000491,kheiii-doh-ksew,kheiii-doh-ksew,verb,compound,36,0.975,no,pending,yes
2878,n1906-029,78,2:compound-or-multiword,kha-n1906-000494,kheiii-poh,kheiii-poh,verb,compound,36,0.975,no,pending,yes
2879,n1906-029,79,2:compound-or-multiword,kha-n1906-000489,khein -kylliiid,khein -kylliiid,verb,phrase,36,0.975,no,pending,yes
2880,n1906-029,80,2:compound-or-multiword,kha-n1906-000486,khein kor,khein kor,verb,phrase,35,0.975,no,pending,yes
2881,n1906-029,81,2:compound-or-multiword,kha-n1906-000483,khein-ba'n khai,khein-ba'n khai,verb,phrase,35,0.975,no,pending,yes
2882,n1906-029,82,2:compound-or-multiword,kha-n1906-000484,khein-briew,khein-briew,verb,compound,35,0.975,no,pending,yes
2883,n1906-029,83,2:compound-or-multiword,kha-n1906-000485,khein-burom,khein-burom,verb,compound,35,0.975,no,pending,yes
2884,n1906-029,84,2:compound-or-multiword,kha-n1906-000490,khein-dewthala,khein-dewthala,verb,compound,36,0.975,no,pending,yes
2885,n1906-029,85,2:compound-or-multiword,kha-n1906-000492,khein-dohiap,khein-dohiap,verb,compound,36,0.975,no,pending,yes
2886,n1906-029,86,2:compound-or-multiword,kha-n1906-000493,khein-duh,khein-duh,verb,compound,36,0.975,no,pending,yes
2887,n1906-029,87,2:compound-or-multiword,kha-n1906-000495,khein-sbai,khein-sbai,verb,compound,36,0.975,no,pending,yes
2888,n1906-029,88,2:compound-or-multiword,kha-n1906-000496,khein-snep,khein-snep,verb,compound,36,0.975,no,pending,yes
2889,n1906-029,89,2:compound-or-multiword,kha-n1906-000488,kheiu-kupar,kheiu-kupar,verb,compound,36,0.975,no,pending,yes
2890,n1906-029,90,2:compound-or-multiword,kha-n1906-000506,khia-thew,khia-thew,adjective,compound,37,0.975,no,pending,yes
2891,n1906-029,91,2:compound-or-multiword,kha-n1906-000503,khiah-krac,khiah-krac,verb,compound,36,0.975,no,pending,yes
2892,n1906-029,92,2:compound-or-multiword,kha-n1906-000507,khie-bhang,khie-bhang,verb,compound,37,0.975,no,pending,yes
2893,n1906-029,93,2:compound-or-multiword,kha-n1906-000508,khie-bhur,khie-bhur,verb,compound,37,0.975,no,pending,yes
2894,n1906-029,94,2:compound-or-multiword,kha-n1906-000509,khie-ka rasong,khie-ka rasong,verb,phrase,37,0.975,no,pending,yes
2895,n1906-029,95,2:compound-or-multiword,kha-n1906-000510,khie-khlam,khie-khlam,verb,compound,37,0.975,no,pending,yes
2896,n1906-029,96,2:compound-or-multiword,kha-n1906-000511,khie-khlieh,khie-khlieh,verb,compound,37,0.975,no,pending,yes
2897,n1906-029,97,2:compound-or-multiword,kha-n1906-000513,khie-kieh,khie-kieh,verb,compound,37,0.975,no,pending,yes
2898,n1906-029,98,2:compound-or-multiword,kha-n1906-000516,khie-lapeh,khie-lapeh,verb,compound,37,0.975,no,pending,yes
2899,n1906-029,99,2:compound-or-multiword,kha-n1906-000517,khie-rih,khie-rih,verb,compound,37,0.975,no,pending,yes
2900,n1906-029,100,2:compound-or-multiword,kha-n1906-000519,khie-sboh,khie-sboh,verb,compound,37,0.975,no,pending,yes
2901,n1906-030,1,2:compound-or-multiword,kha-n1906-000520,khie-shylluit,khie-shylluit,verb,compound,37,0.975,no,pending,yes
2902,n1906-030,2,2:compound-or-multiword,kha-n1906-000521,khie-step,khie-step,verb,compound,37,0.975,no,pending,yes
2903,n1906-030,3,2:compound-or-multiword,kha-n1906-000527,khiew ranei,khiew ranei,noun,phrase,38,0.975,no,pending,yes
2904,n1906-030,4,2:compound-or-multiword,kha-n1906-000530,'khiew seiiiiong,'khiew seiiiiong,noun,phrase,38,0.975,no,pending,yes
2905,n1906-030,5,2:compound-or-multiword,kha-n1906-000529,'khiew-saw,'khiew-saw,noun,compound,38,0.975,no,pending,yes
2906,n1906-030,6,2:compound-or-multiword,kha-n1906-000524,khiewja-kiii,khiewja-kiii,noun,compound,38,0.975,no,pending,yes
2907,n1906-030,7,2:compound-or-multiword,kha-n1906-000533,khih map-map,khih map-map,verb,reduplication,38,0.975,no,pending,yes
2908,n1906-030,8,2:compound-or-multiword,kha-n1906-000532,khih-lyngkhum,khih-lyngkhum,verb,compound,38,0.975,no,pending,yes
2909,n1906-030,9,2:compound-or-multiword,kha-n1906-000649,khiiit-khuit,khiiit-khuit,adjective,compound,44,0.975,no,pending,yes
2910,n1906-030,10,2:compound-or-multiword,kha-n1906-000651,khiim-kpoh,khiim-kpoh,verb,compound,44,0.975,no,pending,yes
2911,n1906-030,11,2:compound-or-multiword,kha-n1906-000594,khiioit-khsoit,khiioit-khsoit,adverb,compound,41,0.975,no,pending,yes
2912,n1906-030,12,2:compound-or-multiword,kha-n1906-000656,khiln-binong bishon,khiln-binong bishon,noun,phrase,45,0.975,no,pending,yes
2913,n1906-030,13,2:compound-or-multiword,kha-n1906-000655,khim-ki raiot,khim-ki raiot,noun,phrase,45,0.975,no,pending,yes
2914,n1906-030,14,2:compound-or-multiword,kha-n1906-000537,khir-khir khar-kliar,khir-khir khar-kliar,adverb,reduplication,38,0.975,no,pending,yes
2915,n1906-030,15,2:compound-or-multiword,kha-n1906-000538,khir-shi-khir,khir-shi-khir,adverb,compound,38,0.975,no,pending,yes
2916,n1906-030,16,2:compound-or-multiword,kha-n1906-000543,khlait-khlait,khlait-khlait,adverb,reduplication,39,0.975,no,pending,yes
2917,n1906-030,17,2:compound-or-multiword,kha-n1906-000545,khlam-suid-iap,khlam-suid-iap,adjective,compound,39,0.975,no,pending,yes
2918,n1906-030,18,2:compound-or-multiword,kha-n1906-000547,khleb-khleb,khleb-khleb,adverb,reduplication,39,0.975,no,pending,yes
2919,n1906-030,19,2:compound-or-multiword,kha-n1906-000551,khlej-khlej,khlej-khlej,adverb,reduplication,39,0.975,no,pending,yes
2920,n1906-030,20,2:compound-or-multiword,kha-n1906-000552,khlem-akor,khlem-akor,adjective,compound,39,0.975,no,pending,yes
2921,n1906-030,21,2:compound-or-multiword,kha-n1906-000553,khlem-da-pud,khlem-da-pud,adverb,compound,39,0.975,no,pending,yes
2922,n1906-030,22,2:compound-or-multiword,kha-n1906-000555,khlen-khlen,khlen-khlen,adjective,reduplication,39,0.975,no,pending,yes
2923,n1906-030,23,2:compound-or-multiword,kha-n1906-000556,khlew-khlew,khlew-khlew,adverb,reduplication,40,0.975,no,pending,yes
2924,n1906-030,24,2:compound-or-multiword,kha-n1906-000560,khlib-khlib,khlib-khlib,adverb,reduplication,40,0.975,no,pending,yes
2925,n1906-030,25,2:compound-or-multiword,kha-n1906-000563,khling-khling-khlang-khlang,khling-khling-khlang-khlang,adverb,reduplication,40,0.975,no,pending,yes
2926,n1906-030,26,2:compound-or-multiword,kha-n1906-000569,khmat briew,khmat briew,phrase,phrase,40,0.975,no,pending,yes
2927,n1906-030,27,2:compound-or-multiword,kha-n1906-000575,khmih-shain,khmih-shain,verb,compound,41,0.975,no,pending,yes
2928,n1906-030,28,2:compound-or-multiword,kha-n1906-000576,khmih-sian,khmih-sian,verb,compound,41,0.975,no,pending,yes
2929,n1906-030,29,2:compound-or-multiword,kha-n1906-000577,khmih-syntiat,khmih-syntiat,verb,compound,41,0.975,no,pending,yes
2930,n1906-030,30,2:compound-or-multiword,kha-n1906-000579,khmot-khmot,khmot-khmot,adverb,reduplication,41,0.975,no,pending,yes
2931,n1906-030,31,2:compound-or-multiword,kha-n1906-000588,khnap-dpei,khnap-dpei,noun,compound,41,0.975,no,pending,yes
2932,n1906-030,32,2:compound-or-multiword,kha-n1906-000589,khnek-khnek,khnek-khnek,adverb,reduplication,41,0.975,no,pending,yes
2933,n1906-030,33,2:compound-or-multiword,kha-n1906-000592,khnok-khnok,khnok-khnok,adverb,reduplication,41,0.975,no,pending,yes
2934,n1906-030,34,2:compound-or-multiword,kha-n1906-000610,khoi khoi,khoi khoi,adjective,reduplication,42,0.975,no,pending,yes
2935,n1906-030,35,2:compound-or-multiword,kha-n1906-000599,khong-ieng,khong-ieng,verb,compound,42,0.975,no,pending,yes
2936,n1906-030,36,2:compound-or-multiword,kha-n1906-000598,khongdong-jat,khongdong-jat,noun,compound,42,0.975,no,pending,yes
2937,n1906-030,37,2:compound-or-multiword,kha-n1906-000616,khrai khlieh,khrai khlieh,verb,phrase,42,0.975,no,pending,yes
2938,n1906-030,38,2:compound-or-multiword,kha-n1906-000620,khraw-batri,khraw-batri,noun,compound,43,0.975,no,pending,yes
2939,n1906-030,39,2:compound-or-multiword,kha-n1906-000626,khrik-khrik,khrik-khrik,adverb,reduplication,43,0.975,no,pending,yes
2940,n1906-030,40,2:compound-or-multiword,kha-n1906-000637,khru-shi-khru,khru-shi-khru,adverb,compound,43,0.975,no,pending,yes
2941,n1906-030,41,2:compound-or-multiword,kha-n1906-000635,khrum-khrum,khrum-khrum,adverb,reduplication,43,0.975,no,pending,yes
2942,n1906-030,42,2:compound-or-multiword,kha-n1906-000636,khrun-khrun,khrun-khrun,adjective,reduplication,43,0.975,no,pending,yes
2943,n1906-030,43,2:compound-or-multiword,kha-n1906-000648,khuid-ksdid,khuid-ksdid,verb,compound,44,0.975,no,pending,yes
2944,n1906-030,44,2:compound-or-multiword,kha-n1906-000652,khum-pyrdet,khum-pyrdet,verb,compound,44,0.975,no,pending,yes
2945,n1906-030,45,2:compound-or-multiword,kha-n1906-000653,khum-sknm,khum-sknm,verb,compound,45,0.975,no,pending,yes
2946,n1906-030,46,2:compound-or-multiword,kha-n1906-000658,khun-khlieng-kpoh,khun-khlieng-kpoh,noun,compound,45,0.975,no,pending,yes
2947,n1906-030,47,2:compound-or-multiword,kha-n1906-000668,khun-tamsneng,khun-tamsneng,noun,compound,45,0.975,no,pending,yes
2948,n1906-030,48,2:compound-or-multiword,kha-n1906-000669,khun-thepmynsiem,khun-thepmynsiem,noun,compound,45,0.975,no,pending,yes
2949,n1906-030,49,2:compound-or-multiword,kha-n1906-000661,khundir-khunti,khundir-khunti,noun,compound,45,0.975,no,pending,yes
2950,n1906-030,50,2:compound-or-multiword,kha-n1906-000659,khunkliar wait,khunkliar wait,noun,phrase,45,0.975,no,pending,yes
2951,n1906-030,51,2:compound-or-multiword,kha-n1906-000671,khur-khur,khur-khur,noun,reduplication,46,0.975,no,pending,yes
2952,n1906-030,52,2:compound-or-multiword,kha-n1906-000687,khyndai-pateng-fiiamra,khyndai-pateng-fiiamra,noun,compound,47,0.975,no,pending,yes
2953,n1906-030,53,2:compound-or-multiword,kha-n1906-000696,khynniuh-rih,khynniuh-rih,noun,compound,47,0.975,no,pending,yes
2954,n1906-030,54,2:compound-or-multiword,kha-n1906-000697,khynniuh-u-jumai,khynniuh-u-jumai,noun,compound,47,0.975,no,pending,yes
2955,n1906-030,55,2:compound-or-multiword,kha-n1906-000742,ki tum-ki-tam,ki tum-ki-tam,noun,phrase,49,0.975,no,pending,yes
2956,n1906-030,56,2:compound-or-multiword,kha-n1906-000711,kiak-kiak,kiak-kiak,adverb,reduplication,48,0.975,no,pending,yes
2957,n1906-030,57,2:compound-or-multiword,kha-n1906-000716,kiaw-ngap,kiaw-ngap,noun,compound,48,0.975,no,pending,yes
2958,n1906-030,58,2:compound-or-multiword,kha-n1906-000719,kiei-kiei,kiei-kiei,noun,reduplication,48,0.975,no,pending,yes
2959,n1906-030,59,2:compound-or-multiword,kha-n1906-000723,kino-kino,kino-kino,pronoun,reduplication,48,0.975,no,pending,yes
2960,n1906-030,60,2:compound-or-multiword,kha-n1906-000724,kir-kir,kir-kir,adverb,reduplication,49,0.975,no,pending,yes
2961,n1906-030,61,2:compound-or-multiword,kha-n1906-000731,kit-bru,kit-bru,noun,compound,49,0.975,no,pending,yes
2962,n1906-030,62,2:compound-or-multiword,kha-n1906-000736,kit-iapar,kit-iapar,noun,compound,49,0.975,no,pending,yes
2963,n1906-030,63,2:compound-or-multiword,kha-n1906-000740,kitpop or kitpap,kitpop or kitpap,verb,phrase,49,0.975,no,pending,yes
2964,n1906-030,64,2:compound-or-multiword,kha-n1906-000744,kjit-sim,kjit-sim,noun,compound,50,0.975,no,pending,yes
2965,n1906-030,65,2:compound-or-multiword,kha-n1906-000745,klak-klak,klak-klak,adverb,reduplication,50,0.975,no,pending,yes
2966,n1906-030,66,2:compound-or-multiword,kha-n1906-000751,klew-klew,klew-klew,adverb,reduplication,51,0.975,no,pending,yes
2967,n1906-030,67,2:compound-or-multiword,kha-n1906-000574,klimili-matdong,klimili-matdong,verb,compound,41,0.975,no,pending,yes
2968,n1906-030,68,2:compound-or-multiword,kha-n1906-000754,kling-lingling,kling-lingling,adverb,compound,51,0.975,no,pending,yes
2969,n1906-030,69,2:compound-or-multiword,kha-n1906-000756,kloi-lan,kloi-lan,adverb,compound,51,0.975,no,pending,yes
2970,n1906-030,70,2:compound-or-multiword,kha-n1906-000761,kmie-san,kmie-san,noun,compound,51,0.975,no,pending,yes
2971,n1906-030,71,2:compound-or-multiword,kha-n1906-000762,kmir-kmir,kmir-kmir,adverb,reduplication,52,0.975,no,pending,yes
2972,n1906-030,72,2:compound-or-multiword,kha-n1906-000772,kohnguh-samthiah,kohnguh-samthiah,verb,compound,52,0.975,no,pending,yes
2973,n1906-030,73,2:compound-or-multiword,kha-n1906-002785,koiii-ioin,koiii-ioin,adverb,compound,194,0.975,no,pending,yes
2974,n1906-030,74,2:compound-or-multiword,kha-n1906-002778,kong-jyrngum,kong-jyrngum,noun,compound,194,0.975,no,pending,yes
2975,n1906-030,75,2:compound-or-multiword,kha-n1906-002775,kong-ka-tarasa,kong-ka-tarasa,noun,compound,194,0.975,no,pending,yes
2976,n1906-030,76,2:compound-or-multiword,kha-n1906-000778,kot-kot,kot-kot,adjective,reduplication,53,0.975,no,pending,yes
2977,n1906-030,77,2:compound-or-multiword,kha-n1906-000779,kot-shini,kot-shini,noun,compound,53,0.975,no,pending,yes
2978,n1906-030,78,2:compound-or-multiword,kha-n1906-000780,kot-thalyngka,kot-thalyngka,noun,compound,53,0.975,no,pending,yes
2979,n1906-030,79,2:compound-or-multiword,kha-n1906-000782,kpa-hep,kpa-hep,noun,compound,54,0.975,no,pending,yes
2980,n1906-030,80,2:compound-or-multiword,kha-n1906-000784,kpa-san,kpa-san,noun,compound,54,0.975,no,pending,yes
2981,n1906-030,81,2:compound-or-multiword,kha-n1906-000785,kpu-rew,kpu-rew,noun,compound,54,0.975,no,pending,yes
2982,n1906-030,82,2:compound-or-multiword,kha-n1906-000806,kren kbyllab,kren kbyllab,verb,phrase,55,0.975,no,pending,yes
2983,n1906-030,83,2:compound-or-multiword,kha-n1906-000803,kren khnium-khnium,kren khnium-khnium,verb,reduplication,55,0.975,no,pending,yes
2984,n1906-030,84,2:compound-or-multiword,kha-n1906-000808,kren kunok,kren kunok,verb,phrase,55,0.975,no,pending,yes
2985,n1906-030,85,2:compound-or-multiword,kha-n1906-000818,kren myntbi,kren myntbi,verb,phrase,56,0.975,no,pending,yes
2986,n1906-030,86,2:compound-or-multiword,kha-n1906-000796,kren-bein,kren-bein,verb,compound,54,0.975,no,pending,yes
2987,n1906-030,87,2:compound-or-multiword,kha-n1906-000797,kren-bein-blei,kren-bein-blei,verb,compound,54,0.975,no,pending,yes
2988,n1906-030,88,2:compound-or-multiword,kha-n1906-000798,kren-blei,kren-blei,verb,compound,54,0.975,no,pending,yes
2989,n1906-030,89,2:compound-or-multiword,kha-n1906-000799,kren-blom-blom,kren-blom-blom,verb,reduplication,55,0.975,no,pending,yes
2990,n1906-030,90,2:compound-or-multiword,kha-n1906-000800,kren-bok-bok,kren-bok-bok,verb,reduplication,55,0.975,no,pending,yes
2991,n1906-030,91,2:compound-or-multiword,kha-n1906-000801,kren-bynfiiaw,kren-bynfiiaw,verb,compound,55,0.975,no,pending,yes
2992,n1906-030,92,2:compound-or-multiword,kha-n1906-000802,kren-byrtong,kren-byrtong,verb,compound,55,0.975,no,pending,yes
2993,n1906-030,93,2:compound-or-multiword,kha-n1906-000809,kren-dathew,kren-dathew,verb,compound,55,0.975,no,pending,yes
2994,n1906-030,94,2:compound-or-multiword,kha-n1906-000810,kren-hangamei,kren-hangamei,verb,compound,55,0.975,no,pending,yes
2995,n1906-030,95,2:compound-or-multiword,kha-n1906-000811,kren-jakter,kren-jakter,verb,compound,55,0.975,no,pending,yes
2996,n1906-030,96,2:compound-or-multiword,kha-n1906-000812,kren-jler,kren-jler,verb,compound,55,0.975,no,pending,yes
2997,n1906-030,97,2:compound-or-multiword,kha-n1906-000804,kren-khraw,kren-khraw,verb,compound,55,0.975,no,pending,yes
2998,n1906-030,98,2:compound-or-multiword,kha-n1906-000805,kren-khutia,kren-khutia,verb,compound,55,0.975,no,pending,yes
2999,n1906-030,99,2:compound-or-multiword,kha-n1906-000807,kren-kulmar,kren-kulmar,verb,compound,55,0.975,no,pending,yes
3000,n1906-030,100,2:compound-or-multiword,kha-n1906-000813,kren-lamwir,kren-lamwir,verb,compound,55,0.975,no,pending,yes
3001,n1906-031,1,2:compound-or-multiword,kha-n1906-000814,kren-laplab,kren-laplab,verb,compound,55,0.975,no,pending,yes
3002,n1906-031,2,2:compound-or-multiword,kha-n1906-000815,kren-lkbit,kren-lkbit,verb,compound,55,0.975,no,pending,yes
3003,n1906-031,3,2:compound-or-multiword,kha-n1906-000816,kren-lyngkut,kren-lyngkut,verb,compound,55,0.975,no,pending,yes
3004,n1906-031,4,2:compound-or-multiword,kha-n1906-000817,kren-madan,kren-madan,verb,compound,55,0.975,no,pending,yes
3005,n1906-031,5,2:compound-or-multiword,kha-n1906-000819,kren-nang-ang,kren-nang-ang,verb,compound,56,0.975,no,pending,yes
3006,n1906-031,6,2:compound-or-multiword,kha-n1906-000820,kren-pankwab,kren-pankwab,verb,compound,56,0.975,no,pending,yes
3007,n1906-031,7,2:compound-or-multiword,kha-n1906-000821,kren-patbdr,kren-patbdr,verb,compound,56,0.975,no,pending,yes
3008,n1906-031,8,2:compound-or-multiword,kha-n1906-000822,kren-sa,kren-sa,verb,compound,56,0.975,no,pending,yes
3009,n1906-031,9,2:compound-or-multiword,kha-n1906-000823,kren-said-lab,kren-said-lab,verb,compound,56,0.975,no,pending,yes
3010,n1906-031,10,2:compound-or-multiword,kha-n1906-000824,kren-salia,kren-salia,verb,compound,56,0.975,no,pending,yes
3011,n1906-031,11,2:compound-or-multiword,kha-n1906-000825,kren-satia,kren-satia,verb,compound,56,0.975,no,pending,yes
3012,n1906-031,12,2:compound-or-multiword,kha-n1906-000826,kren-siar,kren-siar,verb,compound,56,0.975,no,pending,yes
3013,n1906-031,13,2:compound-or-multiword,kha-n1906-000827,kren-sih,kren-sih,verb,compound,56,0.975,no,pending,yes
3014,n1906-031,14,2:compound-or-multiword,kha-n1906-000828,kren-tain tain,kren-tain tain,verb,reduplication,56,0.975,no,pending,yes
3015,n1906-031,15,2:compound-or-multiword,kha-n1906-000829,kren-thala,kren-thala,verb,compound,56,0.975,no,pending,yes
3016,n1906-031,16,2:compound-or-multiword,kha-n1906-000830,kren-thanmla,kren-thanmla,verb,compound,56,0.975,no,pending,yes
3017,n1906-031,17,2:compound-or-multiword,kha-n1906-000831,kren-thawdur,kren-thawdur,verb,compound,56,0.975,no,pending,yes
3018,n1906-031,18,2:compound-or-multiword,kha-n1906-000833,kren-thuhkhana,kren-thuhkhana,verb,compound,56,0.975,no,pending,yes
3019,n1906-031,19,2:compound-or-multiword,kha-n1906-000834,kren-thurmur,kren-thurmur,verb,compound,56,0.975,no,pending,yes
3020,n1906-031,20,2:compound-or-multiword,kha-n1906-000832,kren-tlilia,kren-tlilia,verb,compound,56,0.975,no,pending,yes
3021,n1906-031,21,2:compound-or-multiword,kha-n1906-000835,kren-wai-wot,kren-wai-wot,verb,compound,56,0.975,no,pending,yes
3022,n1906-031,22,2:compound-or-multiword,kha-n1906-000836,kren-wei-briew,kren-wei-briew,verb,compound,56,0.975,no,pending,yes
3023,n1906-031,23,2:compound-or-multiword,kha-n1906-000837,kren-woh-nia,kren-woh-nia,verb,compound,56,0.975,no,pending,yes
3024,n1906-031,24,2:compound-or-multiword,kha-n1906-000840,kring-kring,kring-kring,adverb,reduplication,56,0.975,no,pending,yes
3025,n1906-031,25,2:compound-or-multiword,kha-n1906-000842,krip-krip,krip-krip,adverb,reduplication,57,0.975,no,pending,yes
3026,n1906-031,26,2:compound-or-multiword,kha-n1906-000852,ksan-rumpei,ksan-rumpei,phrase,compound,57,0.975,no,pending,yes
3027,n1906-031,27,2:compound-or-multiword,kha-n1906-000849,ksang-lbong,ksang-lbong,noun,compound,57,0.975,no,pending,yes
3028,n1906-031,28,2:compound-or-multiword,kha-n1906-000855,kseh-blei,kseh-blei,noun,compound,57,0.975,no,pending,yes
3029,n1906-031,29,2:compound-or-multiword,kha-n1906-000865,ksiew-tun,ksiew-tun,noun,compound,58,0.975,no,pending,yes
3030,n1906-031,30,2:compound-or-multiword,kha-n1906-000863,ksing-ngap,ksing-ngap,noun,compound,58,0.975,no,pending,yes
3031,n1906-031,31,2:compound-or-multiword,kha-n1906-000869,ktah-kti,ktah-kti,verb,compound,58,0.975,no,pending,yes
3032,n1906-031,32,2:compound-or-multiword,kha-n1906-000870,ktar-ktar,ktar-ktar,adjective,reduplication,58,0.975,no,pending,yes
3033,n1906-031,33,2:compound-or-multiword,kha-n1906-000873,kthang-kti,kthang-kti,noun,compound,58,0.975,no,pending,yes
3034,n1906-031,34,2:compound-or-multiword,kha-n1906-000883,ktui ktui,ktui ktui,adjective,reduplication,59,0.975,no,pending,yes
3035,n1906-031,35,2:compound-or-multiword,kha-n1906-000884,ktur-ktur,ktur-ktur,adverb,reduplication,59,0.975,no,pending,yes
3036,n1906-031,36,2:compound-or-multiword,kha-n1906-000893,kudim-kudim,kudim-kudim,adjective,reduplication,59,0.975,no,pending,yes
3037,n1906-031,37,2:compound-or-multiword,kha-n1906-000909,kumne kumne,kumne kumne,adverb,reduplication,60,0.975,no,pending,yes
3038,n1906-031,38,2:compound-or-multiword,kha-n1906-000911,kumno kumno,kumno kumno,adverb,reduplication,60,0.975,no,pending,yes
3039,n1906-031,39,2:compound-or-multiword,kha-n1906-000912,kumno-re-kumno,kumno-re-kumno,adverb,compound,60,0.975,no,pending,yes
3040,n1906-031,40,2:compound-or-multiword,kha-n1906-000915,kurcto-kumne,kurcto-kumne,noun,compound,60,0.975,no,pending,yes
3041,n1906-031,41,2:compound-or-multiword,kha-n1906-000933,kylla-jain-nep,kylla-jain-nep,phrase,compound,61,0.975,no,pending,yes
3042,n1906-031,42,2:compound-or-multiword,kha-n1906-000934,kylla-jutang,kylla-jutang,verb,compound,61,0.975,no,pending,yes
3043,n1906-031,43,2:compound-or-multiword,kha-n1906-000929,kylla-kaba-mut,kylla-kaba-mut,verb,compound,61,0.975,no,pending,yes
3044,n1906-031,44,2:compound-or-multiword,kha-n1906-000935,kylla-lyngkot,kylla-lyngkot,noun,compound,61,0.975,no,pending,yes
3045,n1906-031,45,2:compound-or-multiword,kha-n1906-000937,kylla-prah,kylla-prah,verb,compound,61,0.975,no,pending,yes
3046,n1906-031,46,2:compound-or-multiword,kha-n1906-000931,kyllain-kyrjaw,kyllain-kyrjaw,adverb,compound,61,0.975,no,pending,yes
3047,n1906-031,47,2:compound-or-multiword,kha-n1906-000932,kyllain-mongor,kyllain-mongor,adverb,compound,61,0.975,no,pending,yes
3048,n1906-031,48,2:compound-or-multiword,kha-n1906-000945,kyn-ad,kyn-ad,verb,compound,62,0.975,no,pending,yes
3049,n1906-031,49,2:compound-or-multiword,kha-n1906-000973,'kyn-ib,'kyn-ib,verb,compound,63,0.975,no,pending,yes
3050,n1906-031,50,2:compound-or-multiword,kha-n1906-001085,kyn-tid,kyn-tid,verb,compound,69,0.975,no,pending,yes
3051,n1906-031,51,2:compound-or-multiword,kha-n1906-001086,kyn-um,kyn-um,noun,compound,69,0.975,no,pending,yes
3052,n1906-031,52,2:compound-or-multiword,kha-n1906-000952,kyndah-kyndong,kyndah-kyndong,noun,compound,62,0.975,no,pending,yes
3053,n1906-031,53,2:compound-or-multiword,kha-n1906-000951,kyndang-kwah,kyndang-kwah,phrase,compound,62,0.975,no,pending,yes
3054,n1906-031,54,2:compound-or-multiword,kha-n1906-000960,kyndit-bynriew,kyndit-bynriew,verb,compound,62,0.975,no,pending,yes
3055,n1906-031,55,2:compound-or-multiword,kha-n1906-000984,kynjoh-khaskain,kynjoh-khaskain,verb,compound,64,0.975,no,pending,yes
3056,n1906-031,56,2:compound-or-multiword,kha-n1906-000987,kynjri-tabah,kynjri-tabah,noun,compound,64,0.975,no,pending,yes
3057,n1906-031,57,2:compound-or-multiword,kha-n1906-000988,kynjri-wahdong,kynjri-wahdong,noun,compound,64,0.975,no,pending,yes
3058,n1906-031,58,2:compound-or-multiword,kha-n1906-000992,kynjut-kti,kynjut-kti,verb,compound,64,0.975,no,pending,yes
3059,n1906-031,59,2:compound-or-multiword,kha-n1906-001019,kynroi-prie,kynroi-prie,verb,compound,66,0.975,no,pending,yes
3060,n1906-031,60,2:compound-or-multiword,kha-n1906-001016,kynrong-sh'ing,kynrong-sh'ing,verb,compound,65,0.975,no,pending,yes
3061,n1906-031,61,2:compound-or-multiword,kha-n1906-001021,kynrum-kynram,kynrum-kynram,noun,compound,66,0.975,no,pending,yes
3062,n1906-031,62,2:compound-or-multiword,kha-n1906-001042,kynta-lyngkor,kynta-lyngkor,noun,compound,67,0.975,no,pending,yes
3063,n1906-031,63,2:compound-or-multiword,kha-n1906-001045,kyntem-uiuh-mat,kyntem-uiuh-mat,adjective,compound,67,0.975,no,pending,yes
3064,n1906-031,64,2:compound-or-multiword,kha-n1906-001054,kynther-jymbnin,kynther-jymbnin,verb,compound,67,0.975,no,pending,yes
3065,n1906-031,65,2:compound-or-multiword,kha-n1906-001073,kyntiew-iing,kyntiew-iing,verb,compound,68,0.975,no,pending,yes
3066,n1906-031,66,2:compound-or-multiword,kha-n1906-001072,kyntiew-kurim,kyntiew-kurim,verb,compound,68,0.975,no,pending,yes
3067,n1906-031,67,2:compound-or-multiword,kha-n1906-001089,kyr-ah,kyr-ah,adjective,compound,69,0.975,no,pending,yes
3068,n1906-031,68,2:compound-or-multiword,kha-n1906-001090,kyr-an,kyr-an,adjective,compound,69,0.975,no,pending,yes
3069,n1906-031,69,2:compound-or-multiword,kha-n1906-001088,kyr-ang,kyr-ang,verb,compound,69,0.975,no,pending,yes
3070,n1906-031,70,2:compound-or-multiword,kha-n1906-001108,kyr-eit,kyr-eit,adjective,compound,70,0.975,no,pending,yes
3071,n1906-031,71,2:compound-or-multiword,kha-n1906-001116,kyr-iah,kyr-iah,verb,compound,70,0.975,no,pending,yes
3072,n1906-031,72,2:compound-or-multiword,kha-n1906-001117,kyr-iat,kyr-iat,verb,compound,71,0.975,no,pending,yes
3073,n1906-031,73,2:compound-or-multiword,kha-n1906-001118,kyr-iaw,kyr-iaw,adjective,compound,71,0.975,no,pending,yes
3074,n1906-031,74,2:compound-or-multiword,kha-n1906-001119,kyr-ih,kyr-ih,verb,compound,71,0.975,no,pending,yes
3075,n1906-031,75,2:compound-or-multiword,kha-n1906-001122,kyr-ot,kyr-ot,adjective,compound,71,0.975,no,pending,yes
3076,n1906-031,76,2:compound-or-multiword,kha-n1906-001125,kyr-sa,kyr-sa,verb,compound,71,0.975,no,pending,yes
3077,n1906-031,77,2:compound-or-multiword,kha-n1906-001126,kyrsan-kyrbah,kyrsan-kyrbah,verb,compound,71,0.975,no,pending,yes
3078,n1906-031,78,2:compound-or-multiword,kha-n1906-001127,kyrsan-rngiew,kyrsan-rngiew,verb,compound,71,0.975,no,pending,yes
3079,n1906-031,79,2:compound-or-multiword,kha-n1906-001148,kyrtoh-lyndet,kyrtoh-lyndet,verb,compound,72,0.975,no,pending,yes
3080,n1906-031,80,2:compound-or-multiword,kha-n1906-001889,l'er-kyrtiah,l'er-kyrtiah,noun,compound,130,0.975,no,pending,yes
3081,n1906-031,81,2:compound-or-multiword,kha-n1906-001890,l'er-langthari,l'er-langthari,noun,compound,130,0.975,no,pending,yes
3082,n1906-031,82,2:compound-or-multiword,kha-n1906-001891,l'er-synrai,l'er-synrai,noun,compound,130,0.975,no,pending,yes
3083,n1906-031,83,2:compound-or-multiword,kha-n1906-001790,la jan,la jan,adverb,phrase,123,0.975,no,pending,yes
3084,n1906-031,84,2:compound-or-multiword,kha-n1906-001791,la jong,la jong,pronoun,phrase,123,0.975,no,pending,yes
3085,n1906-031,85,2:compound-or-multiword,kha-n1906-001766,'la-bam-briew,'la-bam-briew,noun,compound,121,0.975,no,pending,yes
3086,n1906-031,86,2:compound-or-multiword,kha-n1906-001826,'la-tyrdop,'la-tyrdop,noun,compound,125,0.975,no,pending,yes
3087,n1906-031,87,2:compound-or-multiword,kha-n1906-001782,lait kylla,lait kylla,noun,phrase,123,0.975,no,pending,yes
3088,n1906-031,88,2:compound-or-multiword,kha-n1906-001784,lait-dar,lait-dar,verb,compound,123,0.975,no,pending,yes
3089,n1906-031,89,2:compound-or-multiword,kha-n1906-001785,lait-doh,lait-doh,verb,compound,123,0.975,no,pending,yes
3090,n1906-031,90,2:compound-or-multiword,kha-n1906-001786,lait-ia,lait-ia,verb,compound,123,0.975,no,pending,yes
3091,n1906-031,91,2:compound-or-multiword,kha-n1906-001787,lait-im,lait-im,verb,compound,123,0.975,no,pending,yes
3092,n1906-031,92,2:compound-or-multiword,kha-n1906-001783,lait-ksnid,lait-ksnid,verb,compound,123,0.975,no,pending,yes
3093,n1906-031,93,2:compound-or-multiword,kha-n1906-001788,lait-luid,lait-luid,verb,compound,123,0.975,no,pending,yes
3094,n1906-031,94,2:compound-or-multiword,kha-n1906-001804,lano-lano,lano-lano,adverb,reduplication,124,0.975,no,pending,yes
3095,n1906-031,95,2:compound-or-multiword,kha-n1906-001809,'lap-bah,'lap-bah,noun,compound,124,0.975,no,pending,yes
3096,n1906-031,96,2:compound-or-multiword,kha-n1906-001810,'lap-bnivip-bniup,'lap-bnivip-bniup,noun,compound,124,0.975,no,pending,yes
3097,n1906-031,97,2:compound-or-multiword,kha-n1906-001811,'lap-kyrtiah,'lap-kyrtiah,noun,compound,124,0.975,no,pending,yes
3098,n1906-031,98,2:compound-or-multiword,kha-n1906-001808,lapa-iat,lapa-iat,noun,compound,124,0.975,no,pending,yes
3099,n1906-031,99,2:compound-or-multiword,kha-n1906-001814,lar-en,lar-en,noun,compound,125,0.975,no,pending,yes
3100,n1906-031,100,2:compound-or-multiword,kha-n1906-001819,lashai-lashisngi,lashai-lashisngi,adverb,compound,125,0.975,no,pending,yes
3101,n1906-032,1,2:compound-or-multiword,kha-n1906-001824,lat-lat,lat-lat,noun,reduplication,125,0.975,no,pending,yes
3102,n1906-032,2,2:compound-or-multiword,kha-n1906-001828,'law-bah,'law-bah,noun,compound,125,0.975,no,pending,yes
3103,n1906-032,3,2:compound-or-multiword,kha-n1906-001829,law-law,law-law,adverb,reduplication,126,0.975,no,pending,yes
3104,n1906-032,4,2:compound-or-multiword,kha-n1906-001854,leh -eh,leh -eh,verb,phrase,127,0.975,no,pending,yes
3105,n1906-032,5,2:compound-or-multiword,kha-n1906-001855,leh-jalani,leh-jalani,verb,compound,127,0.975,no,pending,yes
3106,n1906-032,6,2:compound-or-multiword,kha-n1906-001856,leh-mushlia,leh-mushlia,verb,compound,127,0.975,no,pending,yes
3107,n1906-032,7,2:compound-or-multiword,kha-n1906-001866,leh-tamsa,leh-tamsa,verb,compound,128,0.975,no,pending,yes
3108,n1906-032,8,2:compound-or-multiword,kha-n1906-001867,leh-thamula,leh-thamula,verb,compound,128,0.975,no,pending,yes
3109,n1906-032,9,2:compound-or-multiword,kha-n1906-001858,lehnoh-ei,lehnoh-ei,adjective,compound,128,0.975,no,pending,yes
3110,n1906-032,10,2:compound-or-multiword,kha-n1906-001872,lei-muluk,lei-muluk,noun,compound,129,0.975,no,pending,yes
3111,n1906-032,11,2:compound-or-multiword,kha-n1906-001885,'lei-umtong,'lei-umtong,noun,compound,129,0.975,no,pending,yes
3112,n1906-032,12,2:compound-or-multiword,kha-n1906-001871,'leikhyrdop-'leikharai,'leikhyrdop-'leikharai,noun,compound,129,0.975,no,pending,yes
3113,n1906-032,13,2:compound-or-multiword,kha-n1906-001873,'leisad-'leisunon,'leisad-'leisunon,noun,compound,129,0.975,no,pending,yes
3114,n1906-032,14,2:compound-or-multiword,kha-n1906-001875,leit-bar,leit-bar,verb,compound,129,0.975,no,pending,yes
3115,n1906-032,15,2:compound-or-multiword,kha-n1906-001876,leit-bhih,leit-bhih,verb,compound,129,0.975,no,pending,yes
3116,n1906-032,16,2:compound-or-multiword,kha-n1906-001880,leit-dur,leit-dur,verb,compound,129,0.975,no,pending,yes
3117,n1906-032,17,2:compound-or-multiword,kha-n1906-001881,leit-hapsbop,leit-hapsbop,verb,compound,129,0.975,no,pending,yes
3118,n1906-032,18,2:compound-or-multiword,kha-n1906-001882,leit-ing-briew,leit-ing-briew,phrase,compound,129,0.975,no,pending,yes
3119,n1906-032,19,2:compound-or-multiword,kha-n1906-001877,leit-ka-wan,leit-ka-wan,noun,compound,129,0.975,no,pending,yes
3120,n1906-032,20,2:compound-or-multiword,kha-n1906-001883,leit-lat,leit-lat,verb,compound,129,0.975,no,pending,yes
3121,n1906-032,21,2:compound-or-multiword,kha-n1906-001878,leitkha-leitman,leitkha-leitman,verb,compound,129,0.975,no,pending,yes
3122,n1906-032,22,2:compound-or-multiword,kha-n1906-001886,len-len,len-len,adverb,reduplication,130,0.975,no,pending,yes
3123,n1906-032,23,2:compound-or-multiword,kha-n1906-001850,'leng-iew,'leng-iew,noun,compound,127,0.975,no,pending,yes
3124,n1906-032,24,2:compound-or-multiword,kha-n1906-001893,lew-lew,lew-lew,adverb,reduplication,130,0.975,no,pending,yes
3125,n1906-032,25,2:compound-or-multiword,kha-n1906-001906,lian-khun,lian-khun,adjective,compound,131,0.975,no,pending,yes
3126,n1906-032,26,2:compound-or-multiword,kha-n1906-001907,liap-liap,liap-liap,adverb,reduplication,131,0.975,no,pending,yes
3127,n1906-032,27,2:compound-or-multiword,kha-n1906-001908,'liar-kait,'liar-kait,noun,compound,131,0.975,no,pending,yes
3128,n1906-032,28,2:compound-or-multiword,kha-n1906-001909,liar-ngot,liar-ngot,adjective,compound,131,0.975,no,pending,yes
3129,n1906-032,29,2:compound-or-multiword,kha-n1906-001910,liat-khim,liat-khim,verb,compound,131,0.975,no,pending,yes
3130,n1906-032,30,2:compound-or-multiword,kha-n1906-001917,lieh-khleiii,lieh-khleiii,adjective,compound,132,0.975,no,pending,yes
3131,n1906-032,31,2:compound-or-multiword,kha-n1906-001925,lir-lir,lir-lir,adverb,reduplication,132,0.975,no,pending,yes
3132,n1906-032,32,2:compound-or-multiword,kha-n1906-001835,lker-lker,lker-lker,adverb,reduplication,126,0.975,no,pending,yes
3133,n1906-032,33,2:compound-or-multiword,kha-n1906-001842,lko-pom,lko-pom,adverb,compound,126,0.975,no,pending,yes
3134,n1906-032,34,2:compound-or-multiword,kha-n1906-001843,lkur-lkur,lkur-lkur,adverb,reduplication,126,0.975,no,pending,yes
3135,n1906-032,35,2:compound-or-multiword,kha-n1906-001929,lmeh-lraeh,lmeh-lraeh,adverb,compound,133,0.975,no,pending,yes
3136,n1906-032,36,2:compound-or-multiword,kha-n1906-001930,lmit-lmit,lmit-lmit,adverb,reduplication,133,0.975,no,pending,yes
3137,n1906-032,37,2:compound-or-multiword,kha-n1906-001939,lo-lo,lo-lo,adjective,reduplication,134,0.975,no,pending,yes
3138,n1906-032,38,2:compound-or-multiword,kha-n1906-001938,loi-loi,loi-loi,adjective,reduplication,134,0.975,no,pending,yes
3139,n1906-032,39,2:compound-or-multiword,kha-n1906-001937,longshuwa-manshuwa,longshuwa-manshuwa,noun,compound,133,0.975,no,pending,yes
3140,n1906-032,40,2:compound-or-multiword,kha-n1906-001946,luar-ding,luar-ding,noun,compound,134,0.975,no,pending,yes
3141,n1906-032,41,2:compound-or-multiword,kha-n1906-001954,lui-lui,lui-lui,adjective,reduplication,135,0.975,no,pending,yes
3142,n1906-032,42,2:compound-or-multiword,kha-n1906-001958,lum-mangkashang,lum-mangkashang,noun,compound,135,0.975,no,pending,yes
3143,n1906-032,43,2:compound-or-multiword,kha-n1906-001953,lung-lnng-leng-ieng,lung-lnng-leng-ieng,adverb,compound,135,0.975,no,pending,yes
3144,n1906-032,44,2:compound-or-multiword,kha-n1906-001960,'lur-shai,'lur-shai,noun,compound,135,0.975,no,pending,yes
3145,n1906-032,45,2:compound-or-multiword,kha-n1906-001963,lut-phut,lut-phut,adjective,compound,135,0.975,no,pending,yes
3146,n1906-032,46,2:compound-or-multiword,kha-n1906-002057,lwat-lwat,lwat-lwat,adverb,reduplication,141,0.975,no,pending,yes
3147,n1906-032,47,2:compound-or-multiword,kha-n1906-001969,ly-ngang,ly-ngang,adverb,compound,136,0.975,no,pending,yes
3148,n1906-032,48,2:compound-or-multiword,kha-n1906-002003,ly-ngiar,ly-ngiar,verb,compound,138,0.975,no,pending,yes
3149,n1906-032,49,2:compound-or-multiword,kha-n1906-002018,lymbher-tait,lymbher-tait,adverb,compound,139,0.975,no,pending,yes
3150,n1906-032,50,2:compound-or-multiword,kha-n1906-002034,lymum-lymum,lymum-lymum,adverb,reduplication,140,0.975,no,pending,yes
3151,n1906-032,51,2:compound-or-multiword,kha-n1906-001968,lyng-a,lyng-a,adjective,compound,136,0.975,no,pending,yes
3152,n1906-032,52,2:compound-or-multiword,kha-n1906-002005,lyng-ien,lyng-ien,adverb,compound,138,0.975,no,pending,yes
3153,n1906-032,53,2:compound-or-multiword,kha-n1906-002012,lyng-iih,lyng-iih,adjective,compound,139,0.975,no,pending,yes
3154,n1906-032,54,2:compound-or-multiword,kha-n1906-002013,lyng-ur,lyng-ur,adverb,compound,139,0.975,no,pending,yes
3155,n1906-032,55,2:compound-or-multiword,kha-n1906-002002,lynghoh-khohwah,lynghoh-khohwah,noun,compound,138,0.975,no,pending,yes
3156,n1906-032,56,2:compound-or-multiword,kha-n1906-002041,lynruh-lynram,lynruh-lynram,noun,compound,140,0.975,no,pending,yes
3157,n1906-032,57,2:compound-or-multiword,kha-n1906-002049,lynti-bah,lynti-bah,noun,compound,141,0.975,no,pending,yes
3158,n1906-032,58,2:compound-or-multiword,kha-n1906-002050,lynti-khlieh,lynti-khlieh,noun,compound,141,0.975,no,pending,yes
3159,n1906-032,59,2:compound-or-multiword,kha-n1906-002073,ma-ian,ma-ian,noun,compound,143,0.975,no,pending,yes
3160,n1906-032,60,2:compound-or-multiword,kha-n1906-002066,madei-mata,madei-mata,adverb,compound,142,0.975,no,pending,yes
3161,n1906-032,61,2:compound-or-multiword,kha-n1906-002078,mainksiar-main rupa,mainksiar-main rupa,noun,phrase,143,0.975,no,pending,yes
3162,n1906-032,62,2:compound-or-multiword,kha-n1906-002081,maiun-maian,maiun-maian,adverb,compound,143,0.975,no,pending,yes
3163,n1906-032,63,2:compound-or-multiword,kha-n1906-002062,mak-mak,mak-mak,adverb,reduplication,142,0.975,no,pending,yes
3164,n1906-032,64,2:compound-or-multiword,kha-n1906-002087,maloi-khlieh,maloi-khlieh,noun,compound,143,0.975,no,pending,yes
3165,n1906-032,65,2:compound-or-multiword,kha-n1906-002098,mar-kti,mar-kti,adverb,compound,144,0.975,no,pending,yes
3166,n1906-032,66,2:compound-or-multiword,kha-n1906-002094,mar-mar,mar-mar,adverb,reduplication,144,0.975,no,pending,yes
3167,n1906-032,67,2:compound-or-multiword,kha-n1906-002103,marte-marte,marte-marte,adverb,reduplication,145,0.950,no,pending,yes
3168,n1906-032,68,2:compound-or-multiword,kha-n1906-002106,masi-bordi,masi-bordi,noun,compound,145,0.975,no,pending,yes
3169,n1906-032,69,2:compound-or-multiword,kha-n1906-002107,masi-kyrtong,masi-kyrtong,noun,compound,145,0.975,no,pending,yes
3170,n1906-032,70,2:compound-or-multiword,kha-n1906-002108,masi-lynraw,masi-lynraw,noun,compound,145,0.975,no,pending,yes
3171,n1906-032,71,2:compound-or-multiword,kha-n1906-002109,masi-prut,masi-prut,noun,compound,145,0.975,no,pending,yes
3172,n1906-032,72,2:compound-or-multiword,kha-n1906-002110,masi-pyllait rong,masi-pyllait rong,noun,phrase,145,0.975,no,pending,yes
3173,n1906-032,73,2:compound-or-multiword,kha-n1906-002111,masi-tamroug,masi-tamroug,noun,compound,145,0.975,no,pending,yes
3174,n1906-032,74,2:compound-or-multiword,kha-n1906-002113,'mat-blang,'mat-blang,noun,compound,145,0.975,no,pending,yes
3175,n1906-032,75,2:compound-or-multiword,kha-n1906-002114,'mat-dong,'mat-dong,noun,compound,145,0.975,no,pending,yes
3176,n1906-032,76,2:compound-or-multiword,kha-n1906-002115,'mat-iar,'mat-iar,noun,compound,145,0.975,no,pending,yes
3177,n1906-032,77,2:compound-or-multiword,kha-n1906-002124,maw-iap,maw-iap,noun,compound,146,0.975,no,pending,yes
3178,n1906-032,78,2:compound-or-multiword,kha-n1906-002125,maw-jabieng,maw-jabieng,noun,compound,146,0.975,no,pending,yes
3179,n1906-032,79,2:compound-or-multiword,kha-n1906-002129,maw-ramsong,maw-ramsong,noun,compound,147,0.975,no,pending,yes
3180,n1906-032,80,2:compound-or-multiword,kha-n1906-002140,me'n,me'n,phrase,phrase,147,0.975,no,pending,yes
3181,n1906-032,81,2:compound-or-multiword,kha-n1906-002137,mei-hep,mei-hep,noun,compound,147,0.975,no,pending,yes
3182,n1906-032,82,2:compound-or-multiword,kha-n1906-002141,men-kjat,men-kjat,noun,compound,147,0.975,no,pending,yes
3183,n1906-032,83,2:compound-or-multiword,kha-n1906-002142,men-kti,men-kti,noun,compound,147,0.975,no,pending,yes
3184,n1906-032,84,2:compound-or-multiword,kha-n1906-002143,'men-suh-syntiew,'men-suh-syntiew,noun,compound,147,0.975,no,pending,yes
3185,n1906-032,85,2:compound-or-multiword,kha-n1906-002144,mer-mer,mer-mer,adverb,reduplication,148,0.975,no,pending,yes
3186,n1906-032,86,2:compound-or-multiword,kha-n1906-002145,met-sawdoh,met-sawdoh,adjective,compound,148,0.975,no,pending,yes
3187,n1906-032,87,2:compound-or-multiword,kha-n1906-002151,miaw-wa,miaw-wa,noun,compound,148,0.975,no,pending,yes
3188,n1906-032,88,2:compound-or-multiword,kha-n1906-002169,mot-mot,mot-mot,adjective,reduplication,149,0.975,no,pending,yes
3189,n1906-032,89,2:compound-or-multiword,kha-n1906-002174,mu seh,mu seh,phrase,phrase,150,0.975,no,pending,yes
3190,n1906-032,90,2:compound-or-multiword,kha-n1906-002188,myn-aria,myn-aria,adverb,compound,151,0.975,no,pending,yes
3191,n1906-032,91,2:compound-or-multiword,kha-n1906-002196,mynli-iur,mynli-iur,adverb,compound,152,0.975,no,pending,yes
3192,n1906-032,92,2:compound-or-multiword,kha-n1906-002202,mynrain khymat,mynrain khymat,noun,phrase,152,0.975,no,pending,yes
3193,n1906-032,93,2:compound-or-multiword,kha-n1906-002205,mynshem-taiew,mynshem-taiew,adverb,compound,152,0.975,no,pending,yes
3194,n1906-032,94,2:compound-or-multiword,kha-n1906-002210,mynsiem- bakhuid,mynsiem- bakhuid,noun,phrase,152,0.975,no,pending,yes
3195,n1906-032,95,2:compound-or-multiword,kha-n1906-002213,mynta-mynne,mynta-mynne,adverb,compound,152,0.975,no,pending,yes
3196,n1906-032,96,2:compound-or-multiword,kha-n1906-002199,myuno-mynno,myuno-mynno,adverb,compound,152,0.975,no,pending,yes
3197,n1906-032,97,2:compound-or-multiword,kha-n1906-002257,na-no re-na-no,na-no re-na-no,phrase,phrase,155,0.975,no,pending,yes
3198,n1906-032,98,2:compound-or-multiword,kha-n1906-002224,nadong-shadong,nadong-shadong,adverb,compound,153,0.975,no,pending,yes
3199,n1906-032,99,2:compound-or-multiword,kha-n1906-002225,naduh-hadiih,naduh-hadiih,adverb,compound,153,0.975,no,pending,yes
3200,n1906-032,100,2:compound-or-multiword,kha-n1906-002233,'nai-iing,'nai-iing,noun,compound,154,0.975,no,pending,yes
3201,n1906-033,1,2:compound-or-multiword,kha-n1906-002234,'nai-jylliew,'nai-jylliew,noun,compound,154,0.975,no,pending,yes
3202,n1906-033,2,2:compound-or-multiword,kha-n1906-002235,'nai-lar,'nai-lar,noun,compound,154,0.975,no,pending,yes
3203,n1906-033,3,2:compound-or-multiword,kha-n1906-002236,nai-nai,nai-nai,adverb,reduplication,154,0.975,no,pending,yes
3204,n1906-033,4,2:compound-or-multiword,kha-n1906-002237,'nai-nohprah,'nai-nohprah,noun,compound,154,0.975,no,pending,yes
3205,n1906-033,5,2:compound-or-multiword,kha-n1906-002238,'nai-pilang,'nai-pilang,noun,compound,154,0.975,no,pending,yes
3206,n1906-033,6,2:compound-or-multiword,kha-n1906-002239,'nai-tung,'nai-tung,noun,compound,154,0.975,no,pending,yes
3207,n1906-033,7,2:compound-or-multiword,kha-n1906-002240,'nai-wieng,'nai-wieng,noun,compound,154,0.975,no,pending,yes
3208,n1906-033,8,2:compound-or-multiword,kha-n1906-002245,nam-katai,nam-katai,verb,compound,154,0.975,no,pending,yes
3209,n1906-033,9,2:compound-or-multiword,kha-n1906-002251,'nam-sop,'nam-sop,noun,compound,155,0.975,no,pending,yes
3210,n1906-033,10,2:compound-or-multiword,kha-n1906-002252,'nam-tylli,'nam-tylli,noun,compound,155,0.975,no,pending,yes
3211,n1906-033,11,2:compound-or-multiword,kha-n1906-002227,nang-ang,nang-ang,adjective,compound,153,0.975,no,pending,yes
3212,n1906-033,12,2:compound-or-multiword,kha-n1906-002230,nangno-nangno,nangno-nangno,adverb,reduplication,153,0.975,no,pending,yes
3213,n1906-033,13,2:compound-or-multiword,kha-n1906-002231,nangno-re-nangno,nangno-re-nangno,adverb,compound,153,0.975,no,pending,yes
3214,n1906-033,14,2:compound-or-multiword,kha-n1906-002256,nano-nano,nano-nano,adverb,reduplication,155,0.975,no,pending,yes
3215,n1906-033,15,2:compound-or-multiword,kha-n1906-002259,nap-bnnia,nap-bnnia,noun,compound,155,0.975,no,pending,yes
3216,n1906-033,16,2:compound-or-multiword,kha-n1906-002268,nar- puh,nar- puh,noun,phrase,155,0.975,no,pending,yes
3217,n1906-033,17,2:compound-or-multiword,kha-n1906-002266,nar-ka-bili,nar-ka-bili,noun,compound,155,0.975,no,pending,yes
3218,n1906-033,18,2:compound-or-multiword,kha-n1906-002267,nar-liang,nar-liang,noun,compound,155,0.975,no,pending,yes
3219,n1906-033,19,2:compound-or-multiword,kha-n1906-002273,naw-naw,naw-naw,adverb,reduplication,156,0.975,no,pending,yes
3220,n1906-033,20,2:compound-or-multiword,kha-n1906-002275,naw-rang,naw-rang,adverb,compound,156,0.975,no,pending,yes
3221,n1906-033,21,2:compound-or-multiword,kha-n1906-002274,nawei-na-ar,nawei-na-ar,adverb,compound,156,0.975,no,pending,yes
3222,n1906-033,22,2:compound-or-multiword,kha-n1906-002246,'ndm-iong,'ndm-iong,noun,compound,154,0.975,no,pending,yes
3223,n1906-033,23,2:compound-or-multiword,kha-n1906-002278,nei-iong,nei-iong,noun,compound,156,0.975,no,pending,yes
3224,n1906-033,24,2:compound-or-multiword,kha-n1906-002282,'nep-iang,'nep-iang,noun,compound,156,0.975,no,pending,yes
3225,n1906-033,25,2:compound-or-multiword,kha-n1906-002283,'ner-lung,'ner-lung,noun,compound,156,0.975,no,pending,yes
3226,n1906-033,26,2:compound-or-multiword,kha-n1906-002284,net-net,net-net,adverb,reduplication,156,0.975,no,pending,yes
3227,n1906-033,27,2:compound-or-multiword,kha-n1906-001379,ngah-ngah,ngah-ngah,adjective,reduplication,87,0.975,no,pending,yes
3228,n1906-033,28,2:compound-or-multiword,kha-n1906-001381,ngam-um,ngam-um,verb,compound,88,0.975,no,pending,yes
3229,n1906-033,29,2:compound-or-multiword,kha-n1906-001387,ngeit-biet,ngeit-biet,verb,compound,88,0.975,no,pending,yes
3230,n1906-033,30,2:compound-or-multiword,kha-n1906-001388,ngen-bndi,ngen-bndi,noun,compound,88,0.975,no,pending,yes
3231,n1906-033,31,2:compound-or-multiword,kha-n1906-001386,ngeng-ngeng,ngeng-ngeng,adverb,reduplication,88,0.975,no,pending,yes
3232,n1906-033,32,2:compound-or-multiword,kha-n1906-001389,nger-nger,nger-nger,adverb,reduplication,88,0.975,no,pending,yes
3233,n1906-033,33,2:compound-or-multiword,kha-n1906-001390,nget-nget,nget-nget,adverb,reduplication,88,0.975,no,pending,yes
3234,n1906-033,34,2:compound-or-multiword,kha-n1906-001395,ngi'm,ngi'm,phrase,phrase,89,0.975,no,pending,yes
3235,n1906-033,35,2:compound-or-multiword,kha-n1906-001397,ngi'n,ngi'n,phrase,phrase,89,0.975,no,pending,yes
3236,n1906-033,36,2:compound-or-multiword,kha-n1906-001392,ngiah-ngiah,ngiah-ngiah,adjective,reduplication,89,0.975,no,pending,yes
3237,n1906-033,37,2:compound-or-multiword,kha-n1906-001396,'ngiem-lalu,'ngiem-lalu,noun,compound,89,0.975,no,pending,yes
3238,n1906-033,38,2:compound-or-multiword,kha-n1906-001398,ngifi ngin-ngaifi ngain,ngifi ngin-ngaifi ngain,adverb,phrase,89,0.975,no,pending,yes
3239,n1906-033,39,2:compound-or-multiword,kha-n1906-001394,ngih ngih-ngah ngah,ngih ngih-ngah ngah,adjective,reduplication,89,0.975,no,pending,yes
3240,n1906-033,40,2:compound-or-multiword,kha-n1906-001399,ngir-ngir,ngir-ngir,adverb,reduplication,89,0.975,no,pending,yes
3241,n1906-033,41,2:compound-or-multiword,kha-n1906-001402,nguhlet-shnong,nguhlet-shnong,verb,compound,89,0.975,no,pending,yes
3242,n1906-033,42,2:compound-or-multiword,kha-n1906-001404,ngur-ngur,ngur-ngur,adverb,reduplication,89,0.975,no,pending,yes
3243,n1906-033,43,2:compound-or-multiword,kha-n1906-001406,ngut-ngut-nget-nget,ngut-ngut-nget-nget,adverb,reduplication,89,0.975,no,pending,yes
3244,n1906-033,44,2:compound-or-multiword,kha-n1906-002296,'nierkhad-ar-syrtap,'nierkhad-ar-syrtap,noun,compound,159,0.975,no,pending,yes
3245,n1906-033,45,2:compound-or-multiword,kha-n1906-002297,niew-beifi,niew-beifi,verb,compound,159,0.975,no,pending,yes
3246,n1906-033,46,2:compound-or-multiword,kha-n1906-002298,niew-kor,niew-kor,verb,compound,159,0.975,no,pending,yes
3247,n1906-033,47,2:compound-or-multiword,kha-n1906-002306,'niuh-tmain,'niuh-tmain,noun,compound,160,0.975,no,pending,yes
3248,n1906-033,48,2:compound-or-multiword,kha-n1906-002307,niun-niun,niun-niun,adverb,reduplication,160,0.975,no,pending,yes
3249,n1906-033,49,2:compound-or-multiword,kha-n1906-002308,niur-niur,niur-niur,noun,reduplication,160,0.975,no,pending,yes
3250,n1906-033,50,2:compound-or-multiword,kha-n1906-002337,noi-sha,noi-sha,noun,compound,162,0.975,no,pending,yes
3251,n1906-033,51,2:compound-or-multiword,kha-n1906-002328,'nong-tem,'nong-tem,noun,compound,162,0.975,no,pending,yes
3252,n1906-033,52,2:compound-or-multiword,kha-n1906-002326,nongsaid-thma,nongsaid-thma,noun,compound,162,0.975,no,pending,yes
3253,n1906-033,53,2:compound-or-multiword,kha-n1906-002341,nup-khohsiew,nup-khohsiew,pronoun,compound,163,0.975,no,pending,yes
3254,n1906-033,54,2:compound-or-multiword,kha-n1906-002269,nursam-im,nursam-im,noun,compound,155,0.975,no,pending,yes
3255,n1906-033,55,2:compound-or-multiword,kha-n1906-002346,oh-kuna,oh-kuna,verb,compound,163,0.975,no,pending,yes
3256,n1906-033,56,2:compound-or-multiword,kha-n1906-002347,oh-shrong,oh-shrong,verb,compound,163,0.975,no,pending,yes
3257,n1906-033,57,2:compound-or-multiword,kha-n1906-002349,on-rong,on-rong,verb,compound,163,0.975,no,pending,yes
3258,n1906-033,58,2:compound-or-multiword,kha-n1906-002350,ot-halang,ot-halang,verb,compound,164,0.975,no,pending,yes
3259,n1906-033,59,2:compound-or-multiword,kha-n1906-002376,pah -ding,pah -ding,verb,phrase,165,0.975,no,pending,yes
3260,n1906-033,60,2:compound-or-multiword,kha-n1906-002377,pah-shalyngngiang,pah-shalyngngiang,noun,compound,165,0.975,no,pending,yes
3261,n1906-033,61,2:compound-or-multiword,kha-n1906-002386,paila-sada,paila-sada,noun,compound,166,0.975,no,pending,yes
3262,n1906-033,62,2:compound-or-multiword,kha-n1906-002395,palat-paliang,palat-paliang,adjective,compound,166,0.975,no,pending,yes
3263,n1906-033,63,2:compound-or-multiword,kha-n1906-002408,pan-'tien-said,pan-'tien-said,noun,compound,167,0.975,no,pending,yes
3264,n1906-033,64,2:compound-or-multiword,kha-n1906-002364,pang-at-top,pang-at-top,verb,compound,165,0.975,no,pending,yes
3265,n1906-033,65,2:compound-or-multiword,kha-n1906-002365,pang-bhnr,pang-bhnr,verb,compound,165,0.975,no,pending,yes
3266,n1906-033,66,2:compound-or-multiword,kha-n1906-002371,pang-iap-iong,pang-iap-iong,noun,compound,165,0.975,no,pending,yes
3267,n1906-033,67,2:compound-or-multiword,kha-n1906-002372,pang-iapshiliang,pang-iapshiliang,verb,compound,165,0.975,no,pending,yes
3268,n1906-033,68,2:compound-or-multiword,kha-n1906-002366,pang-khlieh,pang-khlieh,verb,compound,165,0.975,no,pending,yes
3269,n1906-033,69,2:compound-or-multiword,kha-n1906-002410,para-briew,para-briew,noun,compound,168,0.975,no,pending,yes
3270,n1906-033,70,2:compound-or-multiword,kha-n1906-002411,para-ksiew,para-ksiew,noun,compound,168,0.975,no,pending,yes
3271,n1906-033,71,2:compound-or-multiword,kha-n1906-002412,para-kynsi,para-kynsi,noun,compound,168,0.975,no,pending,yes
3272,n1906-033,72,2:compound-or-multiword,kha-n1906-002415,para-shongkha,para-shongkha,noun,compound,168,0.975,no,pending,yes
3273,n1906-033,73,2:compound-or-multiword,kha-n1906-002416,para-trai,para-trai,noun,compound,168,0.975,no,pending,yes
3274,n1906-033,74,2:compound-or-multiword,kha-n1906-002418,parum-pareh,parum-pareh,adjective,compound,168,0.975,no,pending,yes
3275,n1906-033,75,2:compound-or-multiword,kha-n1906-002434,paten gbynriew,paten gbynriew,noun,phrase,169,0.975,no,pending,yes
3276,n1906-033,76,2:compound-or-multiword,kha-n1906-002436,pateng-la-pateng,pateng-la-pateng,adverb,compound,169,0.975,no,pending,yes
3277,n1906-033,77,2:compound-or-multiword,kha-n1906-002435,pateng-pateng,pateng-pateng,adverb,reduplication,169,0.975,no,pending,yes
3278,n1906-033,78,2:compound-or-multiword,kha-n1906-002489,pbet-iap,pbet-iap,verb,compound,173,0.975,no,pending,yes
3279,n1906-033,79,2:compound-or-multiword,kha-n1906-002490,pbet-lyndet,pbet-lyndet,verb,compound,173,0.975,no,pending,yes
3280,n1906-033,80,2:compound-or-multiword,kha-n1906-002498,pbiang-phiang,pbiang-phiang,verb,compound,174,0.975,no,pending,yes
3281,n1906-033,81,2:compound-or-multiword,kha-n1906-002450,pdiang-balang,pdiang-balang,verb,compound,170,0.975,no,pending,yes
3282,n1906-033,82,2:compound-or-multiword,kha-n1906-002454,'peh-dyngkhiet,'peh-dyngkhiet,noun,compound,171,0.975,no,pending,yes
3283,n1906-033,83,2:compound-or-multiword,kha-n1906-002455,'peh-sylli,'peh-sylli,noun,compound,171,0.975,no,pending,yes
3284,n1906-033,84,2:compound-or-multiword,kha-n1906-002460,peit'mat-dong,peit'mat-dong,verb,compound,171,0.975,no,pending,yes
3285,n1906-033,85,2:compound-or-multiword,kha-n1906-002466,'pet-kaw,'pet-kaw,noun,compound,171,0.975,no,pending,yes
3286,n1906-033,86,2:compound-or-multiword,kha-n1906-002475,phan-ew,phan-ew,noun,compound,172,0.975,no,pending,yes
3287,n1906-033,87,2:compound-or-multiword,kha-n1906-002474,phan-karo,phan-karo,noun,compound,172,0.975,no,pending,yes
3288,n1906-033,88,2:compound-or-multiword,kha-n1906-002476,phan-longspah,phan-longspah,noun,compound,172,0.975,no,pending,yes
3289,n1906-033,89,2:compound-or-multiword,kha-n1906-002477,phan-mongor,phan-mongor,noun,compound,172,0.975,no,pending,yes
3290,n1906-033,90,2:compound-or-multiword,kha-n1906-002479,phan-sawlia,phan-sawlia,noun,compound,172,0.975,no,pending,yes
3291,n1906-033,91,2:compound-or-multiword,kha-n1906-002478,phan-sdi,phan-sdi,noun,compound,172,0.975,no,pending,yes
3292,n1906-033,92,2:compound-or-multiword,kha-n1906-002468,'phang-er,'phang-er,noun,compound,172,0.975,no,pending,yes
3293,n1906-033,93,2:compound-or-multiword,kha-n1906-002487,phawur-phawer,phawur-phawer,adverb,compound,173,0.975,no,pending,yes
3294,n1906-033,94,2:compound-or-multiword,kha-n1906-002491,phet-tbong,phet-tbong,verb,compound,173,0.975,no,pending,yes
3295,n1906-033,95,2:compound-or-multiword,kha-n1906-002502,phir-phir,phir-phir,adverb,reduplication,174,0.975,no,pending,yes
3296,n1906-033,96,2:compound-or-multiword,kha-n1906-002504,phldn-dumdn,phldn-dumdn,verb,compound,174,0.975,no,pending,yes
3297,n1906-033,97,2:compound-or-multiword,kha-n1906-002510,phohsniew kynsha,phohsniew kynsha,verb,phrase,175,0.975,no,pending,yes
3298,n1906-033,98,2:compound-or-multiword,kha-n1906-002525,phu-iong,phu-iong,noun,compound,176,0.975,no,pending,yes
3299,n1906-033,99,2:compound-or-multiword,kha-n1906-002526,phuin-phuin,phuin-phuin,adverb,reduplication,176,0.975,no,pending,yes
3300,n1906-033,100,2:compound-or-multiword,kha-n1906-002527,phum-phum,phum-phum,adverb,reduplication,176,0.975,no,pending,yes
3301,n1906-034,1,2:compound-or-multiword,kha-n1906-002529,phylla-soi,phylla-soi,adverb,compound,177,0.975,no,pending,yes
3302,n1906-034,2,2:compound-or-multiword,kha-n1906-002535,phyrdap-lyngkor,phyrdap-lyngkor,noun,compound,177,0.975,no,pending,yes
3303,n1906-034,3,2:compound-or-multiword,kha-n1906-002541,pi-an,pi-an,adjective,compound,178,0.975,no,pending,yes
3304,n1906-034,4,2:compound-or-multiword,kha-n1906-002606,piiid-piiid,piiid-piiid,adjective,reduplication,182,0.975,no,pending,yes
3305,n1906-034,5,2:compound-or-multiword,kha-n1906-002547,pjong-pjong,pjong-pjong,adverb,reduplication,178,0.975,no,pending,yes
3306,n1906-034,6,2:compound-or-multiword,kha-n1906-002550,plain-plain,plain-plain,adverb,reduplication,179,0.975,no,pending,yes
3307,n1906-034,7,2:compound-or-multiword,kha-n1906-002554,plein-plein,plein-plein,adverb,reduplication,179,0.975,no,pending,yes
3308,n1906-034,8,2:compound-or-multiword,kha-n1906-002566,pnek-pnek,pnek-pnek,adverb,reduplication,179,0.975,no,pending,yes
3309,n1906-034,9,2:compound-or-multiword,kha-n1906-002572,poh-ia,poh-ia,adjective,compound,180,0.975,no,pending,yes
3310,n1906-034,10,2:compound-or-multiword,kha-n1906-002575,poh-rati,poh-rati,adjective,compound,180,0.975,no,pending,yes
3311,n1906-034,11,2:compound-or-multiword,kha-n1906-002576,poh-tit,poh-tit,noun,compound,180,0.975,no,pending,yes
3312,n1906-034,12,2:compound-or-multiword,kha-n1906-002577,poi-bnai,poi-bnai,verb,compound,180,0.975,no,pending,yes
3313,n1906-034,13,2:compound-or-multiword,kha-n1906-002578,poi-ktien,poi-ktien,verb,compound,180,0.975,no,pending,yes
3314,n1906-034,14,2:compound-or-multiword,kha-n1906-002580,pom-pom,pom-pom,adverb,reduplication,181,0.975,no,pending,yes
3315,n1906-034,15,2:compound-or-multiword,kha-n1906-002579,pomblang-u-dkhar,pomblang-u-dkhar,noun,compound,181,0.975,no,pending,yes
3316,n1906-034,16,2:compound-or-multiword,kha-n1906-002587,prie-umksang,prie-umksang,verb,compound,181,0.975,no,pending,yes
3317,n1906-034,17,2:compound-or-multiword,kha-n1906-002591,proh-jingmnt,proh-jingmnt,adjective,compound,181,0.975,no,pending,yes
3318,n1906-034,18,2:compound-or-multiword,kha-n1906-002594,prup-prap,prup-prap,adverb,compound,182,0.975,no,pending,yes
3319,n1906-034,19,2:compound-or-multiword,kha-n1906-002600,pud-piid,pud-piid,adjective,compound,182,0.975,no,pending,yes
3320,n1906-034,20,2:compound-or-multiword,kha-n1906-002604,puh-kylla,puh-kylla,verb,compound,182,0.975,no,pending,yes
3321,n1906-034,21,2:compound-or-multiword,kha-n1906-002605,pui-pui,pui-pui,noun,reduplication,182,0.975,no,pending,yes
3322,n1906-034,22,2:compound-or-multiword,kha-n1906-002607,puit-suwa,puit-suwa,noun,compound,182,0.975,no,pending,yes
3323,n1906-034,23,2:compound-or-multiword,kha-n1906-002610,pun-jingkieng,pun-jingkieng,verb,compound,183,0.975,no,pending,yes
3324,n1906-034,24,2:compound-or-multiword,kha-n1906-002602,pung-kjat,pung-kjat,noun,compound,182,0.975,no,pending,yes
3325,n1906-034,25,2:compound-or-multiword,kha-n1906-002603,pung-kti,pung-kti,noun,compound,182,0.975,no,pending,yes
3326,n1906-034,26,2:compound-or-multiword,kha-n1906-002615,pur-a-na,pur-a-na,noun,compound,183,0.975,no,pending,yes
3327,n1906-034,27,2:compound-or-multiword,kha-n1906-002626,pyllait-ksuid,pyllait-ksuid,verb,compound,184,0.975,no,pending,yes
3328,n1906-034,28,2:compound-or-multiword,kha-n1906-002625,pyllait-ktien,pyllait-ktien,verb,compound,184,0.975,no,pending,yes
3329,n1906-034,29,2:compound-or-multiword,kha-n1906-002627,pyllait-lan,pyllait-lan,verb,compound,184,0.975,no,pending,yes
3330,n1906-034,30,2:compound-or-multiword,kha-n1906-002628,pyllait-rili,pyllait-rili,verb,compound,184,0.975,no,pending,yes
3331,n1906-034,31,2:compound-or-multiword,kha-n1906-002629,pyllait-sansh'ing,pyllait-sansh'ing,verb,compound,184,0.975,no,pending,yes
3332,n1906-034,32,2:compound-or-multiword,kha-n1906-002633,pyn-adke,pyn-adke,verb,compound,184,0.975,no,pending,yes
3333,n1906-034,33,2:compound-or-multiword,kha-n1906-002634,pyn-am,pyn-am,verb,compound,184,0.975,no,pending,yes
3334,n1906-034,34,2:compound-or-multiword,kha-n1906-002635,pyn-at-khu,pyn-at-khu,verb,compound,184,0.975,no,pending,yes
3335,n1906-034,35,2:compound-or-multiword,kha-n1906-002636,pyn-atshyntur,pyn-atshyntur,verb,compound,184,0.975,no,pending,yes
3336,n1906-034,36,2:compound-or-multiword,kha-n1906-002649,pyn-iar,pyn-iar,verb,compound,185,0.975,no,pending,yes
3337,n1906-034,37,2:compound-or-multiword,kha-n1906-002644,pyn-ngat,pyn-ngat,verb,compound,185,0.975,no,pending,yes
3338,n1906-034,38,2:compound-or-multiword,kha-n1906-002653,pyn-ong,pyn-ong,verb,compound,185,0.975,no,pending,yes
3339,n1906-034,39,2:compound-or-multiword,kha-n1906-002645,pynhiar-kput,pynhiar-kput,verb,compound,185,0.975,no,pending,yes
3340,n1906-034,40,2:compound-or-multiword,kha-n1906-002646,pynhiar-myesiem,pynhiar-myesiem,verb,compound,185,0.975,no,pending,yes
3341,n1906-034,41,2:compound-or-multiword,kha-n1906-002647,pynhiar-synjat,pynhiar-synjat,verb,compound,185,0.975,no,pending,yes
3342,n1906-034,42,2:compound-or-multiword,kha-n1906-002641,pynkhiiid-dar,pynkhiiid-dar,verb,compound,185,0.975,no,pending,yes
3343,n1906-034,43,2:compound-or-multiword,kha-n1906-002655,pynryngkang-par,pynryngkang-par,verb,compound,185,0.975,no,pending,yes
3344,n1906-034,44,2:compound-or-multiword,kha-n1906-002656,pynshfid'khaw-iang,pynshfid'khaw-iang,verb,compound,185,0.975,no,pending,yes
3345,n1906-034,45,2:compound-or-multiword,kha-n1906-002668,pyr-em,pyr-em,noun,compound,186,0.975,no,pending,yes
3346,n1906-034,46,2:compound-or-multiword,kha-n1906-002669,pyr-en,pyr-en,adverb,compound,186,0.975,no,pending,yes
3347,n1906-034,47,2:compound-or-multiword,kha-n1906-002673,pyrsa-ksiew,pyrsa-ksiew,noun,compound,186,0.975,no,pending,yes
3348,n1906-034,48,2:compound-or-multiword,kha-n1906-002681,pyrta shnong,pyrta shnong,verb,phrase,187,0.975,no,pending,yes
3349,n1906-034,49,2:compound-or-multiword,kha-n1906-002693,'rad-bah,'rad-bah,noun,compound,187,0.975,no,pending,yes
3350,n1906-034,50,2:compound-or-multiword,kha-n1906-002695,rang-'iar-khad,rang-'iar-khad,noun,compound,188,0.975,no,pending,yes
3351,n1906-034,51,2:compound-or-multiword,kha-n1906-002730,reng-ngap,reng-ngap,noun,compound,190,0.975,no,pending,yes
3352,n1906-034,52,2:compound-or-multiword,kha-n1906-002760,'ri-rdj,'ri-rdj,noun,compound,193,0.975,no,pending,yes
3353,n1906-034,53,2:compound-or-multiword,kha-n1906-002767,ri-war,ri-war,noun,compound,193,0.975,no,pending,yes
3354,n1906-034,54,2:compound-or-multiword,kha-n1906-002748,ring-dong,ring-dong,verb,compound,193,0.975,no,pending,yes
3355,n1906-034,55,2:compound-or-multiword,kha-n1906-002766,rit-jingmut,rit-jingmut,adjective,compound,193,0.975,no,pending,yes
3356,n1906-034,56,2:compound-or-multiword,kha-n1906-002770,rmiang shyntur,rmiang shyntur,noun,phrase,194,0.950,no,pending,yes
3357,n1906-034,57,2:compound-or-multiword,kha-n1906-002810,rwai-mylluug,rwai-mylluug,verb,compound,196,0.975,no,pending,yes
3358,n1906-034,58,2:compound-or-multiword,kha-n1906-002828,ryadang-kti,ryadang-kti,noun,compound,197,0.975,no,pending,yes
3359,n1906-034,59,2:compound-or-multiword,kha-n1906-002829,ryn-ieng,ryn-ieng,noun,compound,197,0.975,no,pending,yes
3360,n1906-034,60,2:compound-or-multiword,kha-n1906-002823,ryngmang-ryngmang,ryngmang-ryngmang,adverb,reduplication,197,0.975,no,pending,yes
3361,n1906-034,61,2:compound-or-multiword,kha-n1906-002870,s'aid-ding,s'aid-ding,verb,compound,201,0.975,no,pending,yes
3362,n1906-034,62,2:compound-or-multiword,kha-n1906-002873,s'aid-sngi,s'aid-sngi,verb,compound,201,0.975,no,pending,yes
3363,n1906-034,63,2:compound-or-multiword,kha-n1906-003243,s'iem-iong,s'iem-iong,noun,compound,224,0.975,no,pending,yes
3364,n1906-034,64,2:compound-or-multiword,kha-n1906-003244,s'iem-lieh,s'iem-lieh,noun,compound,224,0.975,no,pending,yes
3365,n1906-034,65,2:compound-or-multiword,kha-n1906-003245,s'iem-sad,s'iem-sad,noun,compound,224,0.975,no,pending,yes
3366,n1906-034,66,2:compound-or-multiword,kha-n1906-003246,s'iem-shillong,s'iem-shillong,noun,compound,224,0.975,no,pending,yes
3367,n1906-034,67,2:compound-or-multiword,kha-n1906-002912,sa-tdani,sa-tdani,adverb,compound,203,0.975,no,pending,yes
3368,n1906-034,68,2:compound-or-multiword,kha-n1906-002862,sah-daifimur,sah-daifimur,noun,compound,200,0.975,no,pending,yes
3369,n1906-034,69,2:compound-or-multiword,kha-n1906-002865,sah-nang-ang,sah-nang-ang,verb,compound,200,0.975,no,pending,yes
3370,n1906-034,70,2:compound-or-multiword,kha-n1906-002866,sah-teng,sah-teng,noun,compound,200,0.975,no,pending,yes
3371,n1906-034,71,2:compound-or-multiword,kha-n1906-002878,'sai-ryndia,'sai-ryndia,noun,compound,201,0.975,no,pending,yes
3372,n1906-034,72,2:compound-or-multiword,kha-n1906-002880,'sai-steis,'sai-steis,noun,compound,201,0.975,no,pending,yes
3373,n1906-034,73,2:compound-or-multiword,kha-n1906-002869,said-ksan,said-ksan,verb,compound,201,0.975,no,pending,yes
3374,n1906-034,74,2:compound-or-multiword,kha-n1906-002871,said-lah,said-lah,verb,compound,201,0.975,no,pending,yes
3375,n1906-034,75,2:compound-or-multiword,kha-n1906-002872,said-lwet,said-lwet,verb,compound,201,0.975,no,pending,yes
3376,n1906-034,76,2:compound-or-multiword,kha-n1906-002874,said-thma,said-thma,verb,compound,201,0.975,no,pending,yes
3377,n1906-034,77,2:compound-or-multiword,kha-n1906-002887,sameh-blang,sameh-blang,noun,compound,202,0.975,no,pending,yes
3378,n1906-034,78,2:compound-or-multiword,kha-n1906-002911,sat-hyrsia,sat-hyrsia,adjective,compound,203,0.975,no,pending,yes
3379,n1906-034,79,2:compound-or-multiword,kha-n1906-002919,sat-syllang,sat-syllang,adjective,compound,204,0.975,no,pending,yes
3380,n1906-034,80,2:compound-or-multiword,kha-n1906-002916,sati-synjat,sati-synjat,noun,compound,204,0.975,no,pending,yes
3381,n1906-034,81,2:compound-or-multiword,kha-n1906-002923,saw-ka-siau,saw-ka-siau,phrase,compound,204,0.975,no,pending,yes
3382,n1906-034,82,2:compound-or-multiword,kha-n1906-002929,saw-saw-mynsiem,saw-saw-mynsiem,adjective,reduplication,204,0.975,no,pending,yes
3383,n1906-034,83,2:compound-or-multiword,kha-n1906-002924,sawiah-bseifi,sawiah-bseifi,noun,compound,204,0.975,no,pending,yes
3384,n1906-034,84,2:compound-or-multiword,kha-n1906-002879,'sdi-siej,'sdi-siej,noun,compound,201,0.975,no,pending,yes
3385,n1906-034,85,2:compound-or-multiword,kha-n1906-002948,'seh-khleifi,'seh-khleifi,noun,compound,206,0.975,no,pending,yes
3386,n1906-034,86,2:compound-or-multiword,kha-n1906-002950,sei lapeh,sei lapeh,adjective,phrase,206,0.975,no,pending,yes
3387,n1906-034,87,2:compound-or-multiword,kha-n1906-003094,sh'ing-budlum,sh'ing-budlum,noun,compound,214,0.975,no,pending,yes
3388,n1906-034,88,2:compound-or-multiword,kha-n1906-003038,sha-pushi,sha-pushi,noun,compound,210,0.975,no,pending,yes
3389,n1906-034,89,2:compound-or-multiword,kha-n1906-002983,shaba kurat,shaba kurat,noun,phrase,208,0.975,no,pending,yes
3390,n1906-034,90,2:compound-or-multiword,kha-n1906-003003,shah-jing-it,shah-jing-it,verb,compound,209,0.975,no,pending,yes
3391,n1906-034,91,2:compound-or-multiword,kha-n1906-003006,shai-byrngut,shai-byrngut,verb,compound,209,0.975,no,pending,yes
3392,n1906-034,92,2:compound-or-multiword,kha-n1906-003017,shalyng-ur,shalyng-ur,noun,compound,209,0.975,no,pending,yes
3393,n1906-034,93,2:compound-or-multiword,kha-n1906-003020,sham-sham,sham-sham,adjective,reduplication,210,0.975,no,pending,yes
3394,n1906-034,94,2:compound-or-multiword,kha-n1906-003033,shano-re-shano,shano-re-shano,adverb,compound,210,0.975,no,pending,yes
3395,n1906-034,95,2:compound-or-multiword,kha-n1906-003032,shano-shano,shano-shano,adverb,reduplication,210,0.975,no,pending,yes
3396,n1906-034,96,2:compound-or-multiword,kha-n1906-003049,shat-khmaf,shat-khmaf,verb,compound,211,0.975,no,pending,yes
3397,n1906-034,97,2:compound-or-multiword,kha-n1906-003053,shatri-jain,shatri-jain,noun,compound,211,0.975,no,pending,yes
3398,n1906-034,98,2:compound-or-multiword,kha-n1906-003056,shawei-sha-ar,shawei-sha-ar,adverb,compound,211,0.975,no,pending,yes
3399,n1906-034,99,2:compound-or-multiword,kha-n1906-003030,shdn-mohor,shdn-mohor,noun,compound,210,0.975,no,pending,yes
3400,n1906-034,100,2:compound-or-multiword,kha-n1906-003063,shem-duk,shem-duk,verb,compound,212,0.975,no,pending,yes
3401,n1906-035,1,2:compound-or-multiword,kha-n1906-003064,shem-pap,shem-pap,verb,compound,212,0.975,no,pending,yes
3402,n1906-035,2,2:compound-or-multiword,kha-n1906-003067,shen-shen,shen-shen,adverb,reduplication,212,0.975,no,pending,yes
3403,n1906-035,3,2:compound-or-multiword,kha-n1906-003071,shet-jakai,shet-jakai,verb,compound,212,0.975,no,pending,yes
3404,n1906-035,4,2:compound-or-multiword,kha-n1906-003070,shet-kylla,shet-kylla,verb,compound,212,0.975,no,pending,yes
3405,n1906-035,5,2:compound-or-multiword,kha-n1906-003130,shi wait,shi wait,noun,phrase,216,0.975,no,pending,yes
3406,n1906-035,6,2:compound-or-multiword,kha-n1906-003091,shi-dur,shi-dur,adjective,compound,214,0.975,no,pending,yes
3407,n1906-035,7,2:compound-or-multiword,kha-n1906-003095,shi-hali,shi-hali,noun,compound,214,0.975,no,pending,yes
3408,n1906-035,8,2:compound-or-multiword,kha-n1906-003096,shi-hara,shi-hara,noun,compound,214,0.975,no,pending,yes
3409,n1906-035,9,2:compound-or-multiword,kha-n1906-003097,shi-hud,shi-hud,noun,compound,214,0.975,no,pending,yes
3410,n1906-035,10,2:compound-or-multiword,kha-n1906-003098,shi-iing-shisem,shi-iing-shisem,noun,compound,214,0.975,no,pending,yes
3411,n1906-035,11,2:compound-or-multiword,kha-n1906-003099,shi-jhap,shi-jhap,noun,compound,214,0.975,no,pending,yes
3412,n1906-035,12,2:compound-or-multiword,kha-n1906-003080,shi-kaddei,shi-kaddei,adverb,compound,213,0.975,no,pending,yes
3413,n1906-035,13,2:compound-or-multiword,kha-n1906-003081,shi-katta,shi-katta,adverb,compound,213,0.975,no,pending,yes
3414,n1906-035,14,2:compound-or-multiword,kha-n1906-003087,shi-kur,shi-kur,noun,compound,214,0.975,no,pending,yes
3415,n1906-035,15,2:compound-or-multiword,kha-n1906-003088,shi-kuro,shi-kuro,noun,compound,214,0.975,no,pending,yes
3416,n1906-035,16,2:compound-or-multiword,kha-n1906-003103,shi-lnger,shi-lnger,noun,compound,214,0.975,no,pending,yes
3417,n1906-035,17,2:compound-or-multiword,kha-n1906-003106,shi-mat,shi-mat,noun,compound,215,0.975,no,pending,yes
3418,n1906-035,18,2:compound-or-multiword,kha-n1906-003107,shi-met,shi-met,adverb,compound,215,0.975,no,pending,yes
3419,n1906-035,19,2:compound-or-multiword,kha-n1906-003110,shi-mynsiem,shi-mynsiem,adverb,compound,215,0.975,no,pending,yes
3420,n1906-035,20,2:compound-or-multiword,kha-n1906-003113,shi-piam,shi-piam,noun,compound,215,0.975,no,pending,yes
3421,n1906-035,21,2:compound-or-multiword,kha-n1906-003114,shi-piam-star,shi-piam-star,noun,compound,215,0.975,no,pending,yes
3422,n1906-035,22,2:compound-or-multiword,kha-n1906-003092,shi-rukom,shi-rukom,adjective,compound,214,0.975,no,pending,yes
3423,n1906-035,23,2:compound-or-multiword,kha-n1906-003117,shi-ryn-ieng,shi-ryn-ieng,adverb,compound,215,0.975,no,pending,yes
3424,n1906-035,24,2:compound-or-multiword,kha-n1906-003122,shi-tda,shi-tda,noun,compound,216,0.975,no,pending,yes
3425,n1906-035,25,2:compound-or-multiword,kha-n1906-003129,shi-tyllup,shi-tyllup,adverb,compound,216,0.975,no,pending,yes
3426,n1906-035,26,2:compound-or-multiword,kha-n1906-003074,shiah-buit,shiah-buit,noun,compound,213,0.975,no,pending,yes
3427,n1906-035,27,2:compound-or-multiword,kha-n1906-003200,shiin-thlongmluh-thlongsying,shiin-thlongmluh-thlongsying,phrase,compound,221,0.975,no,pending,yes
3428,n1906-035,28,2:compound-or-multiword,kha-n1906-003100,shiliang-khmat,shiliang-khmat,adverb,compound,214,0.975,no,pending,yes
3429,n1906-035,29,2:compound-or-multiword,kha-n1906-003101,shiliang-shiliang,shiliang-shiliang,noun,reduplication,214,0.975,no,pending,yes
3430,n1906-035,30,2:compound-or-multiword,kha-n1906-003104,shim-bteng,shim-bteng,verb,compound,214,0.975,no,pending,yes
3431,n1906-035,31,2:compound-or-multiword,kha-n1906-003105,shim-khyndew,shim-khyndew,verb,compound,215,0.975,no,pending,yes
3432,n1906-035,32,2:compound-or-multiword,kha-n1906-003108,shim-shah,shim-shah,verb,compound,215,0.975,no,pending,yes
3433,n1906-035,33,2:compound-or-multiword,kha-n1906-003109,shim-siew,shim-siew,verb,compound,215,0.975,no,pending,yes
3434,n1906-035,34,2:compound-or-multiword,kha-n1906-003123,shit-dang,shit-dang,verb,compound,216,0.975,no,pending,yes
3435,n1906-035,35,2:compound-or-multiword,kha-n1906-003128,shit-rhem,shit-rhem,verb,compound,216,0.975,no,pending,yes
3436,n1906-035,36,2:compound-or-multiword,kha-n1906-002997,shiul-sawangki,shiul-sawangki,verb,compound,209,0.975,no,pending,yes
3437,n1906-035,37,2:compound-or-multiword,kha-n1906-003175,shoh-'niangkur,shoh-'niangkur,verb,compound,219,0.975,no,pending,yes
3438,n1906-035,38,2:compound-or-multiword,kha-n1906-003173,shoh-dap,shoh-dap,verb,compound,219,0.975,no,pending,yes
3439,n1906-035,39,2:compound-or-multiword,kha-n1906-003174,shoh-dohkha,shoh-dohkha,verb,compound,219,0.975,no,pending,yes
3440,n1906-035,40,2:compound-or-multiword,kha-n1906-003176,shoh-noh,shoh-noh,verb,compound,219,0.975,no,pending,yes
3441,n1906-035,41,2:compound-or-multiword,kha-n1906-003177,shoh-samthiah,shoh-samthiah,verb,compound,219,0.975,no,pending,yes
3442,n1906-035,42,2:compound-or-multiword,kha-n1906-003178,shoh-thah,shoh-thah,noun,compound,219,0.975,no,pending,yes
3443,n1906-035,43,2:compound-or-multiword,kha-n1906-003143,shong-basa,shong-basa,verb,compound,217,0.975,no,pending,yes
3444,n1906-035,44,2:compound-or-multiword,kha-n1906-003157,shong-dor,shong-dor,verb,compound,218,0.975,no,pending,yes
3445,n1906-035,45,2:compound-or-multiword,kha-n1906-003161,shong-fiiangrait-hoh,shong-fiiangrait-hoh,adjective,compound,218,0.975,no,pending,yes
3446,n1906-035,46,2:compound-or-multiword,kha-n1906-003145,shong-kha,shong-kha,verb,compound,217,0.975,no,pending,yes
3447,n1906-035,47,2:compound-or-multiword,kha-n1906-003158,shong-lyng-ngeit,shong-lyng-ngeit,verb,compound,218,0.975,no,pending,yes
3448,n1906-035,48,2:compound-or-multiword,kha-n1906-003159,shong-mangkariang,shong-mangkariang,adjective,compound,218,0.975,no,pending,yes
3449,n1906-035,49,2:compound-or-multiword,kha-n1906-003160,shong-niang-raitliang,shong-niang-raitliang,adjective,compound,218,0.975,no,pending,yes
3450,n1906-035,50,2:compound-or-multiword,kha-n1906-003162,shong-per,shong-per,adjective,compound,218,0.975,no,pending,yes
3451,n1906-035,51,2:compound-or-multiword,kha-n1906-003163,shong-rait-hoh,shong-rait-hoh,adjective,compound,218,0.975,no,pending,yes
3452,n1906-035,52,2:compound-or-multiword,kha-n1906-003168,shong-shiliangkhmat,shong-shiliangkhmat,adjective,compound,218,0.975,no,pending,yes
3453,n1906-035,53,2:compound-or-multiword,kha-n1906-003166,shong-sngi,shong-sngi,verb,compound,218,0.975,no,pending,yes
3454,n1906-035,54,2:compound-or-multiword,kha-n1906-003172,shong-thap,shong-thap,verb,compound,219,0.975,no,pending,yes
3455,n1906-035,55,2:compound-or-multiword,kha-n1906-003152,shongkyllaifi-mungor,shongkyllaifi-mungor,verb,compound,218,0.975,no,pending,yes
3456,n1906-035,56,2:compound-or-multiword,kha-n1906-003197,shun-dewiong,shun-dewiong,noun,compound,221,0.975,no,pending,yes
3457,n1906-035,57,2:compound-or-multiword,kha-n1906-003198,shun-dieng,shun-dieng,noun,compound,221,0.975,no,pending,yes
3458,n1906-035,58,2:compound-or-multiword,kha-n1906-003195,shun-kot,shun-kot,noun,compound,221,0.975,no,pending,yes
3459,n1906-035,59,2:compound-or-multiword,kha-n1906-003196,shun-kpu,shun-kpu,noun,compound,221,0.975,no,pending,yes
3460,n1906-035,60,2:compound-or-multiword,kha-n1906-003199,shun-maw,shun-maw,noun,compound,221,0.975,no,pending,yes
3461,n1906-035,61,2:compound-or-multiword,kha-n1906-003208,shyllip-nud,shyllip-nud,noun,compound,221,0.975,no,pending,yes
3462,n1906-035,62,2:compound-or-multiword,kha-n1906-003205,shyng-iar,shyng-iar,noun,compound,221,0.975,no,pending,yes
3463,n1906-035,63,2:compound-or-multiword,kha-n1906-003216,shynroin-riap,shynroin-riap,adjective,compound,222,0.975,no,pending,yes
3464,n1906-035,64,2:compound-or-multiword,kha-n1906-003239,'si-kliar,'si-kliar,noun,compound,223,0.975,no,pending,yes
3465,n1906-035,65,2:compound-or-multiword,kha-n1906-003252,'si-met,'si-met,noun,compound,225,0.975,no,pending,yes
3466,n1906-035,66,2:compound-or-multiword,kha-n1906-003235,sia-shi-sia,sia-shi-sia,adverb,compound,223,0.975,no,pending,yes
3467,n1906-035,67,2:compound-or-multiword,kha-n1906-003234,sia-sia,sia-sia,adverb,reduplication,223,0.975,no,pending,yes
3468,n1906-035,68,2:compound-or-multiword,kha-n1906-003230,siar-long-kha,siar-long-kha,noun,compound,223,0.975,no,pending,yes
3469,n1906-035,69,2:compound-or-multiword,kha-n1906-003231,siar-shrong,siar-shrong,noun,compound,223,0.975,no,pending,yes
3470,n1906-035,70,2:compound-or-multiword,kha-n1906-003232,'siar-sla,'siar-sla,noun,compound,223,0.975,no,pending,yes
3471,n1906-035,71,2:compound-or-multiword,kha-n1906-003233,'siar-tylli,'siar-tylli,noun,compound,223,0.975,no,pending,yes
3472,n1906-035,72,2:compound-or-multiword,kha-n1906-003236,siat-jingmut,siat-jingmut,verb,compound,223,0.975,no,pending,yes
3473,n1906-035,73,2:compound-or-multiword,kha-n1906-003237,siat-shon-shiw,siat-shon-shiw,verb,compound,223,0.975,no,pending,yes
3474,n1906-035,74,2:compound-or-multiword,kha-n1906-003238,siaw-siaw,siaw-siaw,adverb,reduplication,223,0.975,no,pending,yes
3475,n1906-035,75,2:compound-or-multiword,kha-n1906-003382,siih-dong,siih-dong,verb,compound,234,0.975,no,pending,yes
3476,n1906-035,76,2:compound-or-multiword,kha-n1906-003379,siih-khun,siih-khun,verb,compound,234,0.975,no,pending,yes
3477,n1906-035,77,2:compound-or-multiword,kha-n1906-003386,siih-ot,siih-ot,noun,compound,234,0.975,no,pending,yes
3478,n1906-035,78,2:compound-or-multiword,kha-n1906-003387,siih-pynpur,siih-pynpur,noun,compound,234,0.975,no,pending,yes
3479,n1906-035,79,2:compound-or-multiword,kha-n1906-003389,siih-synri,siih-synri,noun,compound,234,0.975,no,pending,yes
3480,n1906-035,80,2:compound-or-multiword,kha-n1906-003392,siih-tyngka,siih-tyngka,verb,compound,234,0.975,no,pending,yes
3481,n1906-035,81,2:compound-or-multiword,kha-n1906-003253,sim-ldi-dieng,sim-ldi-dieng,noun,compound,225,0.975,no,pending,yes
3482,n1906-035,82,2:compound-or-multiword,kha-n1906-003254,sim-puhdieng,sim-puhdieng,noun,compound,225,0.975,no,pending,yes
3483,n1906-035,83,2:compound-or-multiword,kha-n1906-003250,'sing-nalai,'sing-nalai,noun,compound,225,0.975,no,pending,yes
3484,n1906-035,84,2:compound-or-multiword,kha-n1906-003258,siw-siw-siaw-siaw,siw-siw-siaw-siaw,adverb,reduplication,226,0.975,no,pending,yes
3485,n1906-035,85,2:compound-or-multiword,kha-n1906-002943,skop-khuiang,skop-khuiang,noun,compound,205,0.975,no,pending,yes
3486,n1906-035,86,2:compound-or-multiword,kha-n1906-003290,smir-thapbawa,smir-thapbawa,noun,compound,227,0.975,no,pending,yes
3487,n1906-035,87,2:compound-or-multiword,kha-n1906-002960,sngew-diaw,sngew-diaw,verb,compound,207,0.975,no,pending,yes
3488,n1906-035,88,2:compound-or-multiword,kha-n1906-002970,sngew-niun,sngew-niun,verb,compound,207,0.975,no,pending,yes
3489,n1906-035,89,2:compound-or-multiword,kha-n1906-002974,sngewsyn-ei,sngewsyn-ei,verb,compound,207,0.975,no,pending,yes
3490,n1906-035,90,2:compound-or-multiword,kha-n1906-002978,sngi-palci,sngi-palci,noun,compound,208,0.975,no,pending,yes
3491,n1906-035,91,2:compound-or-multiword,kha-n1906-002979,sngi-poh-ia,sngi-poh-ia,noun,compound,208,0.975,no,pending,yes
3492,n1906-035,92,2:compound-or-multiword,kha-n1906-002980,sngi-thohdieng,sngi-thohdieng,noun,compound,208,0.975,no,pending,yes
3493,n1906-035,93,2:compound-or-multiword,kha-n1906-002981,sngi-u-blei,sngi-u-blei,noun,compound,208,0.975,no,pending,yes
3494,n1906-035,94,2:compound-or-multiword,kha-n1906-002955,sngjiid-diengthang,sngjiid-diengthang,adjective,compound,206,0.975,no,pending,yes
3495,n1906-035,95,2:compound-or-multiword,kha-n1906-003283,snieh-doh,snieh-doh,noun,compound,227,0.975,no,pending,yes
3496,n1906-035,96,2:compound-or-multiword,kha-n1906-003287,sniew- jew,sniew- jew,adjective,phrase,227,0.975,no,pending,yes
3497,n1906-035,97,2:compound-or-multiword,kha-n1906-003286,sniew-bok,sniew-bok,adjective,compound,227,0.975,no,pending,yes
3498,n1906-035,98,2:compound-or-multiword,kha-n1906-003314,sob- mad,sob- mad,noun,phrase,229,0.975,no,pending,yes
3499,n1906-035,99,2:compound-or-multiword,kha-n1906-003293,soh-brdi,soh-brdi,noun,compound,228,0.975,no,pending,yes
3500,n1906-035,100,2:compound-or-multiword,kha-n1906-003294,soh-broi,soh-broi,noun,compound,228,0.975,no,pending,yes
3501,n1906-036,1,2:compound-or-multiword,kha-n1906-003295,soh-byrthit,soh-byrthit,noun,compound,228,0.975,no,pending,yes
3502,n1906-036,2,2:compound-or-multiword,kha-n1906-003308,soh-jew,soh-jew,noun,compound,229,0.975,no,pending,yes
3503,n1906-036,3,2:compound-or-multiword,kha-n1906-003299,soh-khdw-iong,soh-khdw-iong,noun,compound,228,0.975,no,pending,yes
3504,n1906-036,4,2:compound-or-multiword,kha-n1906-003305,soh-kynphor,soh-kynphor,noun,compound,229,0.975,no,pending,yes
3505,n1906-036,5,2:compound-or-multiword,kha-n1906-003306,soh-kyrbam,soh-kyrbam,noun,compound,229,0.975,no,pending,yes
3506,n1906-036,6,2:compound-or-multiword,kha-n1906-003310,soh-lah,soh-lah,noun,compound,229,0.975,no,pending,yes
3507,n1906-036,7,2:compound-or-multiword,kha-n1906-003309,soh-lang,soh-lang,noun,compound,229,0.975,no,pending,yes
3508,n1906-036,8,2:compound-or-multiword,kha-n1906-003311,soh-liang,soh-liang,noun,compound,229,0.975,no,pending,yes
3509,n1906-036,9,2:compound-or-multiword,kha-n1906-003312,soh-lyngkait,soh-lyngkait,noun,compound,229,0.975,no,pending,yes
3510,n1906-036,10,2:compound-or-multiword,kha-n1906-003315,soh-manir,soh-manir,noun,compound,230,0.975,no,pending,yes
3511,n1906-036,11,2:compound-or-multiword,kha-n1906-003319,soh-mylleng,soh-mylleng,noun,compound,230,0.975,no,pending,yes
3512,n1906-036,12,2:compound-or-multiword,kha-n1906-003320,soh-myndong,soh-myndong,noun,compound,230,0.975,no,pending,yes
3513,n1906-036,13,2:compound-or-multiword,kha-n1906-003321,soh-myntait,soh-myntait,noun,compound,230,0.975,no,pending,yes
3514,n1906-036,14,2:compound-or-multiword,kha-n1906-003322,soh-nepbah,soh-nepbah,noun,compound,230,0.975,no,pending,yes
3515,n1906-036,15,2:compound-or-multiword,kha-n1906-003307,soh-ngang,soh-ngang,noun,compound,229,0.975,no,pending,yes
3516,n1906-036,16,2:compound-or-multiword,kha-n1906-003326,soh-padoi,soh-padoi,verb,compound,230,0.975,no,pending,yes
3517,n1906-036,17,2:compound-or-multiword,kha-n1906-003327,soh-pai,soh-pai,noun,compound,230,0.975,no,pending,yes
3518,n1906-036,18,2:compound-or-multiword,kha-n1906-003328,soh-pairah,soh-pairah,noun,compound,230,0.975,no,pending,yes
3519,n1906-036,19,2:compound-or-multiword,kha-n1906-003329,soh-pdok,soh-pdok,noun,compound,230,0.975,no,pending,yes
3520,n1906-036,20,2:compound-or-multiword,kha-n1906-003330,soh-pdung,soh-pdung,noun,compound,230,0.975,no,pending,yes
3521,n1906-036,21,2:compound-or-multiword,kha-n1906-003331,soh-pet,soh-pet,noun,compound,230,0.975,no,pending,yes
3522,n1906-036,22,2:compound-or-multiword,kha-n1906-003332,soh-phan,soh-phan,noun,compound,230,0.975,no,pending,yes
3523,n1906-036,23,2:compound-or-multiword,kha-n1906-003336,soh-pieng,soh-pieng,noun,compound,231,0.975,no,pending,yes
3524,n1906-036,24,2:compound-or-multiword,kha-n1906-003337,soh-pong,soh-pong,noun,compound,231,0.975,no,pending,yes
3525,n1906-036,25,2:compound-or-multiword,kha-n1906-003338,soh-prew,soh-prew,noun,compound,231,0.975,no,pending,yes
3526,n1906-036,26,2:compound-or-multiword,kha-n1906-003339,soh-pri-am,soh-pri-am,noun,compound,231,0.975,no,pending,yes
3527,n1906-036,27,2:compound-or-multiword,kha-n1906-003340,soh-pyrshit,soh-pyrshit,noun,compound,231,0.975,no,pending,yes
3528,n1906-036,28,2:compound-or-multiword,kha-n1906-003341,soh-pyrshong,soh-pyrshong,noun,compound,231,0.975,no,pending,yes
3529,n1906-036,29,2:compound-or-multiword,kha-n1906-003343,soh-ramdieng,soh-ramdieng,noun,compound,231,0.975,no,pending,yes
3530,n1906-036,30,2:compound-or-multiword,kha-n1906-003344,soh-ryngkham,soh-ryngkham,noun,compound,231,0.975,no,pending,yes
3531,n1906-036,31,2:compound-or-multiword,kha-n1906-003298,sohkhaw-ryndang,sohkhaw-ryndang,noun,compound,228,0.975,no,pending,yes
3532,n1906-036,32,2:compound-or-multiword,kha-n1906-003302,sohkhrut-sohkhret,sohkhrut-sohkhret,adjective,compound,228,0.975,no,pending,yes
3533,n1906-036,33,2:compound-or-multiword,kha-n1906-003335,sohphoh-nongkhhiw,sohphoh-nongkhhiw,noun,compound,231,0.975,no,pending,yes
3534,n1906-036,34,2:compound-or-multiword,kha-n1906-003345,soli-slianglew,soli-slianglew,noun,compound,231,0.975,no,pending,yes
3535,n1906-036,35,2:compound-or-multiword,kha-n1906-003350,sop-bajar,sop-bajar,verb,compound,232,0.975,no,pending,yes
3536,n1906-036,36,2:compound-or-multiword,kha-n1906-003351,sop-sarang,sop-sarang,verb,compound,232,0.975,no,pending,yes
3537,n1906-036,37,2:compound-or-multiword,kha-n1906-003359,spiid-san,spiid-san,adjective,compound,233,0.975,no,pending,yes
3538,n1906-036,38,2:compound-or-multiword,kha-n1906-003367,step-phyrngap,step-phyrngap,adverb,compound,233,0.975,no,pending,yes
3539,n1906-036,39,2:compound-or-multiword,kha-n1906-003373,suba-ni,suba-ni,adverb,compound,233,0.975,no,pending,yes
3540,n1906-036,40,2:compound-or-multiword,kha-n1906-003383,suh-jyllai,suh-jyllai,verb,compound,234,0.975,no,pending,yes
3541,n1906-036,41,2:compound-or-multiword,kha-n1906-003384,suh-jyndong,suh-jyndong,verb,compound,234,0.975,no,pending,yes
3542,n1906-036,42,2:compound-or-multiword,kha-n1906-003380,suh-khylliap,suh-khylliap,noun,compound,234,0.975,no,pending,yes
3543,n1906-036,43,2:compound-or-multiword,kha-n1906-003381,suh-kyndang,suh-kyndang,verb,compound,234,0.975,no,pending,yes
3544,n1906-036,44,2:compound-or-multiword,kha-n1906-003385,suh-mar-iap,suh-mar-iap,verb,compound,234,0.975,no,pending,yes
3545,n1906-036,45,2:compound-or-multiword,kha-n1906-003388,suh-sieng,suh-sieng,adjective,compound,234,0.975,no,pending,yes
3546,n1906-036,46,2:compound-or-multiword,kha-n1906-003390,suh-tak,suh-tak,noun,compound,234,0.975,no,pending,yes
3547,n1906-036,47,2:compound-or-multiword,kha-n1906-003391,suh-thiecl,suh-thiecl,verb,compound,234,0.975,no,pending,yes
3548,n1906-036,48,2:compound-or-multiword,kha-n1906-003393,suid-khai,suid-khai,verb,compound,234,0.975,no,pending,yes
3549,n1906-036,49,2:compound-or-multiword,kha-n1906-003394,'suid-lam-iap,'suid-lam-iap,noun,compound,235,0.975,no,pending,yes
3550,n1906-036,50,2:compound-or-multiword,kha-n1906-003395,'suid-nia,'suid-nia,noun,compound,235,0.975,no,pending,yes
3551,n1906-036,51,2:compound-or-multiword,kha-n1906-003396,suid-niew,suid-niew,verb,compound,235,0.975,no,pending,yes
3552,n1906-036,52,2:compound-or-multiword,kha-n1906-003397,'suit-nam,'suit-nam,noun,compound,235,0.975,no,pending,yes
3553,n1906-036,53,2:compound-or-multiword,kha-n1906-003399,suloi-shamok,suloi-shamok,noun,compound,235,0.975,no,pending,yes
3554,n1906-036,54,2:compound-or-multiword,kha-n1906-003406,sur-ang,sur-ang,verb,compound,236,0.975,no,pending,yes
3555,n1906-036,55,2:compound-or-multiword,kha-n1906-003407,sur-dam,sur-dam,verb,compound,236,0.975,no,pending,yes
3556,n1906-036,56,2:compound-or-multiword,kha-n1906-003408,sur-eitmat,sur-eitmat,verb,compound,236,0.975,no,pending,yes
3557,n1906-036,57,2:compound-or-multiword,kha-n1906-003409,sur-eitmut,sur-eitmut,verb,compound,236,0.975,no,pending,yes
3558,n1906-036,58,2:compound-or-multiword,kha-n1906-003426,syng-it,syng-it,adjective,compound,237,0.975,no,pending,yes
3559,n1906-036,59,2:compound-or-multiword,kha-n1906-003427,syng-it-ldm,syng-it-ldm,noun,compound,237,0.975,no,pending,yes
3560,n1906-036,60,2:compound-or-multiword,kha-n1906-003418,syngkai-bamon,syngkai-bamon,noun,compound,236,0.975,no,pending,yes
3561,n1906-036,61,2:compound-or-multiword,kha-n1906-003420,syngken-kurim,syngken-kurim,noun,compound,237,0.975,no,pending,yes
3562,n1906-036,62,2:compound-or-multiword,kha-n1906-003464,syntiew-khmut,syntiew-khmut,noun,compound,239,0.975,no,pending,yes
3563,n1906-036,63,2:compound-or-multiword,kha-n1906-003477,tad-ynda,tad-ynda,adverb,compound,240,0.975,no,pending,yes
3564,n1906-036,64,2:compound-or-multiword,kha-n1906-003486,tai-tai,tai-tai,adverb,reduplication,241,0.975,no,pending,yes
3565,n1906-036,65,2:compound-or-multiword,kha-n1906-003490,tait-kur,tait-kur,verb,compound,241,0.975,no,pending,yes
3566,n1906-036,66,2:compound-or-multiword,kha-n1906-003500,tamtuin-tamtain,tamtuin-tamtain,adverb,compound,241,0.975,no,pending,yes
3567,n1906-036,67,2:compound-or-multiword,kha-n1906-003479,tang ba'n ndm,tang ba'n ndm,phrase,phrase,240,0.975,no,pending,yes
3568,n1906-036,68,2:compound-or-multiword,kha-n1906-003480,'tang-duma,'tang-duma,noun,compound,240,0.975,no,pending,yes
3569,n1906-036,69,2:compound-or-multiword,kha-n1906-003483,tangon-u-lymban,tangon-u-lymban,noun,compound,240,0.975,no,pending,yes
3570,n1906-036,70,2:compound-or-multiword,kha-n1906-003503,tap-khar-lyngngoh,tap-khar-lyngngoh,verb,compound,242,0.975,no,pending,yes
3571,n1906-036,71,2:compound-or-multiword,kha-n1906-003504,tap-la wbei,tap-la wbei,verb,phrase,242,0.975,no,pending,yes
3572,n1906-036,72,2:compound-or-multiword,kha-n1906-003505,tap-lubri,tap-lubri,verb,compound,242,0.975,no,pending,yes
3573,n1906-036,73,2:compound-or-multiword,kha-n1906-003506,tap-mohkhlieh,tap-mohkhlieh,noun,compound,242,0.975,no,pending,yes
3574,n1906-036,74,2:compound-or-multiword,kha-n1906-003507,tap-rngiew,tap-rngiew,verb,compound,242,0.975,no,pending,yes
3575,n1906-036,75,2:compound-or-multiword,kha-n1906-003508,tap-thawlang,tap-thawlang,verb,compound,242,0.975,no,pending,yes
3576,n1906-036,76,2:compound-or-multiword,kha-n1906-003484,taug-sdw,taug-sdw,noun,compound,240,0.975,no,pending,yes
3577,n1906-036,77,2:compound-or-multiword,kha-n1906-003520,tdaw-tdaw,tdaw-tdaw,adverb,reduplication,243,0.975,no,pending,yes
3578,n1906-036,78,2:compound-or-multiword,kha-n1906-003489,tdin-tdin,tdin-tdin,adverb,reduplication,241,0.975,no,pending,yes
3579,n1906-036,79,2:compound-or-multiword,kha-n1906-003522,tdit-tdot,tdit-tdot,adverb,compound,243,0.975,no,pending,yes
3580,n1906-036,80,2:compound-or-multiword,kha-n1906-003524,tdong-bohkhaila,tdong-bohkhaila,noun,compound,244,0.975,no,pending,yes
3581,n1906-036,81,2:compound-or-multiword,kha-n1906-003525,tdong-sier,tdong-sier,noun,compound,244,0.975,no,pending,yes
3582,n1906-036,82,2:compound-or-multiword,kha-n1906-003531,teh'sai-iong,teh'sai-iong,verb,compound,244,0.975,no,pending,yes
3583,n1906-036,83,2:compound-or-multiword,kha-n1906-003529,teh-kirmit,teh-kirmit,verb,compound,244,0.975,no,pending,yes
3584,n1906-036,84,2:compound-or-multiword,kha-n1906-003530,teh-ktien,teh-ktien,verb,compound,244,0.975,no,pending,yes
3585,n1906-036,85,2:compound-or-multiword,kha-n1906-003532,tej-tej,tej-tej,adverb,reduplication,244,0.975,no,pending,yes
3586,n1906-036,86,2:compound-or-multiword,kha-n1906-003533,tep-eitmiaw,tep-eitmiaw,verb,compound,245,0.975,no,pending,yes
3587,n1906-036,87,2:compound-or-multiword,kha-n1906-003535,ter-lter,ter-lter,adverb,compound,245,0.975,no,pending,yes
3588,n1906-036,88,2:compound-or-multiword,kha-n1906-003536,ter-ter,ter-ter,adverb,reduplication,245,0.975,no,pending,yes
3589,n1906-036,89,2:compound-or-multiword,kha-n1906-003809,tfwei-u-dr,tfwei-u-dr,pronoun,compound,268,0.975,no,pending,yes
3590,n1906-036,90,2:compound-or-multiword,kha-n1906-003546,thang- jngap,thang- jngap,verb,phrase,245,0.975,no,pending,yes
3591,n1906-036,91,2:compound-or-multiword,kha-n1906-003545,thang-krei,thang-krei,verb,compound,245,0.975,no,pending,yes
3592,n1906-036,92,2:compound-or-multiword,kha-n1906-003548,thang-ram,thang-ram,verb,compound,246,0.975,no,pending,yes
3593,n1906-036,93,2:compound-or-multiword,kha-n1906-003547,thang-rang,thang-rang,adjective,compound,246,0.975,no,pending,yes
3594,n1906-036,94,2:compound-or-multiword,kha-n1906-003549,thang-rong,thang-rong,verb,compound,246,0.975,no,pending,yes
3595,n1906-036,95,2:compound-or-multiword,kha-n1906-003557,thap-ba-iong,thap-ba-iong,verb,compound,246,0.975,no,pending,yes
3596,n1906-036,96,2:compound-or-multiword,kha-n1906-003556,thap-ba-ngem,thap-ba-ngem,noun,compound,246,0.975,no,pending,yes
3597,n1906-036,97,2:compound-or-multiword,kha-n1906-003559,thap-basim,thap-basim,noun,compound,247,0.975,no,pending,yes
3598,n1906-036,98,2:compound-or-multiword,kha-n1906-003558,thap-bawa,thap-bawa,noun,compound,247,0.975,no,pending,yes
3599,n1906-036,99,2:compound-or-multiword,kha-n1906-003560,thap-biej,thap-biej,adjective,compound,247,0.975,no,pending,yes
3600,n1906-036,100,2:compound-or-multiword,kha-n1906-003561,thap-bulong,thap-bulong,noun,compound,247,0.975,no,pending,yes
3601,n1906-037,1,2:compound-or-multiword,kha-n1906-003564,thap-mrad,thap-mrad,verb,compound,247,0.975,no,pending,yes
3602,n1906-037,2,2:compound-or-multiword,kha-n1906-003565,thap-shrieli,thap-shrieli,verb,compound,247,0.975,no,pending,yes
3603,n1906-037,3,2:compound-or-multiword,kha-n1906-003567,tharu-thare,tharu-thare,adverb,compound,247,0.975,no,pending,yes
3604,n1906-037,4,2:compound-or-multiword,kha-n1906-003543,thdd-rong,thdd-rong,verb,compound,245,0.975,no,pending,yes
3605,n1906-037,5,2:compound-or-multiword,kha-n1906-003571,'thei-iaw,'thei-iaw,noun,compound,248,0.975,no,pending,yes
3606,n1906-037,6,2:compound-or-multiword,kha-n1906-003572,'thei-sotti,'thei-sotti,noun,compound,248,0.975,no,pending,yes
3607,n1906-037,7,2:compound-or-multiword,kha-n1906-003574,thep-mawbah,thep-mawbah,verb,compound,248,0.975,no,pending,yes
3608,n1906-037,8,2:compound-or-multiword,kha-n1906-003576,thet-thet,thet-thet,adverb,reduplication,248,0.975,no,pending,yes
3609,n1906-037,9,2:compound-or-multiword,kha-n1906-003588,thiah -jing-it,thiah -jing-it,verb,phrase,249,0.975,no,pending,yes
3610,n1906-037,10,2:compound-or-multiword,kha-n1906-003585,thiah-ang,thiah-ang,verb,compound,248,0.975,no,pending,yes
3611,n1906-037,11,2:compound-or-multiword,kha-n1906-003586,thiah-basa,thiah-basa,verb,compound,248,0.975,no,pending,yes
3612,n1906-037,12,2:compound-or-multiword,kha-n1906-003587,thiah-kai,thiah-kai,verb,compound,249,0.975,no,pending,yes
3613,n1906-037,13,2:compound-or-multiword,kha-n1906-003589,thiah-sngi,thiah-sngi,verb,compound,249,0.975,no,pending,yes
3614,n1906-037,14,2:compound-or-multiword,kha-n1906-003590,thiah-thdi,thiah-thdi,verb,compound,249,0.975,no,pending,yes
3615,n1906-037,15,2:compound-or-multiword,kha-n1906-003583,thiang -jngap,thiang -jngap,adjective,phrase,248,0.975,no,pending,yes
3616,n1906-037,16,2:compound-or-multiword,kha-n1906-003581,thiang-bluin,thiang-bluin,adjective,compound,248,0.975,no,pending,yes
3617,n1906-037,17,2:compound-or-multiword,kha-n1906-003582,thiang-byrjup,thiang-byrjup,adjective,compound,248,0.975,no,pending,yes
3618,n1906-037,18,2:compound-or-multiword,kha-n1906-003584,thiang-jlep,thiang-jlep,adjective,compound,248,0.975,no,pending,yes
3619,n1906-037,19,2:compound-or-multiword,kha-n1906-003595,thied-baibat,thied-baibat,verb,compound,249,0.975,no,pending,yes
3620,n1906-037,20,2:compound-or-multiword,kha-n1906-003596,thied-ei,thied-ei,verb,compound,249,0.975,no,pending,yes
3621,n1906-037,21,2:compound-or-multiword,kha-n1906-003597,thied-khutia,thied-khutia,verb,compound,249,0.975,no,pending,yes
3622,n1906-037,22,2:compound-or-multiword,kha-n1906-003598,thied-shah,thied-shah,verb,compound,249,0.975,no,pending,yes
3623,n1906-037,23,2:compound-or-multiword,kha-n1906-003563,thkp-ngap,thkp-ngap,adverb,compound,247,0.975,no,pending,yes
3624,n1906-037,24,2:compound-or-multiword,kha-n1906-003601,thlong-nar,thlong-nar,noun,compound,250,0.975,no,pending,yes
3625,n1906-037,25,2:compound-or-multiword,kha-n1906-003602,thma-ka-ktien,thma-ka-ktien,noun,compound,250,0.975,no,pending,yes
3626,n1906-037,26,2:compound-or-multiword,kha-n1906-003606,thnat-syiar,thnat-syiar,noun,compound,250,0.975,no,pending,yes
3627,n1906-037,27,2:compound-or-multiword,kha-n1906-003611,thoh lung-thoh leng,thoh lung-thoh leng,adverb,phrase,251,0.975,no,pending,yes
3628,n1906-037,28,2:compound-or-multiword,kha-n1906-003612,thoh mut-thoh mat,thoh mut-thoh mat,adjective,phrase,251,0.975,no,pending,yes
3629,n1906-037,29,2:compound-or-multiword,kha-n1906-003609,thoh-khalai-nusip,thoh-khalai-nusip,verb,compound,251,0.975,no,pending,yes
3630,n1906-037,30,2:compound-or-multiword,kha-n1906-003610,thoh-leng,thoh-leng,adjective,compound,251,0.975,no,pending,yes
3631,n1906-037,31,2:compound-or-multiword,kha-n1906-003613,thoin-thoin,thoin-thoin,adverb,reduplication,251,0.975,no,pending,yes
3632,n1906-037,32,2:compound-or-multiword,kha-n1906-003614,thor-thor,thor-thor,adverb,reduplication,251,0.975,no,pending,yes
3633,n1906-037,33,2:compound-or-multiword,kha-n1906-003617,thrait-thrait,thrait-thrait,adverb,reduplication,252,0.975,no,pending,yes
3634,n1906-037,34,2:compound-or-multiword,kha-n1906-003623,thuh-tang,thuh-tang,verb,compound,252,0.975,no,pending,yes
3635,n1906-037,35,2:compound-or-multiword,kha-n1906-003621,thung-shut,thung-shut,noun,compound,252,0.975,no,pending,yes
3636,n1906-037,36,2:compound-or-multiword,kha-n1906-003622,thung-tasam,thung-tasam,verb,compound,252,0.975,no,pending,yes
3637,n1906-037,37,2:compound-or-multiword,kha-n1906-003646,'ti-duh,'ti-duh,noun,compound,254,0.975,no,pending,yes
3638,n1906-037,38,2:compound-or-multiword,kha-n1906-003647,tied-u-pyrthat,tied-u-pyrthat,noun,compound,254,0.975,no,pending,yes
3639,n1906-037,39,2:compound-or-multiword,kha-n1906-003648,'tien-bania,'tien-bania,noun,compound,255,0.975,no,pending,yes
3640,n1906-037,40,2:compound-or-multiword,kha-n1906-003649,'tien-biria,'tien-biria,noun,compound,255,0.975,no,pending,yes
3641,n1906-037,41,2:compound-or-multiword,kha-n1906-003650,'tien-jali-ja-um,'tien-jali-ja-um,noun,compound,255,0.975,no,pending,yes
3642,n1906-037,42,2:compound-or-multiword,kha-n1906-003651,'tien-lyngkut,'tien-lyngkut,noun,compound,255,0.975,no,pending,yes
3643,n1906-037,43,2:compound-or-multiword,kha-n1906-003652,'tien-tharshiah,'tien-tharshiah,noun,compound,255,0.975,no,pending,yes
3644,n1906-037,44,2:compound-or-multiword,kha-n1906-003653,'tien-woh-nia,'tien-woh-nia,noun,compound,255,0.975,no,pending,yes
3645,n1906-037,45,2:compound-or-multiword,kha-n1906-003657,'tiew-jalyngksiang,'tiew-jalyngksiang,noun,compound,256,0.975,no,pending,yes
3646,n1906-037,46,2:compound-or-multiword,kha-n1906-003654,'tiew-knup mawiang,'tiew-knup mawiang,noun,phrase,255,0.975,no,pending,yes
3647,n1906-037,47,2:compound-or-multiword,kha-n1906-003658,'tiew-lasubon,'tiew-lasubon,noun,compound,256,0.975,no,pending,yes
3648,n1906-037,48,2:compound-or-multiword,kha-n1906-003660,'tiew-thylliej-tangmuri,'tiew-thylliej-tangmuri,noun,compound,256,0.975,no,pending,yes
3649,n1906-037,49,2:compound-or-multiword,kha-n1906-003642,tik-shi-tik,tik-shi-tik,adverb,compound,254,0.975,no,pending,yes
3650,n1906-037,50,2:compound-or-multiword,kha-n1906-003643,tika-bamon,tika-bamon,noun,compound,254,0.975,no,pending,yes
3651,n1906-037,51,2:compound-or-multiword,kha-n1906-003662,tip-briew,tip-briew,verb,compound,257,0.975,no,pending,yes
3652,n1906-037,52,2:compound-or-multiword,kha-n1906-003663,tip-ei,tip-ei,phrase,compound,257,0.975,no,pending,yes
3653,n1906-037,53,2:compound-or-multiword,kha-n1906-003664,tip-ma,tip-ma,conjunction,compound,257,0.975,no,pending,yes
3654,n1906-037,54,2:compound-or-multiword,kha-n1906-003666,tip-sngi,tip-sngi,adjective,compound,257,0.975,no,pending,yes
3655,n1906-037,55,2:compound-or-multiword,kha-n1906-003667,tip-tlmh-tip dai,tip-tlmh-tip dai,verb,phrase,257,0.975,no,pending,yes
3656,n1906-037,56,2:compound-or-multiword,kha-n1906-003668,tir-shi-tir,tir-shi-tir,adverb,compound,257,0.975,no,pending,yes
3657,n1906-037,57,2:compound-or-multiword,kha-n1906-003656,'tisw-eit,'tisw-eit,noun,compound,255,0.975,no,pending,yes
3658,n1906-037,58,2:compound-or-multiword,kha-n1906-003669,tit-thnat-syiar,tit-thnat-syiar,noun,compound,257,0.975,no,pending,yes
3659,n1906-037,59,2:compound-or-multiword,kha-n1906-003783,tjm-jakar,tjm-jakar,noun,compound,266,0.975,no,pending,yes
3660,n1906-037,60,2:compound-or-multiword,kha-n1906-003786,tjm-mat,tjm-mat,noun,compound,266,0.975,no,pending,yes
3661,n1906-037,61,2:compound-or-multiword,kha-n1906-003787,tjm-mluh,tjm-mluh,noun,compound,267,0.975,no,pending,yes
3662,n1906-037,62,2:compound-or-multiword,kha-n1906-003789,tjm-rieng,tjm-rieng,noun,compound,267,0.975,no,pending,yes
3663,n1906-037,63,2:compound-or-multiword,kha-n1906-003791,tjm-syep,tjm-syep,noun,compound,267,0.975,no,pending,yes
3664,n1906-037,64,2:compound-or-multiword,kha-n1906-003792,tjm-thet,tjm-thet,noun,compound,267,0.975,no,pending,yes
3665,n1906-037,65,2:compound-or-multiword,kha-n1906-003798,tjr-met,tjr-met,noun,compound,267,0.975,no,pending,yes
3666,n1906-037,66,2:compound-or-multiword,kha-n1906-003803,tjtai-tai,tjtai-tai,pronoun,compound,268,0.975,no,pending,yes
3667,n1906-037,67,2:compound-or-multiword,kha-n1906-003810,tjwei pat,tjwei pat,phrase,phrase,268,0.975,no,pending,yes
3668,n1906-037,68,2:compound-or-multiword,kha-n1906-003808,tjwei-la-uwei,tjwei-la-uwei,pronoun,compound,268,0.975,no,pending,yes
3669,n1906-037,69,2:compound-or-multiword,kha-n1906-003519,tkai-tkai,tkai-tkai,adverb,reduplication,243,0.975,no,pending,yes
3670,n1906-037,70,2:compound-or-multiword,kha-n1906-003562,tliap-u-ddp,tliap-u-ddp,noun,compound,247,0.975,no,pending,yes
3671,n1906-037,71,2:compound-or-multiword,kha-n1906-003678,tm lifi-khli,tm lifi-khli,noun,phrase,258,0.975,no,pending,yes
3672,n1906-037,72,2:compound-or-multiword,kha-n1906-003689,toin-toifi,toin-toifi,adverb,compound,259,0.975,no,pending,yes
3673,n1906-037,73,2:compound-or-multiword,kha-n1906-003693,trf'ii-shnong,trf'ii-shnong,noun,compound,259,0.975,no,pending,yes
3674,n1906-037,74,2:compound-or-multiword,kha-n1906-003701,trud iawbei,trud iawbei,noun,phrase,260,0.975,no,pending,yes
3675,n1906-037,75,2:compound-or-multiword,kha-n1906-003703,tuh-t aga briew,tuh-t aga briew,verb,phrase,260,0.975,no,pending,yes
3676,n1906-037,76,2:compound-or-multiword,kha-n1906-003705,tuma-tuma,tuma-tuma,adverb,reduplication,260,0.975,no,pending,yes
3677,n1906-037,77,2:compound-or-multiword,kha-n1906-003708,tur-iap,tur-iap,verb,compound,261,0.975,no,pending,yes
3678,n1906-037,78,2:compound-or-multiword,kha-n1906-003734,tyllai-snwali,tyllai-snwali,noun,compound,263,0.975,no,pending,yes
3679,n1906-037,79,2:compound-or-multiword,kha-n1906-003737,tylli-tyllan,tylli-tyllan,adverb,compound,263,0.975,no,pending,yes
3680,n1906-037,80,2:compound-or-multiword,kha-n1906-003747,tyndi-tynda,tyndi-tynda,adverb,compound,264,0.975,no,pending,yes
3681,n1906-037,81,2:compound-or-multiword,kha-n1906-003714,tyng-ab,tyng-ab,noun,compound,261,0.975,no,pending,yes
3682,n1906-037,82,2:compound-or-multiword,kha-n1906-003715,tyng-am,tyng-am,noun,compound,261,0.975,no,pending,yes
3683,n1906-037,83,2:compound-or-multiword,kha-n1906-003716,tyng-am-duh,tyng-am-duh,noun,compound,261,0.975,no,pending,yes
3684,n1906-037,84,2:compound-or-multiword,kha-n1906-003726,tyng-eh,tyng-eh,adverb,compound,262,0.975,no,pending,yes
3685,n1906-037,85,2:compound-or-multiword,kha-n1906-003729,tyng-ier,tyng-ier,noun,compound,262,0.975,no,pending,yes
3686,n1906-037,86,2:compound-or-multiword,kha-n1906-003728,tyng-in,tyng-in,verb,compound,262,0.975,no,pending,yes
3687,n1906-037,87,2:compound-or-multiword,kha-n1906-003761,tyr-a,tyr-a,noun,compound,265,0.975,no,pending,yes
3688,n1906-037,88,2:compound-or-multiword,kha-n1906-003774,tyr-ut,tyr-ut,noun,compound,266,0.975,no,pending,yes
3689,n1906-037,89,2:compound-or-multiword,kha-n1906-003773,tyrthup-um,tyrthup-um,noun,compound,266,0.975,no,pending,yes
3690,n1906-037,90,2:compound-or-multiword,kha-n1906-003778,u'm,u'm,phrase,phrase,266,0.975,no,pending,yes
3691,n1906-037,91,2:compound-or-multiword,kha-n1906-003777,u-ei,u-ei,pronoun,compound,266,0.975,no,pending,yes
3692,n1906-037,92,2:compound-or-multiword,kha-n1906-002253,'uam-tympem,'uam-tympem,noun,compound,155,0.975,no,pending,yes
3693,n1906-037,93,2:compound-or-multiword,kha-n1906-003779,um-bah,um-bah,adjective,compound,266,0.975,no,pending,yes
3694,n1906-037,94,2:compound-or-multiword,kha-n1906-003781,um-koi,um-koi,noun,compound,266,0.975,no,pending,yes
3695,n1906-037,95,2:compound-or-multiword,kha-n1906-003790,um-sliit,um-sliit,noun,compound,267,0.975,no,pending,yes
3696,n1906-037,96,2:compound-or-multiword,kha-n1906-003793,um-thlong,um-thlong,noun,compound,267,0.975,no,pending,yes
3697,n1906-037,97,2:compound-or-multiword,kha-n1906-003796,uno-re-uno,uno-re-uno,pronoun,compound,267,0.975,no,pending,yes
3698,n1906-037,98,2:compound-or-multiword,kha-n1906-003797,uno-uno,uno-uno,pronoun,reduplication,267,0.975,no,pending,yes
3699,n1906-037,99,2:compound-or-multiword,kha-n1906-003799,urwir-urhap,urwir-urhap,verb,compound,267,0.975,no,pending,yes
3700,n1906-037,100,2:compound-or-multiword,kha-n1906-003801,ut-shi-ut,ut-shi-ut,adverb,compound,268,0.975,no,pending,yes
3701,n1906-038,1,2:compound-or-multiword,kha-n1906-003813,wad-lad,wad-lad,verb,compound,268,0.975,no,pending,yes
3702,n1906-038,2,2:compound-or-multiword,kha-n1906-003815,wad-phoi,wad-phoi,verb,compound,268,0.975,no,pending,yes
3703,n1906-038,3,2:compound-or-multiword,kha-n1906-003817,wah-bah,wah-bah,noun,compound,269,0.975,no,pending,yes
3704,n1906-038,4,2:compound-or-multiword,kha-n1906-003818,wah-duit,wah-duit,noun,compound,269,0.975,no,pending,yes
3705,n1906-038,5,2:compound-or-multiword,kha-n1906-003822,'wai-sohpari,'wai-sohpari,noun,compound,269,0.975,no,pending,yes
3706,n1906-038,6,2:compound-or-multiword,kha-n1906-003825,wai-wot,wai-wot,adverb,compound,269,0.975,no,pending,yes
3707,n1906-038,7,2:compound-or-multiword,kha-n1906-003824,wait-lyng-en,wait-lyng-en,noun,compound,269,0.975,no,pending,yes
3708,n1906-038,8,2:compound-or-multiword,kha-n1906-003829,wan-dm',wan-dm',verb,compound,270,0.975,no,pending,yes
3709,n1906-038,9,2:compound-or-multiword,kha-n1906-003828,wan-doh,wan-doh,verb,compound,270,0.975,no,pending,yes
3710,n1906-038,10,2:compound-or-multiword,kha-n1906-003830,wan-met,wan-met,verb,compound,270,0.975,no,pending,yes
3711,n1906-038,11,2:compound-or-multiword,kha-n1906-003831,wan-on,wan-on,verb,compound,270,0.975,no,pending,yes
3712,n1906-038,12,2:compound-or-multiword,kha-n1906-003832,wan-rwing,wan-rwing,verb,compound,270,0.975,no,pending,yes
3713,n1906-038,13,2:compound-or-multiword,kha-n1906-003833,wan-shaw,wan-shaw,verb,compound,270,0.975,no,pending,yes
3714,n1906-038,14,2:compound-or-multiword,kha-n1906-003834,wan-tan,wan-tan,verb,compound,270,0.975,no,pending,yes
3715,n1906-038,15,2:compound-or-multiword,kha-n1906-003835,wan-wu'-wan-hdp,wan-wu'-wan-hdp,verb,compound,270,0.975,no,pending,yes
3716,n1906-038,16,2:compound-or-multiword,kha-n1906-003819,'wdi-dong,'wdi-dong,noun,compound,269,0.975,no,pending,yes
3717,n1906-038,17,2:compound-or-multiword,kha-n1906-003839,wer-kynbat,wer-kynbat,verb,compound,270,0.975,no,pending,yes
3718,n1906-038,18,2:compound-or-multiword,kha-n1906-003840,wer-wer,wer-wer,adverb,reduplication,270,0.975,no,pending,yes
3719,n1906-038,19,2:compound-or-multiword,kha-n1906-003814,wiid-nia,wiid-nia,verb,compound,268,0.975,no,pending,yes
3720,n1906-038,20,2:compound-or-multiword,kha-n1906-003844,woh-nia,woh-nia,verb,compound,271,0.975,no,pending,yes
3721,n1906-038,21,2:compound-or-multiword,kha-n1906-003846,ym banse,ym banse,phrase,phrase,271,0.975,no,pending,yes
3722,n1906-038,22,2:compound-or-multiword,kha-n1906-003847,ym laplieng,ym laplieng,phrase,phrase,271,0.975,no,pending,yes
3723,n1906-038,23,2:compound-or-multiword,kha-n1906-003848,yn lei,yn lei,phrase,phrase,271,0.975,no,pending,yes
3724,n1906-038,24,2:compound-or-multiword,kha-n1906-003850,yn-nai,yn-nai,adverb,compound,271,0.975,no,pending,yes
3725,n1906-038,25,3:complex-historical-entry,kha-n1906-000033,'amduh,'amduh,noun,word,8,0.975,no,pending,yes
3726,n1906-038,26,3:complex-historical-entry,kha-n1906-000104,'bainong,'bainong,noun,word,12,0.975,no,pending,yes
3727,n1906-038,27,3:complex-historical-entry,kha-n1906-000107,'baiwai,'baiwai,noun,word,13,0.975,no,pending,yes
3728,n1906-038,28,3:complex-historical-entry,kha-n1906-000153,'bat,'bat,noun,word,15,0.975,no,pending,yes
3729,n1906-038,29,3:complex-historical-entry,kha-n1906-000189,bilat,bilat,noun,word,18,0.975,no,pending,yes
3730,n1906-038,30,3:complex-historical-entry,kha-n1906-002839,byntieh,byntieh,noun,word,198,0.975,no,pending,yes
3731,n1906-038,31,3:complex-historical-entry,kha-n1906-001166,'dait,'dait,noun,word,74,0.975,no,pending,yes
3732,n1906-038,32,3:complex-historical-entry,kha-n1906-001208,'dewiong,'dewiong,noun,word,76,0.975,no,pending,yes
3733,n1906-038,33,3:complex-historical-entry,kha-n1906-001206,'dewksang,'dewksang,noun,word,76,0.975,no,pending,yes
3734,n1906-038,34,3:complex-historical-entry,kha-n1906-001207,'dewkynroi,'dewkynroi,noun,word,76,0.975,no,pending,yes
3735,n1906-038,35,3:complex-historical-entry,kha-n1906-001209,'dewlynnong,'dewlynnong,noun,word,76,0.975,no,pending,yes
3736,n1906-038,36,3:complex-historical-entry,kha-n1906-001210,'dewmet,'dewmet,noun,word,76,0.975,no,pending,yes
3737,n1906-038,37,3:complex-historical-entry,kha-n1906-001211,'dewsaw,'dewsaw,noun,word,76,0.975,no,pending,yes
3738,n1906-038,38,3:complex-historical-entry,kha-n1906-001212,'dewshrah,'dewshrah,noun,word,76,0.975,no,pending,yes
3739,n1906-038,39,3:complex-historical-entry,kha-n1906-001213,'dewtrai,'dewtrai,noun,word,76,0.975,no,pending,yes
3740,n1906-038,40,3:complex-historical-entry,kha-n1906-001292,'dongtympew,'dongtympew,noun,word,81,0.975,no,pending,yes
3741,n1906-038,41,3:complex-historical-entry,kha-n1906-001361,dyngheng,dyngheng,adverb,word,85,0.975,no,pending,yes
3742,n1906-038,42,3:complex-historical-entry,kha-n1906-002746,ejiewhadem,ejiewhadem,noun,word,192,0.975,no,pending,yes
3743,n1906-038,43,3:complex-historical-entry,kha-n1906-001374,em,em,adverb,word,86,0.875,no,pending,yes
3744,n1906-038,44,3:complex-historical-entry,kha-n1906-001481,'hur,'hur,noun,word,94,0.975,no,pending,yes
3745,n1906-038,45,3:complex-historical-entry,kha-n1906-001493,hynroh,hynroh,noun,word,94,0.875,no,pending,yes
3746,n1906-038,46,3:complex-historical-entry,kha-n1906-001504,idwbei,idwbei,noun,word,101,0.975,no,pending,yes
3747,n1906-038,47,3:complex-historical-entry,kha-n1906-001919,'iiewlep,'iiewlep,noun,word,132,0.975,no,pending,yes
3748,n1906-038,48,3:complex-historical-entry,kha-n1906-001511,iktiar,iktiar,noun,word,102,0.875,no,pending,yes
3749,n1906-038,49,3:complex-historical-entry,kha-n1906-001615,janor,janor,noun,word,111,0.975,no,pending,yes
3750,n1906-038,50,3:complex-historical-entry,kha-n1906-000392,'kei,'kei,noun,word,29,0.975,no,pending,yes
3751,n1906-038,51,3:complex-historical-entry,kha-n1906-000402,'khabysein,'khabysein,noun,word,30,0.975,no,pending,yes
3752,n1906-038,52,3:complex-historical-entry,kha-n1906-000413,'khang,'khang,noun,word,31,0.975,no,pending,yes
3753,n1906-038,53,3:complex-historical-entry,kha-n1906-000417,'khangksiar,'khangksiar,noun,word,31,0.975,no,pending,yes
3754,n1906-038,54,3:complex-historical-entry,kha-n1906-000454,'kharang,'kharang,noun,word,33,0.975,no,pending,yes
3755,n1906-038,55,3:complex-historical-entry,kha-n1906-000457,'kharkaw,'kharkaw,noun,word,33,0.975,no,pending,yes
3756,n1906-038,56,3:complex-historical-entry,kha-n1906-000775,koidi,koidi,noun,word,53,0.875,no,pending,yes
3757,n1906-038,57,3:complex-historical-entry,kha-n1906-000866,'ksih,'ksih,noun,word,58,0.975,no,pending,yes
3758,n1906-038,58,3:complex-historical-entry,kha-n1906-003853,kyrhuh,kyrhuh,verb,word,271,0.975,no,pending,yes
3759,n1906-038,59,3:complex-historical-entry,kha-n1906-001767,'lakait,'lakait,noun,word,122,0.975,no,pending,yes
3760,n1906-038,60,3:complex-historical-entry,kha-n1906-001793,'laliar,'laliar,verb,word,123,0.975,no,pending,yes
3761,n1906-038,61,3:complex-historical-entry,kha-n1906-001797,'lamet,'lamet,noun,word,123,0.975,no,pending,yes
3762,n1906-038,62,3:complex-historical-entry,kha-n1906-001774,'langbrot,'langbrot,noun,word,122,0.975,no,pending,yes
3763,n1906-038,63,3:complex-historical-entry,kha-n1906-001775,'langkushi,'langkushi,noun,word,122,0.975,no,pending,yes
3764,n1906-038,64,3:complex-historical-entry,kha-n1906-001776,'langniuh,'langniuh,noun,word,122,0.975,no,pending,yes
3765,n1906-038,65,3:complex-historical-entry,kha-n1906-001777,'langsohmoh,'langsohmoh,noun,word,122,0.975,no,pending,yes
3766,n1906-038,66,3:complex-historical-entry,kha-n1906-001778,'langthohkhlieh,'langthohkhlieh,noun,word,122,0.975,no,pending,yes
3767,n1906-038,67,3:complex-historical-entry,kha-n1906-001827,'latyrpad,'latyrpad,noun,word,125,0.975,no,pending,yes
3768,n1906-038,68,3:complex-historical-entry,kha-n1906-001869,'lei,'lei,noun,word,128,0.975,no,pending,yes
3769,n1906-038,69,3:complex-historical-entry,kha-n1906-001870,'leikhuri,'leikhuri,noun,word,129,0.975,no,pending,yes
3770,n1906-038,70,3:complex-historical-entry,kha-n1906-001848,'lengkha,'lengkha,noun,word,127,0.975,no,pending,yes
3771,n1906-038,71,3:complex-historical-entry,kha-n1906-001849,'lengkpoh,'lengkpoh,noun,word,127,0.975,no,pending,yes
3772,n1906-038,72,3:complex-historical-entry,kha-n1906-001903,'liangdieng,'liangdieng,noun,word,131,0.975,no,pending,yes
3773,n1906-038,73,3:complex-historical-entry,kha-n1906-001915,'liengjathang,'liengjathang,noun,word,132,0.975,no,pending,yes
3774,n1906-038,74,3:complex-historical-entry,kha-n1906-001920,'liewlong,'liewlong,noun,word,132,0.975,no,pending,yes
3775,n1906-038,75,3:complex-historical-entry,kha-n1906-001944,lping,lping,adverb,word,134,0.975,no,pending,yes
3776,n1906-038,76,3:complex-historical-entry,kha-n1906-002033,'lymuifi,'lymuifi,adjective,word,140,0.975,no,pending,yes
3777,n1906-038,77,3:complex-historical-entry,kha-n1906-002076,'mainker,'mainker,noun,word,143,0.975,no,pending,yes
3778,n1906-038,78,3:complex-historical-entry,kha-n1906-002153,'mied,'mied,verb,word,148,0.975,no,pending,yes
3779,n1906-038,79,3:complex-historical-entry,kha-n1906-002247,'namlang,'namlang,noun,word,154,0.975,no,pending,yes
3780,n1906-038,80,3:complex-historical-entry,kha-n1906-002248,'namlymbong,'namlymbong,noun,word,154,0.975,no,pending,yes
3781,n1906-038,81,3:complex-historical-entry,kha-n1906-002249,'namphiah,'namphiah,noun,word,154,0.975,no,pending,yes
3782,n1906-038,82,3:complex-historical-entry,kha-n1906-002250,'nampliang,'nampliang,noun,word,154,0.975,no,pending,yes
3783,n1906-038,83,3:complex-historical-entry,kha-n1906-002279,'nemsniew,'nemsniew,noun,word,156,0.975,no,pending,yes
3784,n1906-038,84,3:complex-historical-entry,kha-n1906-002281,'nepboh,'nepboh,noun,word,156,0.975,no,pending,yes
3785,n1906-038,85,3:complex-historical-entry,kha-n1906-002287,'niakha,'niakha,noun,word,157,0.975,no,pending,yes
3786,n1906-038,86,3:complex-historical-entry,kha-n1906-002293,nian,nian,verb,word,159,0.975,no,pending,yes
3787,n1906-038,87,3:complex-historical-entry,kha-n1906-002289,'niang,'niang,noun,word,157,0.975,no,pending,yes
3788,n1906-038,88,3:complex-historical-entry,kha-n1906-002294,'niehkdop,'niehkdop,noun,word,159,0.975,no,pending,yes
3789,n1906-038,89,3:complex-historical-entry,kha-n1906-002295,'nierbah,'nierbah,noun,word,159,0.975,no,pending,yes
3790,n1906-038,90,3:complex-historical-entry,kha-n1906-002339,'niiid,'niiid,noun,word,162,0.975,no,pending,yes
3791,n1906-038,91,3:complex-historical-entry,kha-n1906-002301,'niuhkhlieh,'niuhkhlieh,noun,word,160,0.975,no,pending,yes
3792,n1906-038,92,3:complex-historical-entry,kha-n1906-002302,'niuhkyndeh,'niuhkyndeh,noun,word,160,0.975,no,pending,yes
3793,n1906-038,93,3:complex-historical-entry,kha-n1906-002303,'niuhliar,'niuhliar,noun,word,160,0.975,no,pending,yes
3794,n1906-038,94,3:complex-historical-entry,kha-n1906-002304,'niuhlieh,'niuhlieh,noun,word,160,0.975,no,pending,yes
3795,n1906-038,95,3:complex-historical-entry,kha-n1906-002305,'niuhmat,'niuhmat,noun,word,160,0.975,no,pending,yes
3796,n1906-038,96,3:complex-historical-entry,kha-n1906-002314,'nongkhynraw,'nongkhynraw,noun,word,161,0.975,no,pending,yes
3797,n1906-038,97,3:complex-historical-entry,kha-n1906-002317,'nongkynti,'nongkynti,noun,word,161,0.975,no,pending,yes
3798,n1906-038,98,3:complex-historical-entry,kha-n1906-002414,'parm,'parm,noun,word,168,0.975,no,pending,yes
3799,n1906-038,99,3:complex-historical-entry,kha-n1906-002447,pawbynriew,pawbynriew,verb,word,170,0.975,no,pending,yes
3800,n1906-038,100,3:complex-historical-entry,kha-n1906-002543,'piengsohphi,'piengsohphi,noun,word,178,0.975,no,pending,yes
3801,n1906-039,1,3:complex-historical-entry,kha-n1906-002702,'raishan,'raishan,noun,word,188,0.975,no,pending,yes
3802,n1906-039,2,3:complex-historical-entry,kha-n1906-002704,'raisoh,'raisoh,noun,word,189,0.975,no,pending,yes
3803,n1906-039,3,3:complex-historical-entry,kha-n1906-002706,'raitruh,'raitruh,noun,word,189,0.975,no,pending,yes
3804,n1906-039,4,3:complex-historical-entry,kha-n1906-002745,rikap,rikap,noun,word,192,0.975,no,pending,yes
3805,n1906-039,5,3:complex-historical-entry,kha-n1906-002759,'riphin,'riphin,noun,word,193,0.975,no,pending,yes
3806,n1906-039,6,3:complex-historical-entry,kha-n1906-002867,'saikhum,'saikhum,noun,word,200,0.975,no,pending,yes
3807,n1906-039,7,3:complex-historical-entry,kha-n1906-002875,'sailum,'sailum,noun,word,201,0.975,no,pending,yes
3808,n1906-039,8,3:complex-historical-entry,kha-n1906-002876,'saimuka,'saimuka,noun,word,201,0.975,no,pending,yes
3809,n1906-039,9,3:complex-historical-entry,kha-n1906-002877,'saipan,'saipan,noun,word,201,0.975,no,pending,yes
3810,n1906-039,10,3:complex-historical-entry,kha-n1906-003228,'siarkha,'siarkha,noun,word,223,0.975,no,pending,yes
3811,n1906-039,11,3:complex-historical-entry,kha-n1906-003229,'siarkhang,'siarkhang,noun,word,223,0.975,no,pending,yes
3812,n1906-039,12,3:complex-historical-entry,kha-n1906-003249,siewspah,siewspah,verb,word,224,0.975,no,pending,yes
3813,n1906-039,13,3:complex-historical-entry,kha-n1906-003348,sohs'iem,sohs'iem,noun,word,231,0.975,no,pending,yes
3814,n1906-039,14,3:complex-historical-entry,kha-n1906-003481,'tangnguid,'tangnguid,noun,word,240,0.975,no,pending,yes
3815,n1906-039,15,3:complex-historical-entry,kha-n1906-003608,thning,thning,noun,word,251,0.975,no,pending,yes
3816,n1906-039,16,3:complex-historical-entry,kha-n1906-003645,'tikmie,'tikmie,noun,word,254,0.975,no,pending,yes
