record_id,headword_candidate,normalized,part_of_speech,entry_type,historical_gloss_raw,source_page_approx,ocr_confidence,review_priority,existing_master,verification_status,human_review_required
kha-n1906-000053,'amduh,'amduh,noun,word,the wisdom tooth.,8,0.975,1,no,pending,yes
kha-n1906-000126,'ba-hab,'ba-hab,noun,compound,same as 'ba-pyntbor.,12,0.975,1,no,pending,yes
kha-n1906-000176,'ba-pynthor,'ba-pynthor,noun,compound,"lowland rice. Bar, ka^ n. outijide, surface, — phr. leit-&<ir=to answer the call of nature.",14,0.975,1,no,pending,yes
kha-n1906-000135,'bai-seng,'bai-seng,noun,compound,"capital, money for carrying on any business. 'baisngi, ka^ n. daily wages. vf^baisiew, ka, n. money given to meet immediate necessary ex- penses, as, on a /m^-day. \_Imit.",12,0.975,1,no,pending,yes
kha-n1906-000133,'bainong,'bainong,noun,word,"wates, salxry. \I\uit. 'bainong-'baini.]",12,0.975,1,no,pending,yes
kha-n1906-000136,'baisiew-'bai-td,'baisiew-'bai-td,adjective,compound,"] Bait, V. to sharpen (a stick).",12,0.975,1,no,pending,yes
kha-n1906-000137,'baiwai,'baiwai,noun,word,rent.,13,0.975,1,no,pending,yes
kha-n1906-000187,'bat,'bat,noun,word,{abhrev. of kynbat) weed ; medicinal plant.,15,0.975,1,no,pending,yes
kha-n1906-000188,'bat-iambait ii,'bat-iambait ii,noun,phrase,"the sensitive plant. 'Batabak, (shata), ka, n, a leaf -umbrella.",15,0.975,1,no,pending,yes
kha-n1906-001244,'dait,'dait,noun,word,"{ahhrev. of kdait) ekra, reed. *t",74,0.975,1,no,pending,yes
kha-n1906-003228,'dang,'dang,noun,word,"a gold or silver necklace. Shanduh, d. to take or use a walking-stick.",210,0.975,1,no,pending,yes
kha-n1906-001283,'der-phiang,'der-phiang,noun,compound,grass dressed for thatching.,76,0.975,1,no,pending,yes
kha-n1906-001289,'dewiong,'dewiong,noun,word,"coal. 'dewlangni, ka^ n. meadow.",76,0.975,1,no,pending,yes
kha-n1906-001287,'dewksang,'dewksang,noun,word,hard earth.,76,0.975,1,no,pending,yes
kha-n1906-001288,'dewkynroi,'dewkynroi,noun,word,loose earth.,76,0.975,1,no,pending,yes
kha-n1906-001290,'dewlynnong,'dewlynnong,noun,word,an island.,76,0.975,1,no,pending,yes
kha-n1906-001291,'dewmet,'dewmet,noun,word,dust ; earth or soil free from sand and stone.,76,0.975,1,no,pending,yes
kha-n1906-001292,'dewsaw,'dewsaw,noun,word,red eartb.,76,0.975,1,no,pending,yes
kha-n1906-001293,'dewshrah,'dewshrah,noun,word,fallow land ; arable land ; virgin soil.,76,0.975,1,no,pending,yes
kha-n1906-001294,'dewtrai,'dewtrai,noun,word,"solid earth, terra firnia, (the opposite of \lew- kynroi).",76,0.975,1,no,pending,yes
kha-n1906-001299,'diangti-diangjat,'diangti-diangjat,verb,compound,to receive completely.,76,0.975,1,no,pending,yes
kha-n1906-001385,'dong shimat,'dong shimat,noun,phrase,"a bamboo tube between two joints ; a person who cannot keep secrets,",81,0.975,1,no,pending,yes
kha-n1906-001386,'dongtympew,'dongtympew,noun,word,"a chunga for pan leaf. Dob, V. to kiss. [Imit, doh-dait.] — ka, n. flesh, meat. [Ifnit, ku doh-ka-kah.] 71 DOHBNIAT DON Dohbniat, ka^ n. the gums at the root of the teeth. Dohkha, ka^ n. fish. [Imit. clohkha-dohpnat.]",81,0.975,1,no,pending,yes
kha-n1906-002453,'fiiangbading,'fiiangbading,noun,word,"a glowworm,",157,0.975,1,no,pending,yes
kha-n1906-002454,'fiiangblen,'fiiangblen,noun,word,"a blindworm. 'niangbliar, ka^ n. a kind of small lizard. 5JIANGB0IT 'f^",157,0.975,1,no,pending,yes
kha-n1906-001582,'hur,'hur,noun,word,{ahhrev. of jhur) vegetable.,94,0.975,1,no,pending,yes
kha-n1906-001618,'i,'i,noun,word,"a market. [Imit. ka ievv-ka hat.] lewdah, ka. n. the Shillong Bara-^azar. lew-luri-lura, ka^ n. the market of the beasts in Kliasi folklore, lew-lyngstieh, ka^ n. the biggest hat in the Nongkhlaw State formerly held at night, the day before the Shillong Bara -Bazar. lew-",102,0.975,1,no,pending,yes
kha-n1906-001595,'iad-khar,'iad-khar,noun,compound,same as,95,0.975,1,no,pending,yes
kha-n1906-001596,'iad-pudk,'iad-pudk,adjective,compound,"lada, V. to protect, to defend. ladait, v. to bite each other, to altercate ; to fight (as dogs), to fit. ladei, 'v. to agree, to tally , to be unanimous ; to be related to ; to hit {pi), to touch, ladeikha-dei-man, v. to have a relationship by marriage, ladei-kur, v. to have relationship on the mother-side ; to be of the same clan, ladei-jing-dei, v. to have some relationship, ladei- jingmut, v. to be of the same opinion, to be unanimous, to be friendly with. * Hindi. 85",95,0.975,1,no,pending,yes
kha-n1906-001598,'iad-pudka,'iad-pudka,noun,compound,"distilled liquor ; spirit, iad-rod, ka, n. strong liquor. 'iad rong, ka^ n. liquor given by friends when cremating cere- monies are performed. iad""tang-snem, {lit. liquor consecrated for a year), ka, n. liquor supposed to have the effect of making people reckless and mad for the time being and of encouraging them to commit murder for the propitiation of "" u 1 bleu. "" 'iad-thnam, ka^ n. a very strong country spirit.",95,0.975,1,no,pending,yes
kha-n1906-001599,'iad-um,'iad-um,noun,compound,"undistilled liquor taken from a jar; beer. la-ei ""? phr. what for ? la-ei-ia-ei, phr. for anything. la-ei-re-ia-ei, phr. for something. lang, ad. up (lift), [a^ "" u la rah iang ka wait ba'n pom ia nga.""] laid, V. to walk, to go, to proceed \^Imit. iaid-ieng.] ,>»""^ laid kai, v. to take a stroll, to take a pleasure walk. [Imit. laid kai-iengkai.] laid-ka-ieng, ka, n. manner of life. laid-kaikai, v. to walk by swinging the lower part of the body. laid-kan-kan, ) , .;,-, T .. 1 1 / 1 . >■ i;. to waddle, laid-ken-ken, ) laid- kh nip khnip, v. to walk lamely as if pressed with sharp small stones on the soles. laid-kjik kjik, v. to walk as if on pins. laid-kynthew, v. to walk with a train or tail. lAid-kynthih, v. to walk with a springy step.",96,0.975,1,no,pending,yes
kha-n1906-001603,'iar-kdait,'iar-kdait,noun,compound,"a small species of fowl. *iar-khiar, ka, n. a bamboo partridge.",99,0.975,1,no,pending,yes
kha-n1906-001604,'iar-krad-lynti,'iar-krad-lynti,noun,compound,"a cock which is sacrificed previous to the cremation of the dead to act as a guide to the departed spirit, {lit. "" a cock to scratch the way "" for the departed spirit). iar-lasir, n. a kind of cock or hen with yellow feet, the former being much used in cock fighting. 88 lARLY-",99,0.975,1,no,pending,yes
kha-n1906-001606,'iar-mangkalai,'iar-mangkalai,noun,compound,"a long-legged fowl. larong, ka, n. a small net bag for putting odds and ends, esp. betel-nut, lime, tobacco, etc. \^Imit, ka iarong-ka iadep.] laroh, V. to praise, 'iar-padat, u^ n. a cock which is killed and thrown three times over the Khasi funeral pyre, when fire is set to it. 'iar-ryngkuh, u^ n. a cock. lasang, a. not sanctioned by the laws and custom of society ; tabooing, [/mit. iasang-iama.] lasaid, v. to argue, to debate. las^id-lah, v. to hold on a discussion though beaten. lasdm, V. to divide. [Imit. ias^m-iapiet.] laseng, v. to gather, to meet ; to hold religious service or meetings. lashang, v. to associate with, to go near. lashah, v. to bear with, to side with. lashah-iasham, v, to have dealing in money matters, t.e.y between a money-lender and a borrower. lashdn, V. to hold out ; to support. lashem, v. to meet ; to come across. lashep, V. to suit; (as, "" ba'n tupia",99,0.975,1,no,pending,yes
kha-n1906-002060,'iiewlep,'iiewlep,noun,word,a pitfall.,132,0.975,1,no,pending,yes
kha-n1906-001623,'ing-bah,'ing-bah,noun,compound,"a species of ginger. ling-basa, ka^ n. a temporary lodging, an inn. \_lmit. iing-basa- iing basuin.] fling-kashari, ka, n. Cutchery ; coiirt-house.",103,0.975,1,no,pending,yes
kha-n1906-001629,'ing-tyrkhong,'ing-tyrkhong,noun,compound,dried ginger ; an old grudge. [Imit.,104,0.975,1,no,pending,yes
kha-n1906-001627,'ingdoug ka 'ingna,'ingdoug ka 'ingna,pronoun,phrase,"] I-ngiew, V. to appear dreadful, to appear uncanny. ling-jain, ka, n. a tent. ling -mane, ka, n. a temple ; a chapel, a church. 'ing-makhir, u, n, a species of small ginger having a more pungent taste than u ^ ingbah. f ling-paki, ka, n. a house with stone-walls and ceiling of concrete cement. \_Imit. ling-paki-iingdulan.] liug-sad, ka, n. the house where a Siem performs family and IState sacrifices. [Imii. ling-sad-iingsunon.] ling-sawdong, ka, n. (lit.) a house having four walls ; a house not built after the old pattern of a Khasi-house, but after the",103,0.975,1,no,pending,yes
kha-n1906-003926,'ip,'ip,noun,word,"a small circular rain-proof frame used by the Khasis (called ka shaladiang by the Syntengs) . Traw, w, «. sun-grass.",259,0.975,1,no,pending,yes
kha-n1906-001626,'iug-dong,'iug-dong,noun,compound,the back. [Imit. ka,103,0.975,1,no,pending,yes
kha-n1906-001745,'jat-diih,'jat-diih,noun,compound,the little toe.,112,0.975,1,no,pending,yes
kha-n1906-000378,'kain-dait,'kain-dait,noun,compound,"a mosquito,",26,0.975,1,no,pending,yes
kha-n1906-000379,'kain-iong,'kain-iong,noun,compound,a meat-fly.,26,0.975,1,no,pending,yes
kha-n1906-000443,'kei,'kei,noun,word,"{ahhrev. of skei), a barking deer. 'kei-sop, w, 71. a roe-buck. Kein, (an intensifying particle) =that's it ; — v. imper, enough, that is all.",29,0.975,1,no,pending,yes
kha-n1906-000453,'khabysein,'khabysein,noun,word,eel (smaU.).,30,0.975,1,no,pending,yes
kha-n1906-000464,'khang,'khang,noun,word,{ahbrev. of tyrkhaug) fern.,31,0.975,1,no,pending,yes
kha-n1906-000468,'khangksiar,'khangksiar,noun,word,"the golden fern, 'khangnar, w, ?2. a kind of fern, a tree-fern.",31,0.975,1,no,pending,yes
kha-n1906-000503,'khapiah-khadai,'khapiah-khadai,noun,compound,"] Khapnap, cf. close-fisted, niggardly ; hard to part with one's money. \_Imit. khapnap-khapbit.] , i -",33,0.975,1,no,pending,yes
kha-n1906-000511,'khar-alot,'khar-alot,noun,compound,"merchant from the plains (on the Sylhet side) who buys wholesale goods from the hill- men, especially potatoes.",33,0.975,1,no,pending,yes
kha-n1906-000509,'kharang,'kharang,noun,word,a roasted fish.,33,0.975,1,no,pending,yes
kha-n1906-000512,'kharkaw,'kharkaw,noun,word,"a villager of the plains, {lit. one who lives in a Gaon). \_Imit. kharkaw-kharkor.] Kharkhar, ad, harshly (onomatopoetic), [as, ""u kren q\\ khar- kharr]",33,0.975,1,no,pending,yes
kha-n1906-000588,'khiew seiiiiong,'khiew seiiiiong,noun,phrase,a big black ant.,38,0.975,1,no,pending,yes
kha-n1906-000587,'khiew-saw,'khiew-saw,noun,compound,red ant.,38,0.975,1,no,pending,yes
kha-n1906-000937,'ksih,'ksih,noun,word,"an otter ; — w, one who goes through the water ordeal ; — i;.to squeeze on the throat, to throttle, to seize at the throat, Ksoh, V. to cling, to hold on.",58,0.975,1,no,pending,yes
kha-n1906-001048,'kyn-ib,'kyn-ib,verb,compound,to crow.,63,0.975,1,no,pending,yes
kha-n1906-001895,'la-bam-briew,'la-bam-briew,noun,compound,"a man-eater, Laban, ii. a Khasi name for Shillong. *Lak=100,000. [Imit. ka lak-ka putit.]",121,0.975,1,no,pending,yes
kha-n1906-001959,'la-tyrdop,'la-tyrdop,noun,compound,(Bot.) cinnamomum candatuni.,125,0.975,1,no,pending,yes
kha-n1906-001597,'lad-r-liar laid-pawang 'iad-hiar,'lad-r-liar laid-pawang 'iad-hiar,noun,phrase,undistillecl liquor which gathers in a pail placed underneath a basket to receive it ; wort.,95,0.975,1,no,pending,yes
kha-n1906-001897,'lakait,'lakait,noun,word,the plantain leaf.,122,0.975,1,no,pending,yes
kha-n1906-001924,'laliar,'laliar,verb,word,a tender top leaf used in sacrifices. \_Imit. ka 'laliar ka 'lalong.] § Assamese. 110,123,0.975,1,no,pending,yes
kha-n1906-001928,'lamet,'lamet,noun,word,a kind of leaf much used in packing things.,123,0.975,1,no,pending,yes
kha-n1906-001904,'langbrot,'langbrot,noun,word,"a sheep. Langbyrku, "") ^ ^^ ^ .^^^^ ^^^^^ pigeon. Langbyrkaw, ) ' ^ ^ ''",122,0.975,1,no,pending,yes
kha-n1906-001905,'langkushi,'langkushi,noun,word,"a big kind of goat. *lang-lung, m, n. tender or newly-grown grass.",122,0.975,1,no,pending,yes
kha-n1906-001906,'langniuh,'langniuh,noun,word,"bearded grass. 'langsah, u. n. grass which has not been set fire to for a long time.",122,0.975,1,no,pending,yes
kha-n1906-001907,'langsohmoh,'langsohmoh,noun,word,a full-grown he-goat.,122,0.975,1,no,pending,yes
kha-n1906-001908,'langthohkhlieh,'langthohkhlieh,noun,word,"a human victim to be offered to "" u",122,0.975,1,no,pending,yes
kha-n1906-001940,'lap-bah,'lap-bah,noun,compound,a heavy rain. \_Imit.,124,0.975,1,no,pending,yes
kha-n1906-001942,'lap-bnivip-bniup,'lap-bnivip-bniup,noun,compound,a drizzle.,124,0.975,1,no,pending,yes
kha-n1906-001943,'lap-kyrtiah,'lap-kyrtiah,noun,compound,"rain and storm. Lape, V. to daub, plaster. Lap^r(soh), n, n. the fruit of a certain small dwarf palm. 'lapeh(sei-), ad. with plenty of leaves but without grain or fruit.",124,0.975,1,no,pending,yes
kha-n1906-001960,'latyrpad,'latyrpad,noun,word,"a bay leaf. Law, V. to take off, to extract, to undo, 'law, Tea, 11. {ahbrev. of khMw), jungle,",125,0.975,1,no,pending,yes
kha-n1906-001961,'law-bah,'law-bah,noun,compound,"a big jungle, a dense forest. [Imit. Idwbah* lawsan.] 'lawkyntanL^ ka, n. a sacred grove.",125,0.975,1,no,pending,yes
kha-n1906-002008,'lei,'lei,noun,word,"iabbrev. of blei), a god. Lei-lei, {phr.), 1. So much (the better) [as, "" ba'n da phi lah lei-lei ba'n iaid shi sngi, kata la bit eh""]; 2. at any rate, any how (when preceded by da) [as, "" da lei-lei nga'n ym haram ia phi ""]; 3. without any cause (when preceded by khlem) [as, "" u la dumok ia nga khlem lei-lez.""]",128,0.975,1,no,pending,yes
kha-n1906-002024,'lei-umtong,'lei-umtong,noun,compound,"tbe goddess who looks after drinking water. Lem, «^. together, along with, (as, leit-lem) ; — v. (in spinning tops) to be out of the circle. Len, V. to deny. *len, u, n. {abb rev. of u thlen), a big snake ; [as, V^w-lum, V^??pula.]",129,0.975,1,no,pending,yes
kha-n1906-002009,'leikhuri,'leikhuri,noun,word,the household god of a certain clan of the Khasis.,129,0.975,1,no,pending,yes
kha-n1906-002010,'leikhyrdop-'leikharai,'leikhyrdop-'leikharai,noun,compound,"the goddess who is supposed to guard over the gate of or entrance into a village in time of war. Leilieh, ka^ n. lightning.",129,0.975,1,no,pending,yes
kha-n1906-002012,'leisad-'leisunon,'leisad-'leisunon,noun,compound,"the guardian goddess of a Siem, clan, {esp. in the time of war). Leit, V. to go, to proceed ; to fit.",129,0.975,1,no,pending,yes
kha-n1906-001986,'leng-iew,'leng-iew,noun,compound,"old egg or that which is sold in the hat ; bazar egg- *leng-ra, ka^ n. an",127,0.975,1,no,pending,yes
kha-n1906-001984,'lengkha,'lengkha,noun,word,fresh egg.,127,0.950,1,no,pending,yes
kha-n1906-001985,'lengkpoh,'lengkpoh,noun,word,"an egg placed over the navel of a dead person and which is broken on the funeral pyre,",127,0.975,1,no,pending,yes
kha-n1906-002026,'lenpula ii,'lenpula ii,noun,phrase,a big mountain snake ; a python.,130,0.975,1,no,pending,yes
kha-n1906-002044,'liangdieng,'liangdieng,noun,word,a wooden plate.,131,0.975,1,no,pending,yes
kha-n1906-002049,'liar-kait,'liar-kait,noun,compound,the topmost plantain leaf.,131,0.975,1,no,pending,yes
kha-n1906-002056,'liengjathang,'liengjathang,noun,word,a spotted eagle.,132,0.975,1,no,pending,yes
kha-n1906-002061,'liewlong,'liewlong,noun,word,"a natural pit, abyss. Ling-ling, «^. swiftly, agilely; [as, "" khie leit hynrei wat jah ia wan ling-ling ho.""] Lih ! {vulgarism) n. friend ! my friend ! [as, '* balei lili me jah?""]",132,0.975,1,no,pending,yes
kha-n1906-002101,'lur-shai,'lur-shai,noun,compound,the morning star.,135,0.975,1,no,pending,yes
kha-n1906-002177,'lymuifi,'lymuifi,adjective,word,without tail. (Same as hnuin).,140,0.975,1,no,pending,yes
kha-n1906-002224,'mainker,'mainker,noun,word,whiskers.,143,0.975,1,no,pending,yes
kha-n1906-002266,'mat-blang,'mat-blang,noun,compound,"eyes like that of a goat, 'matkylliang, ka. n. a child, a representative,",145,0.975,1,no,pending,yes
kha-n1906-002267,'mat-dong,'mat-dong,noun,compound,the corner of the eye.,145,0.975,1,no,pending,yes
kha-n1906-002268,'mat-iar,'mat-iar,noun,compound,"amaurosis, amblyopia ; dimness of sight at night. t Bengali. 130 MAT-IONG mAwPYRSUT 'mat-iong, ka^ n, the iris. Matla, ka, n, a diseased bamboo joint or knob from which there is no shoot. *mat-lieh, ka, n. the white of the eye.",145,0.975,1,no,pending,yes
kha-n1906-002296,'men-suh-syntiew,'men-suh-syntiew,noun,compound,"an old woman given to matchmaking, a pimp. Mer, V. to grow well ; to sprout.",147,0.975,1,no,pending,yes
kha-n1906-002307,'mied,'mied,verb,word,to raise up one's head.,148,0.975,1,no,pending,yes
kha-n1906-002390,'nai-iing,'nai-iing,noun,compound,a house-rat.,154,0.975,1,no,pending,yes
kha-n1906-002391,'nai-jylliew,'nai-jylliew,noun,compound,"June. 'nai-jymmang, «, n. May.",154,0.975,1,no,pending,yes
kha-n1906-002392,'nai-lar,'nai-lar,noun,compound,"August. *nai-lber, w, n, March. 138 'nai-lCr 'NAMTOHRIH 'nai-lur, ?^, «. September.",154,0.975,1,no,pending,yes
kha-n1906-002394,'nai-nohprah,'nai-nohprah,noun,compound,December.,154,0.975,1,no,pending,yes
kha-n1906-002395,'nai-pilang,'nai-pilang,noun,compound,"a large liill rut wliicli is eaten by some of the people of the Khasi Hills. ' 'nai-risc4w, u, n, October. 'nai-ryDiphaug, u^ n. February. 'n^i-saw, n. a small hill mouse.",154,0.975,1,no,pending,yes
kha-n1906-002396,'nai-tung,'nai-tung,noun,compound,July.,154,0.975,1,no,pending,yes
kha-n1906-002397,'nai-wieng,'nai-wieng,noun,compound,"November. Najaii, prep, near, from or by the side of. [Imit. najan-napa.]",154,0.975,1,no,pending,yes
kha-n1906-002408,'nam-sop,'nam-sop,noun,compound,"an arrow having a tapering iron-head like a cone, generally used in archery contests. *namtohrih, u, n. a kind of grass. m — — . — * Hindi. 139.",155,0.975,1,no,pending,yes
kha-n1906-002404,'namlang,'namlang,noun,word,a kind of reed or ekra.,154,0.975,1,no,pending,yes
kha-n1906-002405,'namlymbong,'namlymbong,noun,word,a large clot of blood.,154,0.975,1,no,pending,yes
kha-n1906-002406,'namphiah,'namphiah,noun,word,"a single feathered arrow, generally used by boys.",154,0.975,1,no,pending,yes
kha-n1906-002407,'nampliang,'nampliang,noun,word,"an arrow with a spear head, generally used in warfare and in hunting. 'n^mpur, u, n. a feathered arrow.",154,0.975,1,no,pending,yes
kha-n1906-002403,'ndm-iong,'ndm-iong,noun,compound,dark blood ; an arrow with a distinguishing black mark on it.,154,0.975,1,no,pending,yes
kha-n1906-002440,'nemsniew,'nemsniew,noun,word,a famine.,156,0.975,1,no,pending,yes
kha-n1906-002443,'nep-iang,'nep-iang,noun,compound,"the outermost part of the skin or rind, etc. 'n6r {abbrev. of sn^r), ka, n. a feather. 'n^r-liang, ka, n. the feather at the extreme end of the wings,",156,0.975,1,no,pending,yes
kha-n1906-002442,'nepboh,'nepboh,noun,word,the white outer covering of a lemon that remains after the pungent part has been pared off.,156,0.975,1,no,pending,yes
kha-n1906-002444,'ner-lung,'ner-lung,noun,compound,the down of a bird.,156,0.975,1,no,pending,yes
kha-n1906-001495,'ngiem-lalu,'ngiem-lalu,noun,compound,a species of large black bear.,89,0.975,1,no,pending,yes
kha-n1906-002450,'niakha,'niakha,noun,word,"aunt (father's sister). Niad, V. to wipe, paint.",157,0.975,1,no,pending,yes
kha-n1906-002452,'niang,'niang,noun,word,"{abbrev. of ""sniang)"" a pig; 2. {abbrev. of '''khniang"") an insect, a worm. *fiiangbabnng, n, n. a very large kind of fly.",157,0.975,1,no,pending,yes
kha-n1906-002460,'niehkdop,'niehkdop,noun,word,"a skin bag' used by carpenters for carrying tools. Niep-niep, (khih-), ad. like many insects which are moving or creeping away in different directions, [as, "" nga ioh-i ba ia ka masi la bam da u ksain nba khih inep-shi-niep.''] 'nier {ahbrev. of snier), ka, n. entrails,",159,0.975,1,no,pending,yes
kha-n1906-002461,'nierbah,'nierbah,noun,word,"the stomach,",159,0.975,1,no,pending,yes
kha-n1906-002462,'nierkhad-ar-syrtap,'nierkhad-ar-syrtap,noun,compound,"a part of the intestines which has many folds, 'nier-lang, k'l, n. the part of the intestines which twist together, 'nier-wait, ka, u. the small intestines. Niew, V. to count, to reckon ; to consider.",159,0.975,1,no,pending,yes
kha-n1906-002507,'niiid,'niiid,noun,word,"a piece of fruit cut in the shape of a prism. *Nuior, V. to scrutinise, examine, compare. * Hindi. 146 i 'NUP .OP 'nup (abbrev. oiknii])), /ca, n. a Khasi leaf -umbrella, somewhat like a shell, (as, ka 'nup'MdbwiMig=a kuup made and brought from Mawiang).",162,0.975,1,no,pending,yes
kha-n1906-002409,'nim-tylli naw-rang 'nam-tylli,'nim-tylli naw-rang 'nam-tylli,noun,phrase,"congealed blood, a clot of blood.",155,0.975,1,no,pending,yes
kha-n1906-002472,'niuh-tmain,'niuh-tmain,noun,compound,"moustache. / fiiuh -trong, «, n. a tuft of hair on the top of the head, a pig- tail. iSliuma, ad. very well, alright. /5liun, a. to be out of sorts ; to be indisposed. [Imit. ba niun- ba-niep.]",160,0.975,1,no,pending,yes
kha-n1906-002467,'niuhkhlieh,'niuhkhlieh,noun,word,the hair of the head. \_Imit. iliuhkhlieh-niuh- reng.],160,0.975,1,no,pending,yes
kha-n1906-002468,'niuhkyndeh,'niuhkyndeh,noun,word,fine hair.,160,0.975,1,no,pending,yes
kha-n1906-002469,'niuhliar,'niuhliar,noun,word,"the end of the tuft of hair,",160,0.975,1,no,pending,yes
kha-n1906-002470,'niuhlieh,'niuhlieh,noun,word,grey hair.,160,0.975,1,no,pending,yes
kha-n1906-002471,'niuhmat,'niuhmat,noun,word,"the eyelashes or hair growing on the eyebrows, 'niuh-moh, u, u. a beard,",160,0.975,1,no,pending,yes
kha-n1906-002496,'nong-tem,'nong-tem,noun,compound,a yellowish brass. [Imit. ka nonglieh-ka nongtem.],162,0.975,1,no,pending,yes
kha-n1906-002482,'nongkhynraw,'nongkhynraw,noun,word,"what one earns while unmarried. [Imit. ' nongkhynraw - ' iiongkhy nd eifi . ] Nongkitnong, w or A;a, 7z. a coolie, a porter. [Imit. nongkitnong- nongkitni.]",161,0.975,1,no,pending,yes
kha-n1906-002485,'nongkynti,'nongkynti,noun,word,personal property.,161,0.975,1,no,pending,yes
kha-n1906-002585,'parm,'parm,noun,word,"a maternal grandfather. Para-shnong, ti. a person of the same village; a co- villager. [Imit. parashnong-para-thdw.]",168,0.975,1,no,pending,yes
kha-n1906-002625,'peh-dyngkhiet,'peh-dyngkhiet,noun,compound,a porcupine quill.,171,0.975,1,no,pending,yes
kha-n1906-002626,'peh-sylli,'peh-sylli,noun,compound,a very sharp spike made from a species of bamboo called u sylli ; a ready-witted man.,171,0.975,1,no,pending,yes
kha-n1906-002638,'pet-kaw,'pet-kaw,noun,compound,"an umbilical hernia. Pha, pef's. pro. fern, thou, — v. to risk, to jeopardize, to hazard.",171,0.975,1,no,pending,yes
kha-n1906-002640,'phang-er,'phang-er,noun,compound,"a periodical continuous wind which blows towards the end of the cold season. Phah, V. to send, to despatch ; to order for.",172,0.975,1,no,pending,yes
kha-n1906-002721,'piengsohphi,'piengsohphi,noun,word,"Si string of coral beads which have been strung alternately with gold beads resembling u sohphi. Pien, V. to wrap a piece of cloth round the waist. »pien {abbrev. oijympien), ka, n. undergarment worn by women. 'pien-arna, and 'pien-Iasubon, are the two variety of waistclotha (jympien). 'ping {abbrev. of sping) «, n. a handle ; as U '/'iw^-sdie. pi, ^^' \ ad. short and fat, [as, ""i briew iba lyngkot piho.^^] Pihuin, a, envious. Pilang (nai-), n, a kind of large rat. *Pipa, ka^ n. a cask.",178,0.975,1,no,pending,yes
kha-n1906-002876,'rad-bah,'rad-bah,noun,compound,a giant.,187,0.975,1,no,pending,yes
kha-n1906-002886,'raishan,'raishan,noun,word,{But. Paspalum Sanguinale) a .species of millet resembling grass.,188,0.975,1,no,pending,yes
kha-n1906-002888,'raisoh,'raisoh,noun,word,Italian millet ; {Bot. Setreria Italica).,189,0.975,1,no,pending,yes
kha-n1906-002890,'raitruh,'raitruh,noun,word,{Bot. Eleusine Coracana) ; (Bengali) ^t?P^1 i a species of millet.,189,0.975,1,no,pending,yes
kha-n1906-002949,'ri-rdj,'ri-rdj,noun,compound,"a raj or public land. Risa, V. io shout exult ingly.",193,0.975,1,no,pending,yes
kha-n1906-002932,'riewbah- 'rieavsa,'riewbah- 'rieavsa,noun,phrase,"] riewbha, a. rich, wealthy. [Imit. 'riewbha-'riewmiat.] riewbiej, 7i. a foolish or ignorant person. [Imtt.",192,0.975,1,no,pending,yes
kha-n1906-002933,'riewbiej- 'riewther,'riewbiej- 'riewther,adjective,phrase,"] riewblei, a. godly. riewdakait, n. a cruel person. riewdangkhie, ki, n, young people, the rising generation. riewdkhot, n. a member of a community or any organisation. riewngeit, n. a fellow-believer, a person who holds the same faith.",192,0.975,1,no,pending,yes
kha-n1906-002948,'riphin,'riphin,noun,word,"a very small species of rattan cane,",193,0.975,1,no,pending,yes
kha-n1906-003075,'sai-steis,'sai-steis,noun,compound,a thread obtained from a fibrous plant called,201,0.975,1,no,pending,yes
kha-n1906-003059,'saikhum,'saikhum,noun,word,"a rope for binding a criminal. [Imit. saikhum saiteh] ; bonds. f'saikun, «, n. a rope attached to a boat for drawing it along shallow water. ,^',1, ' I V. to plead, to argne.",200,0.975,1,no,pending,yes
kha-n1906-003067,'sailum,'sailum,noun,word,a raw cotton thread.,201,0.975,1,no,pending,yes
kha-n1906-003068,'saimuka,'saimuka,noun,word,"a muga silk-thread. Sain, V. to melt, to smelt. Sain, V. to burn a part of grass so as to clear a fire-line ; to please. 's^i-nalia, «, n. jute ; riha (Assamese). 'sai-nar,",201,0.975,1,no,pending,yes
kha-n1906-003070,'saipan,'saipan,noun,word,"a long purse worn round the waist ; a waist-thread. 'saiphareng, u, 7i. rolled",201,0.975,1,no,pending,yes
kha-n1906-003074,'sdi-siej,'sdi-siej,noun,compound,"a bow string. 'sd/ispur, u, 11. cottonyarn.",201,0.975,1,no,pending,yes
kha-n1906-003145,'seh-khleifi,'seh-khleifi,noun,compound,a resinous pine -wood.,206,0.975,1,no,pending,yes
kha-n1906-003151,'sew-bna-lat sngewthuh eew-bna-lat,'sew-bna-lat sngewthuh eew-bna-lat,noun,phrase,"(phrase) one who attends at every entertain- ment held in the village, v^^hether invited or not.",206,0.975,1,no,pending,yes
kha-n1906-003447,'si-khynna 'sing-mastieh si-khynna,'si-khynna 'sing-mastieh si-khynna,noun,phrase,"a hill cow, a cow bred in the Khasi Hills consi- dered to be of superior quality to that of the plains. Sied, V. to pounce upon, to spring upon.",223,0.975,1,no,pending,yes
kha-n1906-003446,'si-kliar,'si-kliar,noun,compound,a small cow imported from the plains and consi-^ dered to be of inferior kind. 203,223,0.975,1,no,pending,yes
kha-n1906-003461,'si-met,'si-met,noun,compound,"an insect-mite {gama-sidae)^ vermin which infests fowls. Sim-krai, i, n, a small bird resembling a lark. Sim-kyllai-dohdit, ?, w. a wag-tail.",225,0.975,1,no,pending,yes
kha-n1906-003439,'siar-sla,'siar-sla,noun,compound,gold leaf.,223,0.975,1,no,pending,yes
kha-n1906-003440,'siar-tylli,'siar-tylli,noun,compound,solid gold ; a solid gold earring.,223,0.975,1,no,pending,yes
kha-n1906-003435,'siarkha,'siarkha,noun,word,"a wristlet (ornamental and hollow ones),",223,0.975,1,no,pending,yes
kha-n1906-003436,'siarkhang,'siarkhang,noun,word,an earring resembling the shape of a fan.,223,0.975,1,no,pending,yes
kha-n1906-003458,'siewtun-u siewjia,'siewtun-u siewjia,pronoun,phrase,"] fSing, w, n. a lion. S'ing, n, ginger, (same as sping), 'sing, {abbrei). of ""ksing""), ka, n, a drum. *sing-dum-dum, 'sing4ynghai, 'sing march, = the diflferent ways of drum-beatings in a Khasi female dance. *sing'dymphong, ka, n, a small musical instrument made with soft split reeds and played as a drum. fSing-mana, ka, n. boundary, 'sing-mastieh, 'sing-shadwait, = the different ways of beating a drum in a sword dance of males. t Bengali. 204 SING-NAKRA SLANG 'sing-nakra, ka^ n. a big drum.",224,0.975,1,no,pending,yes
kha-n1906-003459,'sing-nalai,'sing-nalai,noun,compound,"a long conical drum like a tom-tom. 'sing-padiah, Tca^ n. a small drum. — Sih (suffix) =foul, indecent, bad, unpleasant, [as, kren-se/z, leh- sihi sngew-s«7i, etc.] *si-lud, w. a young cow or bull. *si-lyngraw, n. a young-bull.",225,0.975,1,no,pending,yes
kha-n1906-003614,'suid-lam-iap,'suid-lam-iap,noun,compound,"the executor of God's decree to carry away the souls of men ; he is represented as a gigantic being and wearing long dishevelled hair, each of whose teeth is as big as an axe.",235,0.975,1,no,pending,yes
kha-n1906-003615,'suid-nia,'suid-nia,noun,compound,the spmt of the first grand maternal uncle of the clan.,235,0.975,1,no,pending,yes
kha-n1906-003617,'suit-nam,'suit-nam,noun,compound,"matter mixed with blood. ^ 'suitan, see """,235,0.975,1,no,pending,yes
kha-n1906-003704,'tang-duma,'tang-duma,noun,compound,"a hookah, a hubble-bubble.",240,0.975,1,no,pending,yes
kha-n1906-003705,'tangnguid,'tangnguid,noun,word,"gullet, (same as tangs^w). 'tangmuri, ka^ n. a pipe used in a Khasi dance.",240,0.975,1,no,pending,yes
kha-n1906-003800,'thei-iaw,'thei-iaw,noun,compound,"a woman of advanced age ; an elderly woman,",248,0.975,1,no,pending,yes
kha-n1906-003801,'thei-sotti,'thei-sotti,noun,compound,a virgin.,248,0.975,1,no,pending,yes
kha-n1906-003874,'ti-duh,'ti-duh,noun,compound,"the last finger. Tied, V. to strike, to knock, to beat.",254,0.975,1,no,pending,yes
kha-n1906-003877,'tien-bania,'tien-bania,noun,compound,"an incorrect way of speaking a foreign tongue* The idea is taken from the way goldsmiths from the plains speak the Khasi language,",255,0.975,1,no,pending,yes
kha-n1906-003878,'tien-biria,'tien-biria,noun,compound,"jokes. [^Imit. 'tien biria-birai.] *tien-kai, ka, n. sham words, jokes. *tien-ngiah ngiah, hi, n. words spoken in soft and highly polished style,",255,0.975,1,no,pending,yes
kha-n1906-003879,'tien-jali-ja-um,'tien-jali-ja-um,noun,compound,"soft sweet words,",255,0.975,1,no,pending,yes
kha-n1906-003880,'tien-lyngkut,'tien-lyngkut,noun,compound,"laconic speech, blunt words,",255,0.975,1,no,pending,yes
kha-n1906-003881,'tien-tharshiah,'tien-tharshiah,noun,compound,"words which give pain to one against whom they are spoken,",255,0.975,1,no,pending,yes
kha-n1906-003882,'tien-woh-nia,'tien-woh-nia,noun,compound,"words spoken with a view to pick a quarrel. Tiew, V. to boil, to put a cooking vessel over the fire, 'tiew, {ahhrev. of ""syntiew""), u, n. a flower. *tiew-klong, ii, n. Dendrobhim Nobile, a species of orchid,",255,0.975,1,no,pending,yes
kha-n1906-003886,'tiew-jalyngksiang,'tiew-jalyngksiang,noun,compound,"the rhododendron. *tiew-jami-iang, w, n> the violet (flower). 283 »TIEW.JAPANG TIP-DUK *tiew-japang, u, n. the bluebell. *tiew-lapongndi, u, w, a kind of flower having sweet smelliug leaves. *tiew-lasi3r, w, n. a species of orchii.",256,0.975,1,no,pending,yes
kha-n1906-003883,'tiew-knup mawiang,'tiew-knup mawiang,noun,phrase,"the ladies' slipper, Cypripediumt (orchid).",255,0.975,1,no,pending,yes
kha-n1906-003887,'tiew-lasubon,'tiew-lasubon,noun,compound,"tlio tender leaf holding the flower of a cevtain plant of a yt llowish colour resembling that of a pine -apple which is used by women to decorate their hair. *tiew-myngngor syng-un, «, n. marigold. *tiew-pathai-khub6r, u, n. a flower, the sweet smell of which can be perceived from a distance only. *tiew-phkn, w, n. the dahlia ; potato flower.",256,0.975,1,no,pending,yes
kha-n1906-003889,'tiew-thylliej-tangmuri,'tiew-thylliej-tangmuri,noun,compound,"blythia flower. *tiew-tyrkhang, «, n. a sweet-smelling fern. Ting, V, to call a dog or a fowl or any animal, to address. Ting-khun, v, to own a child as one's own. Tih, V, to dig ; to discuss.",256,0.975,1,no,pending,yes
kha-n1906-003873,'tikmie,'tikmie,noun,word,"a thumb,",254,0.975,1,no,pending,yes
kha-n1906-003885,'tisw-eit,'tisw-eit,noun,compound,a flower (of a fruit tree) which does not bear fruit.,255,0.975,1,no,pending,yes
kha-n1906-002410,'uam-tympem,'uam-tympem,noun,compound,one of the three arrows shot from the funeral pyre.,155,0.975,1,no,pending,yes
kha-n1906-004060,'wai-sohpari,'wai-sohpari,noun,compound,"dried areca nut. Wait, ka^ n. a dao^ a lieayy large bladed knife. Wait-bnoh, ka) n. a da with a crooked head. Wait-khmnt, ka^ n. same as '* wait-bnoh. """,269,0.975,1,no,pending,yes
kha-n1906-004057,'wdi-dong,'wdi-dong,noun,compound,rolled or prepared betel-nut; a hhili (Hindi.),269,0.975,1,no,pending,yes
kha-n1906-000049,a-iu,a-iu,pronoun,compound,"what. A-iu-re-aiu, 7i. something. Ale, V. imper. come.",8,0.975,1,no,pending,yes
kha-n1906-000016,abir,abir,noun,word,red i^owder used in the Holi festival.,6,0.975,1,no,pending,yes
kha-n1906-000020,adda,adda,noun,word,"a stage for changing horses, dak- runners' etc.",6,0.975,1,no,pending,yes
kha-n1906-000021,ade,ade,adverb,word,"may be, perhaps (same as ide) ; [as, "" ade dum ka bneng kumne ba'n slap, mo.""j; — int. to express surprise or approba- tion.",6,0.975,1,no,pending,yes
kha-n1906-000022,ado,ado,interjection,word,"Oho ! yAdong, ka, n. prohibition; — v. to prohibit. {Imit. adong-adit.] ^Adili'-lanot ! } '''^' '^^^ ^'^ ^^ • °^'^^^«""^ ""^^ '' Adykar ! "") adv. thoughtfully, economically, moderately ; [as, "" bam Adkar ! j"" adkar, dih adkat-y^ Ang, 7). to open, to crack. Ang-aug, c^fZy. in the open sun; [as ""wat leit shah ha ka sngi ang-aiig.^^^ Ang-um, V. {lit. to open the mouth on account of thirst) ; to bo in a fix. JAngel,",6,0.975,1,no,pending,yes
kha-n1906-000025,ahor,ahor,noun,word,"a marshy place, a swamp. Ai, V. to give, to bestow. I * Hiudi. I + Englisli. AIA AI-NONG *Aia, hat n. Ayah.",6,0.975,1,no,pending,yes
kha-n1906-000041,ai lait-lan,ai lait-lan,verb,phrase,"to let loose, to give one his own inclination. Ai-li, V. to give one his own way.",7,0.975,1,no,pending,yes
kha-n1906-000028,ai-'baibat,ai-'baibat,verb,compound,"to pay ready money. v""",6,0.975,1,no,pending,yes
kha-n1906-000026,ai-bai-siew,ai-bai-siew,verb,compound,"to give money for buying things at a time, as, on a hat-dsLj. [",6,0.975,1,no,pending,yes
kha-n1906-000029,ai-bainong,ai-bainong,verb,compound,"to give wages, to reward. [ImU. ai-bainong ai-baini.]",6,0.975,1,no,pending,yes
kha-n1906-000030,ai-baishun,ai-baishun,verb,compound,"to give or pay a paltry sum of money. Ai-bat, V, to give one to hold, to entrust with. ^/Ai-b(5r, v. to authorise, to strengthen, to empower. [ImiL aibor ai-sor.]",6,0.975,1,no,pending,yes
kha-n1906-000031,ai-bud-ndm,ai-bud-ndm,verb,compound,to slander ; to defame.,7,0.975,1,no,pending,yes
kha-n1906-000040,ai-huspai,ai-huspai,verb,compound,"to indulge. v^Ai-lad, V. to give opportunity, to help. [Inui. ailad-ailynti.]",7,0.975,1,no,pending,yes
kha-n1906-000032,ai-kai,ai-kai,verb,compound,"to give for a time, to pretend to give. *Ai-kaiphod, [legal), v. to give explanation. v/",7,0.975,1,no,pending,yes
kha-n1906-000033,ai-kam,ai-kam,verb,compound,to give employment. [Imil. aikam-aijam.],7,0.975,1,no,pending,yes
kha-n1906-000034,ai-khawduh,ai-khawduh,verb,compound,"to leave unlooked or uncared for, to be outcasted.",7,0.975,1,no,pending,yes
kha-n1906-000035,ai-khusnam,ai-khusnam,verb,compound,to confer honour for meritorious conduct.,7,0.975,1,no,pending,yes
kha-n1906-000036,ai-ksew,ai-ksew,verb,compound,to put a dog on the scent.,7,0.975,1,no,pending,yes
kha-n1906-000037,ai-ksnid or ai-ksuid-briew,ai-ksnid or ai-ksuid-briew,verb,phrase,to kill or bring disease on a person by the agency of devils. [Imit. aiksuid-aikhrei.],7,0.950,1,no,pending,yes
kha-n1906-000038,ai-kum,ai-kum,noun,compound,a Synteng ceremony which a man performs on leaving his mother's or relative's house in order to go and live with his wife and children. [ImU. aikum-aiklong.] v-,7,0.950,1,no,pending,yes
kha-n1906-000039,ai-kylliang,ai-kylliang,verb,compound,"to give a loan. [Imit. ai kylliang-aipalat.] / Ai-da\v, V. to give an excuse ; to give reason for. [Imit. aidaw-ai- dong.] , Ai-ei, V. to give freely or gratis. vAi-nguh, V. to give thanks. [ImU. ainguh-aidem.]",7,0.975,1,no,pending,yes
kha-n1906-000042,ai-mon,ai-mon,verb,compound,"to give one his own will. """,7,0.975,1,no,pending,yes
kha-n1906-000044,ai-nishan,ai-nishan,verb,compound,"to name, to point out, to cite, identify. ^ Ai-iiong, V. to give out a work or load to be done or carried on hire. [Imit. ainong-aini.] * Hindi. AIOM APOD Aiom, ha^ n. season, time. Ai-pop, V. to charge with, to blame for. Ai-reng, v, to present the horn (bull-fighting) ; to oppose ; to confront.",7,0.975,1,no,pending,yes
kha-n1906-000045,ai-rong,ai-rong,verb,compound,to paint. \Imit. airong-airup.] i/,8,0.950,1,no,pending,yes
kha-n1906-000046,ai-sakhi,ai-sakhi,verb,compound,"to give evidence. \Imit. ai-sakhi-ai-satar.] Ai-sboh, IK to manure. vA.i-shah, v. to give on credit. \Imit. aishah-aisham.]",8,0.975,1,no,pending,yes
kha-n1906-000047,ai-siew,ai-siew,verb,compound,to sell a thing on payment of its cost price. [,8,0.950,1,no,pending,yes
kha-n1906-000043,aiu,aiu,noun,word,"law, statute. [ImU. ka aiii-ka kanun.]",7,0.950,1,no,pending,yes
kha-n1906-000017,ak,ak,interjection,word,ah ! ejaculation of disgust at an unpleasant smell.,6,0.975,1,no,pending,yes
kha-n1906-000019,akher-ka-sngi,akher-ka-sngi,noun,compound,"Domesday. ' A-khia, ?/, n. {colloquial) an earnest man. *Ak6r, ka, n. behaviour, conduct. . _,. j' > int. Oho ! dear me ! (expressing acute bodily pain).",6,0.975,1,no,pending,yes
kha-n1906-000018,aku,aku,interjection,word,expressing disgust at a bad smell.,6,0.975,1,no,pending,yes
kha-n1906-000050,alhia,alhia,adjective,word,"lazy, idle. [Imit, alhia-alput.]",8,0.950,1,no,pending,yes
kha-n1906-000051,along,along,noun,word,"a lock-up, a Kajut. Am, V. to bite, to plant the teeth in ; — imper. only^ give me.",8,0.975,1,no,pending,yes
kha-n1906-000052,ama or amai,ama or amai,interjection,phrase,oh ! (in case of a narrow escape).,8,0.975,1,no,pending,yes
kha-n1906-000054,amrang,amrang,noun,word,"harsh tone, empty words.",8,0.975,1,no,pending,yes
kha-n1906-000057,an-na,an-na,adjective,compound,idiotic.,8,0.975,1,no,pending,yes
kha-n1906-000055,ana,ana,noun,word,anna ( ^-g of a rupee) .,8,0.975,1,no,pending,yes
kha-n1906-000024,angret,angret,noun,word,"a dare-devil (from Hindustani Angrez). Ah, V. {colloquial) to cut ; — int. ah !",6,0.975,1,no,pending,yes
kha-n1906-000056,ani,ani,interjection,word,"Oh ! (whenin pain or surprise). fAnipot, ha, n. misfortune.",8,0.975,1,no,pending,yes
kha-n1906-000058,antad,antad,verb,word,"to guess, to conjecture ; — adv. by way of conjecture ; moderately. Sind. andaz.",8,0.975,1,no,pending,yes
kha-n1906-000059,antra,antra,noun,word,"chorus. Ap, V. to wait, to stay for.",8,0.975,1,no,pending,yes
kha-n1906-000060,ap-dien,ap-dien,verb,compound,"to guard or watch from behind. \_Imit. apdien- apbud.] *Aphing, Aphim,",8,0.975,1,no,pending,yes
kha-n1906-000062,ap-phira,ap-phira,verb,compound,"to guard as a sentinel. t Apod, ha",8,0.975,1,no,pending,yes
kha-n1906-000061,aphin,aphin,noun,word,opium.,8,0.975,1,no,pending,yes
kha-n1906-000064,ar,ar,adjective,word,two.,9,0.975,1,no,pending,yes
kha-n1906-000067,arbaliang,arbaliang,adjective,word,both sides (of a dispute).,9,0.975,1,no,pending,yes
kha-n1906-000065,arban,arban,adjective,word,"two-fold, double.",9,0.975,1,no,pending,yes
kha-n1906-000066,arbriew,arbriew,noun,word,"two shares, two votes.",9,0.975,1,no,pending,yes
kha-n1906-000068,arbud,arbud,adjective,word,"two folds (of twisted-thread). Arbyteng, | ^,^^ ^^_ ^ .^.^^ ^^^ ^^^^ things). Arbteng, j",9,0.975,1,no,pending,yes
kha-n1906-000072,ardeng,ardeng,noun,word,"two pairs of ornaments. Arduna shisuka, a, Re. 1 annas 12 ; so also arduna-ar-anna.= Re. 1 annas 14, etc.",9,0.975,1,no,pending,yes
kha-n1906-000074,ari,ari,interjection,word,an ejaculation expressing a sensation of cold.,9,0.975,1,no,pending,yes
kha-n1906-000069,arkhap,arkhap,noun,word,"a cleft, a narrow place between two up-rising mounds, a gorge.",9,0.975,1,no,pending,yes
kha-n1906-000070,arkhep,arkhep,noun,word,two occasious.,9,0.975,1,no,pending,yes
kha-n1906-000071,arklur,arklur,noun,word,"two crores. Arkup, A-«, n. two suits of clothes (said of wrappers or shawls).",9,0.975,1,no,pending,yes
kha-n1906-000076,arlak,arlak,noun,word,two lakhs.,9,0.975,1,no,pending,yes
kha-n1906-000075,arldd-nm,arldd-nm,noun,compound,"the junction of two rivers. See sdad, slika.",9,0.975,1,no,pending,yes
kha-n1906-000077,arliang,arliang,noun,word,"two sides ; — ad. into two parts, in halves.",9,0.975,1,no,pending,yes
kha-n1906-000078,arliang niamla,arliang niamla,noun,phrase,"two contending parties. Armet, ha^ n. {lit. two bodies) hence to be in the family way.",9,0.975,1,no,pending,yes
kha-n1906-000073,arngat,arngat,adjective,word,"two (persons). Arhajar, ha^ n. two thousand.",9,0.975,1,no,pending,yes
kha-n1906-000082,aro,aro,interjection,word,"{colloquial), there you are !",9,0.975,1,no,pending,yes
kha-n1906-000079,arpateng,arpateng,noun,word,"two steps, two generations.",9,0.975,1,no,pending,yes
kha-n1906-000080,arphew,arphew,adjective,word,tweaty.,9,0.975,1,no,pending,yes
kha-n1906-000081,arpiah,arpiah,noun,word,lis. 2 annas 8. i',9,0.975,1,no,pending,yes
kha-n1906-000083,arsap,arsap,adjective,word,"two-fold, hypocritical.",9,0.975,1,no,pending,yes
kha-n1906-000085,arsh'ing,arsh'ing,noun,word,"{lit. two cowries) hence 2 pice — when used along with annas, as, liii-arsh'ing =",9,0.975,1,no,pending,yes
kha-n1906-000084,arshah,arshah,adverb,word,"doubly,"" twice as much.",9,0.975,1,no,pending,yes
kha-n1906-000087,arsut,arsut,adverb,word,downwards. t Bengali (^t^).,9,0.975,1,no,pending,yes
kha-n1906-000088,artat atoskhana ' artat,artat atoskhana ' artat,adverb,phrase,"besides, at the same time [as, "" u trei bad ka siaw artai""^^ ; on the Avav, on passing by [as, *' wan khot artat ynda phi leit, ho.""]",9,0.975,1,no,pending,yes
kha-n1906-000089,artatien,artatien,adjective,word,"doiibtfal. Arteng"", ad. two occasions A rtet, adv. np, upwards, northwards.",10,0.975,1,no,pending,yes
kha-n1906-000090,arwat,arwat,adverb,word,"twice, two fokls (of string).",10,0.975,1,no,pending,yes
kha-n1906-000091,asbab,asbab,noun,word,"luggage. *Asha,r, ka, n. preserved fruits or vegetables, chutney.",10,0.975,1,no,pending,yes
kha-n1906-000092,asir,asir,noun,word,a toll at Lakhat Bazar in Kliyrim. [^Imit. ka dan ka asir.],10,0.975,1,no,pending,yes
kha-n1906-000002,assam administratio,assam administratio,noun,phrase,"Agents In India (O Mes*rs. Th»cWer, Spinlc & Co.,",1,0.975,1,no,pending,yes
kha-n1906-000093,astor,astor,noun,word,"the plastering with lime. At, V. to swell, to bulge out, to harbour ill feelings.",10,0.975,1,no,pending,yes
kha-n1906-000096,at-bylleu,at-bylleu,verb,compound,to swell as if affected with nettle-rash.,10,0.975,1,no,pending,yes
kha-n1906-000102,at-mytung,at-mytung,verb,compound,"to swell prominently, same aa At-mttmg. Atnud, xi. to feel revengeful, to envy.",10,0.975,1,no,pending,yes
kha-n1906-000103,at-pateng-pateng,at-pateng-pateng,verb,reduplication,to form swellings here and there.,10,0.975,1,no,pending,yes
kha-n1906-000104,at-phyllung,at-phyllung,verb,compound,to roll in waves.,10,0.975,1,no,pending,yes
kha-n1906-000094,ata,ata,noun,word,flour.,10,0.975,1,no,pending,yes
kha-n1906-000095,atad,atad,noun,word,a compound of a house.,10,0.975,1,no,pending,yes
kha-n1906-000097,atbylliang,atbylliang,noun,word,"swelling as if caused by a lash of a whip. At-khu, V. to be envious of. jAtkpoh, V, to have flatulence. [Imit. atkpoh-atsnier.] At-kuda, V. to be formed into a notch. """,10,0.975,1,no,pending,yes
kha-n1906-000098,atiar,atiar,noun,word,"instrument, weapon {Hind. Hatiar).",10,0.950,1,no,pending,yes
kha-n1906-000099,atjalyngkhiang,atjalyngkhiang,noun,word,"a glandular swelling. Al Vl "" ' \^'"" scoltlingj unlucky, obstinate. A j-11 • °' [ V, io swell all over. Atlbmg, )",10,0.975,1,no,pending,yes
kha-n1906-000100,atlyngkding,atlyngkding,verb,word,to swell (of the abdomen).,10,0.975,1,no,pending,yes
kha-n1906-000101,atmiang,atmiang,verb,word,to have the mumps.,10,0.975,1,no,pending,yes
kha-n1906-000106,ator,ator,noun,word,sweet scent.,10,0.975,1,no,pending,yes
kha-n1906-000107,atoskhana,atoskhana,noun,word,"chimney. * Hindi. AT-TOP BANG At-top, V. to be dropsical. Awa], / j^^^ ^^ voice, sound. ""Aw at, ) Aw-aw, (ml-), ad. importunately (crave) . [As, "" u ud aw-aw kum u b'ym ioli ka ja ba'n bam ruli.""]",10,0.975,1,no,pending,yes
kha-n1906-000105,atsohkhliang,atsohkhliang,verb,word,to have an excrescence on the body.,10,0.975,1,no,pending,yes
kha-n1906-000108,awria,awria,adjective,word,"licentious. B. B, the second letter in tbe Kliasi alphabet.",10,0.975,1,no,pending,yes
kha-n1906-000315,b'ym,b'ym,phrase,phrase,"that. ..not, because it is not. (It is a contraction of ba + ym.)",23,0.975,1,no,pending,yes
kha-n1906-000316,b'ymdei,b'ymdei,adjective,word,"improper, not right. (Ba -f ymdei.)",23,0.975,1,no,pending,yes
kha-n1906-000317,b'ymjukut,b'ymjukut,adjective,word,eternal.,23,0.975,1,no,pending,yes
kha-n1906-000318,b'ymler,b'ymler,adjective,word,"good for nothing. * Hindi. | t Hcugali, l> 18",23,0.975,1,no,pending,yes
kha-n1906-000109,ba,ba,conjunction,word,"that, for, inasmuch as, since. 2. As a 'prefix^ it forms Adj.^ as, ict^bha. 3. As a suffix, it forms a",11,0.975,1,no,pending,yes
kha-n1906-000165,ba'n la,ba'n la,phrase,phrase,rather than.,14,0.975,1,no,pending,yes
kha-n1906-000131,ba-iai,ba-iai,adjective,compound,"always, steadfast [as, "" ko Pa ba lah ba-z«?.""] \/baibam, ka, 7^. allowance, diet expenses, stipend. \^l'miL 'baibam ' — 'bai-dili ] 'baibat, ka^ n. cash, ready-money, ^baikhrong, ka. n. toll, tax. \Imit. 'baikhrong-'bai musur.] 'baikliarwait, ka^ n. redemption money, war indemnity. Baid (iam-), ad. peevishly (cry). v>!3ailut, ka^ n, expenditure, cost. \Imit. bailut-baisep.] 'bai mynraiukhmat, ka^ n. compensation for breach of any contract or agreement, es'p. a marriage contract.",12,0.975,1,no,pending,yes
kha-n1906-000148,ba-met,ba-met,adjective,compound,full (said of tubers and fruits).,13,0.975,1,no,pending,yes
kha-n1906-000111,babe,babe,verb,word,"to rue, to repent.",11,0.975,1,no,pending,yes
kha-n1906-000112,babha,babha,adjective,word,good. \Im%t. babha-bamiat.],11,0.950,1,no,pending,yes
kha-n1906-000113,baborshi,baborshi,noun,word,"a cook. /tBabu, u^ n. a Baboo, a native gentleman, a writer, a school master. \^lmit. u Babu-phubu.]",11,0.975,1,no,pending,yes
kha-n1906-000122,bad,bad,conjunction,word,"and ; — prep, with. Bdd, V. to exclude, to make an exception.",11,0.975,1,no,pending,yes
kha-n1906-000123,baden,baden,noun,word,"an irrigated rice field. Ba-ding, t\ to light with a torch or lamp.",11,0.975,1,no,pending,yes
kha-n1906-000124,badon-ba-em,badon-ba-em,noun,compound,a well-to-do person.,11,0.975,1,no,pending,yes
kha-n1906-000127,bah -bang,bah -bang,verb,phrase,"to carry loads witli a stick across the shoulder, like the Bengalis.",12,0.975,1,no,pending,yes
kha-n1906-000128,bahkhala,bahkhala,verb,word,"to be answerable for, to be responsible for.",12,0.975,1,no,pending,yes
kha-n1906-000129,bahkyndong,bahkyndong,verb,word,to be always carrying.,12,0.975,1,no,pending,yes
kha-n1906-000130,bahryndang,bahryndang,verb,word,"to be vicarious. Bahtympha, z/, n. wall -plate. 'bai, u, 11. [abbreo. of shai), a cowry [this is seen in the names of different varieties of cowrie-shells, as u 'bai-kmii, u ^bai-. shuti]; — /i'a, 11. price or value.",12,0.975,1,no,pending,yes
kha-n1906-000132,baiii-bain,baiii-bain,adverb,compound,"very (soft, as, jem baifi-bain).",12,0.975,1,no,pending,yes
kha-n1906-000134,baiong,baiong,verb,word,"to be giddy, to be attacked with headacho. \lmU. baioDg-bangit.] Ba ioh, 'plir. lest, for fear. -^a-ioh-ba-kot, flir. a well-to-do person.",12,0.975,1,no,pending,yes
kha-n1906-000138,bajawalla,bajawalla,noun,word,"band (military) — u, a bandsman. ' * Hindi. 8 BAJE bAmRWING *Baje, ha^ n. clock, watch, gong.",13,0.975,1,no,pending,yes
kha-n1906-004091,bajikor,bajikor,noun,word,a juggler.,271,0.975,1,no,pending,yes
kha-n1906-000140,bajuhon,bajuhon,noun,word,a kind of bracelet.,13,0.975,1,no,pending,yes
kha-n1906-000114,bak,bak,adverb,word,"away, sharp [as, "" u la leit noh hah sha ing.""]",11,0.975,1,no,pending,yes
kha-n1906-000115,bak-bak,bak-bak,adverb,reduplication,"heedlessly [as, "" u la laid baJc-bak khiem kyrtiang dien.""]",11,0.975,1,no,pending,yes
kha-n1906-000120,bak-jingbak,bak-jingbak,adverb,compound,"in spite of opposition, persistently [as, "" u shu phet lyndet bah-jingbah khlem kren ia nga.""] ,",11,0.975,1,no,pending,yes
kha-n1906-000116,bakha,bakha,noun,word,"a son or daughter of a maternal uncle or paternal aunt. ' Bakhor,",11,0.975,1,no,pending,yes
kha-n1906-000118,bakhraw,bakhraw,adjective,word,"large, big, great ; — w, n. a dignitary, a noble. s/",11,0.975,1,no,pending,yes
kha-n1906-000119,bakhraw-batri,bakhraw-batri,noun,compound,"a noble, a person of high family.",11,0.975,1,no,pending,yes
kha-n1906-000121,bakla,bakla,verb,word,"to err, to make a mistake, \lmit. bakla-bakli.]",11,0.975,1,no,pending,yes
kha-n1906-000139,balangj ka,balangj ka,noun,phrase,"the church ; a society (religious) ; — a. gathered, congealed.",13,0.975,1,no,pending,yes
kha-n1906-000141,balei,balei,adverb,word,"why ? for what reason. Balia, -v. to interfere, to meddle.",13,0.975,1,no,pending,yes
kha-n1906-000144,bam-bnai,bam-bnai,verb,compound,to board ; to live at another's table for pay.,13,0.975,1,no,pending,yes
kha-n1906-000155,bam-fiiangriej,bam-fiiangriej,verb,compound,to be wormeaten (said of fruits).,13,0.975,1,no,pending,yes
kha-n1906-000150,bam-hynroh-n-bnai,bam-hynroh-n-bnai,noun,compound,"eclipse of the moon. Bam-hynroh-ka-sngi, haha^ n. eclipse of the sun.",13,0.975,1,no,pending,yes
kha-n1906-000151,bam-ja-khluit,bam-ja-khluit,verb,compound,{lit. to eat scalding cooked rice) hence to be too hasty in doing a thing.,13,0.975,1,no,pending,yes
kha-n1906-000152,bam-jajah,bam-jajah,verb,compound,"to take cold rico, to have a mid-day meal.",13,0.975,1,no,pending,yes
kha-n1906-000153,bam-jasngi,bam-jasngi,verb,compound,to take tiffin or mid-day nieal.,13,0.975,1,no,pending,yes
kha-n1906-000146,bam-khuti,bam-khuti,verb,compound,to take bribes.,13,0.975,1,no,pending,yes
kha-n1906-000147,bam-krang,bam-krang,verb,compound,"to undermine. Bam kwai ha ing U Blei, plir. {lit) to eat betel nut in the house of God. This is a form of speech among- the Khasis wlienever they happen to make mention of a departed relative or friend.",13,0.975,1,no,pending,yes
kha-n1906-000149,bam-ngem,bam-ngem,adjective,compound,one who commits secret faults. \_IniU. bamngem- bamsap.],13,0.975,1,no,pending,yes
kha-n1906-000154,bam-niang-iap,bam-niang-iap,noun,compound,"a disease which attacks the under part of the toes, supposed to be caused by sand getting bet\Yeen the cleavage.",13,0.975,1,no,pending,yes
kha-n1906-000161,bam-sbiteng-kpoh,bam-sbiteng-kpoh,verb,compound,to take half a meal.,14,0.975,1,no,pending,yes
kha-n1906-002899,bam-shangki,bam-shangki,noun,compound,an old fashioned gun used by the Khasis long ago ; a jingal.,189,0.975,1,no,pending,yes
kha-n1906-000164,bam-tyllan,bam-tyllan,verb,compound,"to devour ; to eat without throwing away anything of it., to eat wholly [as, in, the case of a fowl — without throwing away the entrails or feathers.] Ban, V. to press upon, to treat cruelly, to oppress ; — ^ka, n. a bcm or mantra. I Ban, ka-i n. a dam ; a bund. Ba'n=sign of Inf. to; — prep, to, in order that.",14,0.975,1,no,pending,yes
kha-n1906-000145,bambriew,bambriew,adjective,word,"cannibal, man-eating.",13,0.975,1,no,pending,yes
kha-n1906-000158,bamplan,bamplan,verb,word,to live from hand to mouth.,13,0.975,1,no,pending,yes
kha-n1906-000159,bamram,bamram,verb,word,"to live in debt, to incur debt. \_Imit. bamram-bam- shah.] Bamrwing, u. to eat a thing (fruits, etc.) on the way for personal desire or necessity, [e.g., a traveller who plucks fruits (from a grove belonging to others) on the way for eating there and then and not for taking them home or for selling is said to ham-7^wwg.'\ * Hindi. 9",13,0.975,1,no,pending,yes
kha-n1906-000160,bamsap basa bamsap,bamsap basa bamsap,verb,phrase,to take bribes; to commit secret faults.,14,0.975,1,no,pending,yes
kha-n1906-000162,bamsih,bamsih,verb,word,"to eat bad things {e.g. the flesh of dead animals, of dogs, etc.).",14,0.975,1,no,pending,yes
kha-n1906-000163,bamtyngka,bamtyngka,verb,word,to take bribes.,14,0.975,1,no,pending,yes
kha-n1906-000167,ban budkhia,ban budkhia,verb,phrase,to stitch.,14,0.975,1,no,pending,yes
kha-n1906-000306,ban-ktien,ban-ktien,adjective,compound,"talkative, loquacious.",22,0.975,1,no,pending,yes
kha-n1906-000173,ban-snaiap,ban-snaiap,noun,compound,"incubus. Bauiun, ka^ n. a bog.",14,0.975,1,no,pending,yes
kha-n1906-000166,banat,banat,noun,word,a woollen cloth. \_Imit. ka banat-ka patu.],14,0.975,1,no,pending,yes
kha-n1906-000168,bandari,bandari,noun,word,a revenue official in Jaintia Hills in the time of the late,14,0.975,1,no,pending,yes
kha-n1906-000170,bandobos,bandobos,verb,word,to make arrangements ; to settle.,14,0.975,1,no,pending,yes
kha-n1906-000125,bang,bang,adjective,word,"tasty, savoury, palatable; — Jca^ n. a piece of bamboo with which the Bengalis carry loads by throwing it across the shoulder. * Hindi. J t Bengali. BAFI BAJAWALLA Bab, V. to carry on one's back, to bear ;— ?/, n. an elder brother {voc. case, and a term of respect) ; — a, great, big (generally joined AYith a Noun in its abbreviated form, as, 'maw6«/^, 'rad^^A, etc.).",11,0.975,1,no,pending,yes
kha-n1906-000171,bania,bania,noun,word,a goldsmith.,14,0.975,1,no,pending,yes
kha-n1906-000172,banse,banse,verb,word,"(used negatively) obliged to, to have no other alterna- tive (as, u'm banse=-hQ is obliged).",14,0.975,1,no,pending,yes
kha-n1906-000174,baphoi,baphoi,adjective,word,"vindictive, captious, easily offended.",14,0.975,1,no,pending,yes
kha-n1906-000175,bapli,bapli,adjective,word,"pitiable, poor.",14,0.975,1,no,pending,yes
kha-n1906-000177,baranda,baranda,noun,word,verandah.,15,0.975,1,no,pending,yes
kha-n1906-000178,barandi,barandi,noun,word,"a long cloak ; brandy (wine). fBarobakhor, u, n. spices.",15,0.975,1,no,pending,yes
kha-n1906-000179,barobor,barobor,adverb,word,"always, incessantly.",15,0.975,1,no,pending,yes
kha-n1906-000180,baroh,baroh,adjective,word,"all, every \—pliar, every one, entirely.",15,0.975,1,no,pending,yes
kha-n1906-000181,basa,basa,noun,word,"a village-deity ; — ka, n. a standing in a market place, a stall, — adv. as a lodger, as in the words shong6«5«,",15,0.975,1,no,pending,yes
kha-n1906-000184,bashala,bashala,adjective,word,"not straight, crooked (of planks).",15,0.975,1,no,pending,yes
kha-n1906-000185,bashia,bashia,adjective,word,to be particular in the choice of food ; fastidious.,15,0.975,1,no,pending,yes
kha-n1906-000186,bashla,bashla,verb,word,"to be dazzled. Basli, kcif n. a flute. Bat, V. to hold, to catch hold of, to grasp.",15,0.975,1,no,pending,yes
kha-n1906-000189,batai,batai,verb,word,"to explain, to make clear, SJmit batai-satai.] *Bate, V. to distribute.",15,0.975,1,no,pending,yes
kha-n1906-003106,batap,batap,noun,word,"space between strata of rocks ; a crevice. Satar, o, tough. ; ha doli satar-y n. tough flesh.",203,0.975,1,no,pending,yes
kha-n1906-000190,batip,batip,adverb,word,"knowingly (often ironically, as, u kren hatip). \_hmt- batip-banang.]",15,0.975,1,no,pending,yes
kha-n1906-000191,batip sngi,batip sngi,adjective,phrase,"good, well-behaved. [Imii. batipsngi-tipnong.] Bed (same as bet) . fBeng, ka, n. a big frog. Beh, V. to send away, to expel, to pursue, to seek ; as, a prefix == about to (as in the words, beh^h.oh, hehloh, behihok).",15,0.975,1,no,pending,yes
kha-n1906-000204,bcr,bcr,adverb,word,"like a flash [as, "" nga ioh-i ia ka hamar ba ka bd ka lei-lieh 5^/-.""] Bet, V. to sow; — u, n. sedge ; — also a word put at the end of a sen- tence and is equivalent to "" let me see "" [as, "" u'n leh a-ia ftei.""]",16,0.975,1,no,pending,yes
kha-n1906-003141,bdad um,bdad um,noun,phrase,"the jimction of rivers. Sdang, V. to commence, to begin. Sden, V. to dam a stream. Sder,",205,0.975,1,no,pending,yes
kha-n1906-003143,bdien,bdien,verb,word,"to hang, to suspend. Sdot, ""V. to dwindle, to be reduced in strength, to pine away,",206,0.975,1,no,pending,yes
kha-n1906-000192,behbeiii,behbeiii,verb,word,"to drive or persecute wrongly, \Jmit. behbein-beh-khoh.]",15,0.975,1,no,pending,yes
kha-n1906-000194,behdiengkhlam,behdiengkhlam,noun,word,a Synteng annual festival to drive away pestilence (cholera) .,15,0.975,1,no,pending,yes
kha-n1906-000193,behkha-behman,behkha-behman,adjective,compound,helpful to neighbours in time of need.,15,0.975,1,no,pending,yes
kha-n1906-000195,behmrad,behmrad,verb,word,"to hunt after wild animals (so also, beh-skei, beh khiat, beh-dngiem, etc.). \Imit. behmrad-behmreng.]",15,0.975,1,no,pending,yes
kha-n1906-000196,behnongshohnoh,behnongshohnoh,verb,word,to pursue in order to murder for the propi- tiation of u,16,0.975,1,no,pending,yes
kha-n1906-000198,behsbai,behsbai,verb,word,to go about collecting debts.,16,0.975,1,no,pending,yes
kha-n1906-000199,behshnong,behshnong,verb,word,to excommunicate (from the village). \_Irnit. beh- shnong-behthaw.],16,0.975,1,no,pending,yes
kha-n1906-000200,behshoh,behshoh,verb,word,"to threaten to beat. [Imit. behshoh-behdat.] Bei, V. to help with money, — ka, n, mother (Synteng). *Be-ijot (leh), v. to dishonour. *Bei-man (same as b'ymman), adv. falsely, untrustworthily. Bein, V. to scorn, to despise, to challenge ; — adv. scornfully, con- temptuously, cruelly [as, leh bein^",16,0.975,1,no,pending,yes
kha-n1906-000201,beiii-shyntur,beiii-shyntur,verb,compound,to make a mouth. * Hiudi. I t Bengali. 11,16,0.975,1,no,pending,yes
kha-n1906-000202,beit biang beit,beit biang beit,adjective,phrase,"straight, right ; — adv. uprightly ; — v. to agree. tBela, ka^ n. a violin.",16,0.975,1,no,pending,yes
kha-n1906-002918,beit-shdn,beit-shdn,noun,compound,a very hard and durable wood used for posts.,190,0.975,1,no,pending,yes
kha-n1906-002917,beng-'mat,beng-'mat,noun,compound,"the eyebrow. * Hiudi. 172 REM RIAT Rem, V. to be defeated, to be guilty ; t3 be expensive, to get offend- ed ; highly priced, — a. dear.",190,0.975,1,no,pending,yes
kha-n1906-000205,bet-dier,bet-dier,verb,compound,"to be late in the season to sow, late sowing.",16,0.975,1,no,pending,yes
kha-n1906-000206,bet-lap,bet-lap,verb,compound,"to sow a seed early in the season,",16,0.975,1,no,pending,yes
kha-n1906-000207,bha,bha,adverb,word,"well ; good, better.",16,0.975,1,no,pending,yes
kha-n1906-000212,bha-sngi,bha-sngi,adjective,compound,"lucky. Bhek, ad, heavily, (as, hap hheky buh hhek). Bhoh, V. to desire impudently. Blioi, ;/. the inhabitant of the northern lowlands of the Khasi and Jaintia Hills ; an ignorant man.",17,0.975,1,no,pending,yes
kha-n1906-000208,bhabriew,bhabriew,adjective,word,"beautiful, pretty. * Bhang, M, ?^.. bhang, Indian wild hemp; — {khie-) v. to become mad, as from the effect of bliang. •",16,0.975,1,no,pending,yes
kha-n1906-000209,bhah,bhah,noun,word,"share, f",16,0.975,1,no,pending,yes
kha-n1906-000210,bhai,bhai,noun,word,a friend.,16,0.975,1,no,pending,yes
kha-n1906-003220,bhalyntem,bhalyntem,noun,word,a wheel.,210,0.975,1,no,pending,yes
kha-n1906-000211,bhamet,bhamet,adjective,word,"healthy, having a good constitution. Bhar, ka^ n. a number containing thirty-two (in counting fruits at Cherra and other bazars),",16,0.975,1,no,pending,yes
kha-n1906-003224,bhan,bhan,verb,word,"to support, to prop, hold on,",210,0.975,1,no,pending,yes
kha-n1906-003227,bhan-khung,bhan-khung,noun,compound,rafter. 8han-,210,0.975,1,no,pending,yes
kha-n1906-000213,bhuk-bhak,bhuk-bhak,adverb,compound,"confusedly (as, ki la bred hhuk-hhak la ki jing- kit).",17,0.975,1,no,pending,yes
kha-n1906-000214,bhum-bham,bhum-bham,adverb,compound,"with conf asion of noises [as, "" nga shu sngew da ka jingsawa hlmm'bham jong u paitbah.""]",17,0.975,1,no,pending,yes
kha-n1906-000215,bhur,bhur,noun,word,"(goes along with pang) epilepsy ;— «. one of a herd (said of wild boars). *Bhut, u, 71. a ghost, evil spirit. [Imit. u bhut-u: soitdn.]",17,0.975,1,no,pending,yes
kha-n1906-000216,bhut-bhat,bhut-bhat,adverb,compound,"instantly (as, bam bhut bhat). fBia, V. to marry.",17,0.975,1,no,pending,yes
kha-n1906-000220,biah-tynipew,biah-tynipew,verb,compound,"to apj)ly a little quantity of lim3 to a pan-lGa,i folded.",17,0.975,1,no,pending,yes
kha-n1906-000219,biahphongrai,biahphongrai,verb,word,"to infect, to taint, to lay eggs on flesli (by a fly).",17,0.975,1,no,pending,yes
kha-n1906-000217,biang,biang,adjective,word,"enough, — ad. again, a second time; in peace [as, ""khie laid biang ho.""] f Hindi. I t Bengali. | + English. 0 3 12",17,0.975,1,no,pending,yes
kha-n1906-000218,biangbiang bishni biangbiang,biangbiang bishni biangbiang,adverb,phrase,"carefully [as, leh biang biaiig'] ""Biah, V. to spit ; to change ; to return the exc 3ss money in a bar"" ter ; — n. ka, a bundle of 60 pan or betel-leaves.",17,0.975,1,no,pending,yes
kha-n1906-000221,biar,biar,noun,word,"a wall {ekra) ; girth. Biat, V. to eat a little at a time (of small pulses) . Bikrompnkliiah, katU. a very large eagle (fabulous). fBidesi, ad. to a foreign land [as, "" bun ki Khasi kiba ghongsang ki leit Z>?c?m.""] Bidong, V. to be strict ; — ad. strictly, Trithoit indulgence [as, "" balei phi kren bidong eh ia ki khun.""]",17,0.975,1,no,pending,yes
kha-n1906-000222,bieit,bieit,adjective,word,"foolish, disabled, dumb. [Imit. babieit-ba anna.] Same as bie/.",18,0.975,1,no,pending,yes
kha-n1906-001337,biengpyngkiang,biengpyngkiang,noun,word,"a cross-bar, obstacle. 2)ieng-ri, ka, n. {Bot.)",78,0.975,1,no,pending,yes
kha-n1906-001344,biengshankhung,biengshankhung,noun,word,"a truss. Biengshiab, u^ n, a brier, a thorn, a bramble. 6^",79,0.975,1,no,pending,yes
kha-n1906-003456,biew-baibat,biew-baibat,verb,compound,"to buy in ready money, to buy in cash.",224,0.975,1,no,pending,yes
kha-n1906-000223,bih,bih,noun,word,"poison. Bijai, V. t ) become worthless; — bi/aiei, ad. in vain, for nought.",18,0.975,1,no,pending,yes
kha-n1906-000291,biid-markjat,biid-markjat,verb,compound,"to follow close to the heels. Buh, V. to put, to place, to apjioint.",22,0.975,1,no,pending,yes
kha-n1906-000300,biiid,biiid,adjective,word,"itching, exciting. * Hindi. | t Bengali. 17 BUI5J B^YMLER Buifi, V. to Slick. Buin-b4in, ad. with grimaces, contortively, [as, '' khih ka khmat",22,0.975,1,no,pending,yes
kha-n1906-000288,biik-bak,biik-bak,adverb,compound,"as quick as possible [as, trei huJc-hak]. Bdd, V. to follow, to imitate ; — n. a fold of a thread or rope, as shi- bud=:.QjxQ fold, ar6M(i= two-fold, etc. fBudam, w, n. a button.",21,0.975,1,no,pending,yes
kha-n1906-000304,biin,biin,adjective,word,"many, much. Bun,",22,0.975,1,no,pending,yes
kha-n1906-000224,bijar,bijar,adjective,word,"sorrowful, grievous ; — v. sorry.",18,0.975,1,no,pending,yes
kha-n1906-000225,bilat,bilat,noun,word,"England ; Europe. Bill, w,w. an iron instrument for lifting a cooking vessel from the fire; an instrument for punishing criminals, leg-chaiu. [^Imit. u bili-u kynda.] JBim, u. n. a beam ; — ad. heavily (as the fall of big timbers or stones), [as, ""u maw u hap biai hapoh um.""] Bin, a''^. carefully (to pick), [as, "" wat leh khlemakor, da tarn bin ia ki sohkhawja.""] Bin-bin, ??. an atom ; — ad. very small. [As, ""ki symbai kibarit bin-bm.^'^ Binong-bishon (khun-), a. good, noble. tBir, ka, n. a marsh, a lake. T')ira-biri, a. to be in confusion.",18,0.975,1,no,pending,yes
kha-n1906-003464,bim-tyngwieng,bim-tyngwieng,noun,compound,"water-ouzel ; a man who makes much show of his turban, a fop. Sin, V. to nickname. [Imit. sin-rngop.] Sip, V. to break a thing, as an acorn, between the front teeth. Sip-sip-sap-sap, ad, in an underhand way, not openlyi",225,0.975,1,no,pending,yes
kha-n1906-000226,biria,biria,adverb,word,"jokingly [as, "" wat bitar haba nga kren biria.''] [/mif. biria-birai].",18,0.975,1,no,pending,yes
kha-n1906-000229,bishar,bishar,verb,word,to judge ; — n. legal proceedings. iLnit. bishar-khadar.],18,0.975,1,no,pending,yes
kha-n1906-000230,bishni,bishni,verb,word,"to be envious. * Hindi. | f Bengali. | J English. 13 BISTI BONG KNANG *Eisti, u. n. a water-carrier, a hhisti.",18,0.975,1,no,pending,yes
kha-n1906-000231,bit,bit,adjective,word,"fit, proper ; — v. to t^tick ; to resemble.",18,0.975,1,no,pending,yes
kha-n1906-000232,bitar,bitar,adjective,word,aDgcy. Blab-blab {kren)^ ad. to jabber.,18,0.975,1,no,pending,yes
kha-n1906-000234,blait,blait,adverb,word,"tbroiigh, acrosi, (as, mih Malt). , Blait-blait, (lieh-), ad. bloodlessly (white).",18,0.975,1,no,pending,yes
kha-n1906-000235,blang,blang,noun,word,"goat. Blang-\\-bbe(i, u, n. collective name for sacrificial articles brought by ryots to the",18,0.975,1,no,pending,yes
kha-n1906-000237,blar-blar,blar-blar,adverb,reduplication,"pale [as, ""balei ka khmat ka lieh hlar hlar kumne ?""] — a. not tasty, colourless, (as, *'u shet hlar-hlar ia ka jyntah""). Blaw, (sngew-), v. feel lonely. v^",19,0.975,1,no,pending,yes
kha-n1906-000233,bldd,bldd,adjective,word,"tasteless, unpalatable.",18,0.975,1,no,pending,yes
kha-n1906-000239,blei-thaw,blei-thaw,noun,compound,"an idol, an image.",19,0.975,1,no,pending,yes
kha-n1906-000240,bliat-bliat,bliat-bliat,adverb,reduplication,"altogether, completely (as, khoh hliat-hliat).",19,0.975,1,no,pending,yes
kha-n1906-000241,blir-blir,blir-blir,adverb,reduplication,"pale (as, stem blir-blir). Bloit, V. to fall off; — ad. suddenly and imperceptibly (as, mih hloit).",19,0.975,1,no,pending,yes
kha-n1906-000242,blom-blom,blom-blom,adverb,reduplication,"mutteringly [as, ""ki briew ki iakron blom blom.'^]",19,0.975,1,no,pending,yes
kha-n1906-000243,bluit,bluit,adverb,word,"suddenly (as, mih blint).",19,0.975,1,no,pending,yes
kha-n1906-000244,blur,blur,adverb,word,"through, from side to side (as, pei blur). Bna, V. to hear, to be informed.",19,0.975,1,no,pending,yes
kha-n1906-002958,bmiang,bmiang,noun,word,"the margin, the rim ; border (cloth). 175",194,0.975,1,no,pending,yes
kha-n1906-000245,bnai,bnai,noun,word,"moon, month. Bnerg, s^e byneng. Bniah, see byniah. Bniap, see byniap. Bniat, see byniat. Bniej, same as byniej.",19,0.975,1,no,pending,yes
kha-n1906-000246,bnoh,bnoh,noun,word,"u purlin, a stick with a crooked head. Bok, Jca, 11. luck. [Imit. ka bok-ka rwiang.] , *Bok-bok, V. to bother.",19,0.975,1,no,pending,yes
kha-n1906-000248,bohkhaila,bohkhaila,noun,word,"a dhoti or a garment for the loins (worn by males). Boi, V. to swarm, to be plentiful.",19,0.975,1,no,pending,yes
kha-n1906-000249,boi-boi,boi-boi,adverb,reduplication,"soft and coming off easily (as, lah hoi-hoi). *Boiua, ka^ n. earnest or pledoje money.",19,0.975,1,no,pending,yes
kha-n1906-000250,boifi-boin,boifi-boin,adverb,compound,"very soft, yielding (as, jem boin-hoin).",19,0.975,1,no,pending,yes
kha-n1906-000251,boit,boit,noun,word,a fabulous fairy of only a cubit in stature ; a Lilliputian ; a small boy in the War districts.,19,0.975,1,no,pending,yes
kha-n1906-000252,boit ha,boit ha,noun,phrase,a rudder.,19,0.975,1,no,pending,yes
kha-n1906-000247,bong-ang,bong-ang,verb,compound,"to stand or sit astride, to straddle. Bong-knang (raikhoh-, rit-), ad. lean and thin. [As, "" i briew HhdbVii bong knang.^^^ — * Hindi. — — 14 BOH BROI Boh, V. to tie behind,",19,0.975,1,no,pending,yes
kha-n1906-002965,bong-iong,bong-iong,noun,compound,black colour ; tar.,194,0.975,1,no,pending,yes
kha-n1906-000254,borkyndat,borkyndat,noun,word,"a guard for prisoners (from Barkandaz). Borma, ti. n. auger ; a native of",20,0.975,1,no,pending,yes
kha-n1906-001418,bpei,bpei,noun,word,hearth ; ashes.,83,0.975,1,no,pending,yes
kha-n1906-000157,brahmi,brahmi,noun,word,"Bampong, kciha^ n. cancer, scrofula.",13,0.975,1,no,pending,yes
kha-n1906-000256,brai,brai,verb,word,"like, fond of ; — u^ n. a kind of white mongoose.",20,0.975,1,no,pending,yes
kha-n1906-000258,bram,bram,adjective,word,"poisonous (of fungi or fruits). Bran (laid), ad, quickly, briskly, in haste.",20,0.975,1,no,pending,yes
kha-n1906-000259,bred,bred,verb,word,to throw away.,20,0.975,1,no,pending,yes
kha-n1906-000260,bred-ei,bred-ei,verb,compound,to throw away as worthless.,20,0.975,1,no,pending,yes
kha-n1906-000261,breifi-brein,breifi-brein,adverb,compound,falling softly like a drizzle.,20,0.975,1,no,pending,yes
kha-n1906-000262,bri,bri,noun,word,"a grove, an estate, a farm. [^Imit. ka bri-ka kliyndew.]",20,0.975,1,no,pending,yes
kha-n1906-000263,bria,bria,adverb,word,"slightly, indistinctly (as, thoh hria). Bri-kwai, ka^ n. a betel-nut grove.",20,0.975,1,no,pending,yes
kha-n1906-000264,brin,brin,adverb,word,as in a row (as mih brin).,20,0.975,1,no,pending,yes
kha-n1906-000265,brisoh,brisoh,noun,word,"an orange grove {lit. fruit grove). Briw, briew, w. a mnn, woman, person ; («-) the apple of the eye— * •pi. ki 6W^to= people.",20,0.975,1,no,pending,yes
kha-n1906-000266,broh,broh,adverb,word,"pitted (generally goes along with soh). Broi (soh), u, n. a kind of sour fruit. * Hiudi. I X English. | § Assamese. 15 BROIN BTHUH Broin, «fZ. spotted, (as, thoh broin) .",20,0.975,1,no,pending,yes
kha-n1906-000267,brop,brop,adverb,word,"unexpectedly, gradually (as, hap bro2)) .",20,0.975,1,no,pending,yes
kha-n1906-000268,brop-brop,brop-brop,adverb,reduplication,in drops.,20,0.975,1,no,pending,yes
kha-n1906-000269,brot,brot,noun,word,"bronze. Bmb, see sob bruh.",20,0.975,1,no,pending,yes
kha-n1906-000257,brtii,brtii,adverb,word,"asunder (of a string when snapped [as, "" dkut hrai u jyrmi.""]",20,0.975,1,no,pending,yes
kha-n1906-000270,bruin,bruin,adverb,word,"with large spots (as, thoh bruin).",20,0.975,1,no,pending,yes
kha-n1906-000271,brum-brum,brum-brum,adverb,reduplication,"with heavy steps of a number of persons ; [as iaid brum-brum.^ Bsa, V. to feed, to nourish. \_Iriiit. bsa-btiah.] Bsap, V. to hide, to mix with, to insert.",20,0.975,1,no,pending,yes
kha-n1906-000272,bseifi,bseifi,noun,word,"a serpent. [Imit. ka bseiii-ka mait.] Bshad,",21,0.975,1,no,pending,yes
kha-n1906-000274,bsiang,bsiang,noun,word,"coal tar, pitch.",21,0.975,1,no,pending,yes
kha-n1906-000275,bsiap,bsiap,verb,word,to put between two things; ; to insert.,21,0.975,1,no,pending,yes
kha-n1906-000276,bsiat kti,bsiat kti,verb,phrase,to fillip ; to snap one's fingers at.,21,0.975,1,no,pending,yes
kha-n1906-000277,bsiat-ksai,bsiat-ksai,verb,compound,to mark a straight line with a thread.,21,0.975,1,no,pending,yes
kha-n1906-000278,bsong,bsong,noun,word,"a ferret. Bsuh, w to push in, to intrude. Bsut, V. to force a way through, to enter. Bta, V. to wash the face, to besmear the face with.",21,0.975,1,no,pending,yes
kha-n1906-000279,btai,btai,adjective,word,"weary, tired. Btaj-btaj, ) ad. muddily, soft and sticky. [As, ""kane ka ja ka Btej-btej, ) \em btaj-btaj. '""']",21,0.975,1,no,pending,yes
kha-n1906-000280,btat,btat,adverb,word,"snappishly, asunder (as, dykut btat). Bteng, V. to join. Btep, V. to cover with earth, to put under ground.",21,0.975,1,no,pending,yes
kha-n1906-000281,btet,btet,adjective,word,"a taste like that of an unripe fruit ; astringent. \ Bthah, V. to send word to, to inform, to instruct. [Imit. bthah- bthing.] Bthat, V. to break with the hands, to snap. Bthei, V. to explode, to burst.",21,0.975,1,no,pending,yes
kha-n1906-000282,bther,bther,adverb,word,"at random [as, ki shu siat bther.] — v. to put additional ties.",21,0.975,1,no,pending,yes
kha-n1906-000283,bthi,bthi,adjective,word,sticky (of fat).,21,0.975,1,no,pending,yes
kha-n1906-000284,bthing,bthing,noun,word,wax.,21,0.975,1,no,pending,yes
kha-n1906-000285,bthong,bthong,noun,word,"a hog-deer. Bthuh, a, mouldy, gray. 16 BTI BIjID Bti, Jccti fi. a kind of tree or wood of reddish colour called poma in Bengali.",21,0.975,1,no,pending,yes
kha-n1906-000286,btiar,btiar,verb,word,"to feel a stinging pain. Btin, V. to lead by the hand. Btuid, V. to slip ; — a. slippery. Btiir, V. to connect or link as a line of argument.",21,0.975,1,no,pending,yes
kha-n1906-000299,bu-iam,bu-iam,noun,compound,a jar {esp. one m.ade of porcelain).,22,0.975,1,no,pending,yes
kha-n1906-000289,bud-da,bud-da,noun,compound,a carpenter's brace.,22,0.975,1,no,pending,yes
kha-n1906-000290,bud-dien,bud-dien,verb,compound,"to track, to follow, to scent.-",22,0.975,1,no,pending,yes
kha-n1906-000298,buh-sngi,buh-sngi,verb,compound,"to appoint a day, to postpone. [Imit. buhsngi-buh- ia.]",22,0.975,1,no,pending,yes
kha-n1906-000292,buhai,buhai,verb,word,to provide ; to colo^^ize.,22,0.975,1,no,pending,yes
kha-n1906-000293,buhai-shnong,buhai-shnong,verb,compound,"to colonise. Buhbot, V. to be mindful, to devote one's attention to.",22,0.975,1,no,pending,yes
kha-n1906-000294,buhbynda,buhbynda,verb,word,to mortgage. [Iinit. buhbynda-buhbyndop. ],22,0.975,1,no,pending,yes
kha-n1906-000295,buhkam,buhkam,verb,word,"to engage, to give employment. \_ImU. buhkam-buh» jam.] Buh-ktien, (ia-), v. to betroth. [Imit. buh ktien-buhthylliej.]",22,0.975,1,no,pending,yes
kha-n1906-000296,buhkhoh,buhkhoh,adverb,word,"disappointed, aggrieved [as, "" u la sngeiv bukJioh shibun eh.""] Buh-ia, V. to appoint a time. Buhmld, V. to cherish revenge, to bear a grudge.",22,0.975,1,no,pending,yes
kha-n1906-000297,buhrih,buhrih,verb,word,to hide. [Imit. buhrih-buhkai.],22,0.975,1,no,pending,yes
kha-n1906-000302,buitti,buitti,adjective,word,"inclined to stealing, limit, buit-ti-buit-jat.] fBujai, V. to explain.",22,0.975,1,no,pending,yes
kha-n1906-000287,bukhir,bukhir,adjective,word,"stingy, niggardly, parsimonious. \_Imit. u bukhir-u sakhir.] Bu-aid, V. to be intoxicated with liquor. [/mzV. bu-aid-tang- lang.]",21,0.975,1,no,pending,yes
kha-n1906-000303,bula,bula,noun,word,"a mask ; a masquerader. Bulor, bilor, w, fi. a bottle.",22,0.975,1,no,pending,yes
kha-n1906-000307,bunshah,bunshah,adverb,word,many times as much.,22,0.975,1,no,pending,yes
kha-n1906-000308,bunsien,bunsien,adverb,word,"often, many times. Bur, V. to creep or catch (like fire from one grassy plot to another). Biir, Jctti n, a raft.",22,0.975,1,no,pending,yes
kha-n1906-000309,buria,buria,verb,word,"to give compensation for. wBm'om, ha^ n. honour, glory ; — v. to honour. [Imit. ka burom-ka surom.]",23,0.975,1,no,pending,yes
kha-n1906-000255,burm,burm,adjective,word,"*Borti, ka^ n. a bucket ; — v. to enlist. Brah, ka^ n. the upas tree.",20,0.975,1,no,pending,yes
kha-n1906-000310,buskit,buskit,noun,word,"gift, a present. Bydi, ka^ n. twenty (used in counting fire-wood, etc. same as bdi). Bylla, V. to work as a day-labourer ; — ad. right through (pierced) [as, ""pei bylla u khnam.""]",23,0.975,1,no,pending,yes
kha-n1906-003002,bykhiang,bykhiang,adjective,word,dry (same as rkhiang).,196,0.975,1,no,pending,yes
kha-n1906-000311,byllai,byllai,adverb,word,"in great numbers, (as, bun byllai). Bylliang, (at-), ad. having the marks of stripes. [As, ""usympat ha ban da at bylliang.^']",23,0.975,1,no,pending,yes
kha-n1906-000312,bylliat,bylliat,noun,word,a kind of hard wood.,23,0.975,1,no,pending,yes
kha-n1906-000313,bylllen,bylllen,adverb,word,"very numerously, (as, iaid byllien) . Byllud, V. to pass so as just to touch anything, to rub gently, to graze.",23,0.975,1,no,pending,yes
kha-n1906-000314,byllun,byllun,adverb,word,"bulgingly, like a cramp, (as, at byllim).",23,0.975,1,no,pending,yes
kha-n1906-003016,bymbai-ktung,bymbai-ktung,noun,compound,"{Bot. glycine soja), a species of bean. Rymbai-ja, w, n, {Bot, JBhaseolas calcaratus), a species of bean. 178 RYMBAll^ SA Kymbain (shri-), ad. with a wrinkled face. Bymmoin, "") ad. beautifully (smiling) [as, '* ka jingwiat sam- Rymmuin, ) rkhie jong u kaba i-tynnad rpnmuiil.""]",197,0.975,1,no,pending,yes
kha-n1906-000339,bymgut,bymgut,adjective,word,"dusky, evening, murky.",24,0.975,1,no,pending,yes
kha-n1906-000319,byna byrhien byna,byna byrhien byna,verb,phrase,"to hear, to be informed, (same as hna).",23,0.975,1,no,pending,yes
kha-n1906-000320,byndi,byndi,noun,word,"the moon, a month, (same as bnai). Bynda, Jca^ n. mortgaged article. \^Imit. bynda-byndop.]",23,0.975,1,no,pending,yes
kha-n1906-000321,byndi,byndi,verb,word,"to mortgage, [/mz^.ibyndi-byndop] — ka, n. a prison.",23,0.975,1,no,pending,yes
kha-n1906-003020,byndia-tlem,byndia-tlem,noun,compound,eri silk cloth.,197,0.975,1,no,pending,yes
kha-n1906-000322,byneng,byneng,noun,word,"the heaven, the sky, (same as hneng).",23,0.975,1,no,pending,yes
kha-n1906-003006,byngkat,byngkat,adverb,word,"along with, together; — a. equal.",196,0.975,1,no,pending,yes
kha-n1906-003010,byngkhiang,byngkhiang,adjective,word,"dry, parched.",196,0.975,1,no,pending,yes
kha-n1906-000323,bynhei,bynhei,noun,word,"contribution for sacrifice (used along with the word synniang). Byniah, ad, fastidiously, carefully, [same as hniahi as, leh bniah.'",23,0.975,1,no,pending,yes
kha-n1906-000324,byniap,byniap,noun,word,"a bush, a thicket, (same as bniap). Byniat, ka, n, tooth (same as hniat).",23,0.950,1,no,pending,yes
kha-n1906-000325,byniat-hati,byniat-hati,noun,compound,"the tusk of an elephant, ivory.",24,0.975,1,no,pending,yes
kha-n1906-000326,byniej,byniej,noun,word,"a square fish-net drawn by one person and tied from the four corners to a pole, (same as hniej). ■ Byniup-byfiiup, «. drizzling (used with 'Z«ip).",24,0.975,1,no,pending,yes
kha-n1906-000327,byniiiaw,byniiiaw,adverb,word,"peevishly, mournfully, (as, leh hynniaw).",24,0.975,1,no,pending,yes
kha-n1906-000329,bynniid,bynniid,verb,word,to regret.,24,0.975,1,no,pending,yes
kha-n1906-000328,bynoh,bynoh,noun,word,"a pole, a stick with a crooked end ; — a. curved, bent.",24,0.975,1,no,pending,yes
kha-n1906-000330,bynrap,bynrap,verb,word,"to side with, to place togeth^ with.",24,0.975,1,no,pending,yes
kha-n1906-000331,bynriew,bynriew,noun,word,"human being ; — ad. in good condition, sound. [As, "" mynta ba phi la nang bam te la i bynriew had kumne kein phin nang shait irat.""] ;",24,0.975,1,no,pending,yes
kha-n1906-003024,bynsi,bynsi,noun,word,ground rice or maize mixed with molasses and rolled like a ball.,197,0.975,1,no,pending,yes
kha-n1906-003025,bynsied,bynsied,verb,word,"to jump, to caper, to spring upon.",197,0.975,1,no,pending,yes
kha-n1906-003026,bynsong,bynsong,noun,word,a kind of flute made of bamboo.,197,0.975,1,no,pending,yes
kha-n1906-000333,bynta,bynta,noun,word,"a portion, a share, a lot.",24,0.975,1,no,pending,yes
kha-n1906-000334,bynthiew,bynthiew,verb,word,"to spit with violence. Byr, when used with Adjective =suf.—«sA, (as, 5^rsaw= reddish, %nong=blackish) .",24,0.975,1,no,pending,yes
kha-n1906-003029,byntieh,byntieh,noun,word,"a bow. Ryta see (''rta""). S; S— The 17th letter in the Khasi Alphabet. Sa= (1) a prefix which means to contract a disease ; to be affected with, as, ^^-prum, to be affected with sore ; other intances are, 5«-mattah, ^a-khniang, etc. (2) a suffix which* means peevishly ; sulkily \ as, in lehs^, |<ren5«, etc. r 179 SA SAKTIAW (3) it is the sign of future tense, denoting contingency, as, ""nga'n sa leit ynda lah bam ja."" (4) it is used as an aciveyb with verbs in the past tense, as, ""ynda kumta u 5«leit noh."" (5) In the absence of any other better alternative, as "" nga shu pdiang katba u ai namar ba ngam ioh sa.""""",198,0.975,1,no,pending,yes
kha-n1906-000342,byr-ie,byr-ie,adjective,compound,"dim, impaired, amblyopic (used with- khmat to denote imperfect eyesight).",24,0.975,1,no,pending,yes
kha-n1906-000343,byr-iong,byr-iong,adjective,compound,blackish.,24,0.975,1,no,pending,yes
kha-n1906-000335,byrddw,byrddw,noun,word,"a she-demon, supposed to cause convulsive fits. ^l",24,0.975,1,no,pending,yes
kha-n1906-000341,byrhuin kaba-kai byrhuin,byrhuin kaba-kai byrhuin,adverb,phrase,"reddish, [as, u soh u saw byrhuin].",24,0.975,1,no,pending,yes
kha-n1906-000344,byrnep,byrnep,adverb,word,"thick with, (as, rben hyrnep).",24,0.975,1,no,pending,yes
kha-n1906-000336,byrngem,byrngem,verb,word,"to threaten, to menace. [Imit. byrngemrbyrngit.]",24,0.975,1,no,pending,yes
kha-n1906-000337,byrngia,byrngia,adjective,word,"to be liking, to be pleasing ; — v. to while away tho time.",24,0.975,1,no,pending,yes
kha-n1906-000338,byrngiang,byrngiang,adjective,word,bitterish (like quinine).,24,0.975,1,no,pending,yes
kha-n1906-000340,byrngut-byrnget,byrngut-byrnget,adverb,compound,"dimly, indistinctly, (as, shai byrnguU byrnget). Byrbai, ad, many and in order, (as, shong byrJiai). ^yrbien. c[,d, many and in prder, (as, laid byrjiien). 19",24,0.975,1,no,pending,yes
kha-n1906-000345,byrni,byrni,noun,word,"a sack, a coarse bag. \_Imit. byrni-byrkhew.]",24,0.975,1,no,pending,yes
kha-n1906-000346,byrni-dong,byrni-dong,noun,compound,a small sack ; a gunny bag.,25,0.975,1,no,pending,yes
kha-n1906-000347,byrshem,byrshem,verb,word,"to push in the faggots, to abut, to join together, to come in contact.",25,0.975,1,no,pending,yes
kha-n1906-000348,byrship,byrship,adjective,word,knock-kneed.,25,0.975,1,no,pending,yes
kha-n1906-000349,byrsieh,byrsieh,adjective,word,"defiling ; — u, n. a god who presides over or superintends defilement. Byrta, ka^ n. a notice, an announcement.",25,0.975,1,no,pending,yes
kha-n1906-003692,byrtap,byrtap,noun,word,"2^ fold, a layer ; stratum. Syrti, y^«, «. a razor, a blade ; an iron file.",239,0.975,1,no,pending,yes
kha-n1906-000350,byrthap,byrthap,noun,word,a plank partition.,25,0.975,1,no,pending,yes
kha-n1906-000351,byrthen,byrthen,verb,word,"to rage (like a big tire), to threaten loudly ; to vocife- rate.",25,0.975,1,no,pending,yes
kha-n1906-000352,byrthiew or pyrthiew,byrthiew or pyrthiew,noun,phrase,parched pulses \—kaba-i ^- eruptions.,25,0.975,1,no,pending,yes
kha-n1906-000353,byrthit,byrthit,adjective,word,"fastened to, clinging, viscous.",25,0.975,1,no,pending,yes
kha-n1906-000354,byrthit peisa,byrthit peisa,adjective,phrase,"niggardly, hard to bring out money for payment ; miserly.",25,0.975,1,no,pending,yes
kha-n1906-000355,byrthup,byrthup,adjective,word,greyish.,25,0.975,1,no,pending,yes
kha-n1906-000356,byrtia,byrtia,adjective,word,"stingy, hard to pay one's dues.",25,0.975,1,no,pending,yes
kha-n1906-000357,byrtong,byrtong,adverb,word,"as a sorcererj (as, kren byrtong).",25,0.975,1,no,pending,yes
kha-n1906-000358,byrtun-byrten,byrtun-byrten,adverb,compound,"long and entwining, [as, "" balei ka met kaat byrtmi-byrten.'""']",25,0.975,1,no,pending,yes
kha-n1906-000359,bythat,bythat,verb,word,"to snap, (same as bthat). K. K, the third letter in the Khasi Alphabet. Ka, art. a, an, the ; a sign of the Teminine or Neuter Gender, — she, it. It is also a word put at the end of a sentence for the sake of euphony, [as, "" phi'm shim balei ka''^ K'a, ka^ n. a Simul tree (see kya),",25,0.975,1,no,pending,yes
kha-n1906-000003,calcutt,calcutt,adjective,word,"(4) Messrs. A. M. and J. Ferguson, Ceylon (2) Messrs. W. Newman & Co.,",1,0.975,1,no,pending,yes
kha-n1906-003467,cassi,cassi,adjective,word,"S'it, (used with ""la-""), ad. evening, night-time. Same as syit* Siw-siw, (khriat-) adi very (cold).",225,0.975,1,no,pending,yes
kha-n1906-004000,ctyrsain,ctyrsain,verb,word,"to have cramp or a creeping cold sensation (generally ""^of the feet) ; "" the feet have gone to sleep."" Tyr?aw, (iap-), ad. (to faint) out of hunger^ or thirst ; [as, ""wat leit jiugleit jngM khlem da song ja ioh iap fyrsdiv.''] [Imit, tyrsa w — ty rsian. ]",265,0.975,1,no,pending,yes
kha-n1906-001247,da lei-lei,da lei-lei,phrase,phrase,at any cost.,74,0.975,1,no,pending,yes
kha-n1906-001255,da' rap-jot,da' rap-jot,phrase,phrase,to make a lame excuse. 1,74,0.975,1,no,pending,yes
kha-n1906-001228,dab,dab,noun,word,"a bullock ; — ka, n. the handle of a knife. Dabi, ka^ n. a small box or case ; a claim ; — v. to lay claim, to.",73,0.975,1,no,pending,yes
kha-n1906-001231,dab-tari,dab-tari,noun,compound,a handle of a knife ; — u^ n. a daftri or book-binder.,73,0.975,1,no,pending,yes
kha-n1906-001421,dabi,dabi,noun,word,a dhobi or washerman.,83,0.975,1,no,pending,yes
kha-n1906-001229,dabia,dabia,noun,word,a small box or case.,73,0.975,1,no,pending,yes
kha-n1906-001230,dabor,dabor,noun,word,a basin ; a double pice.,73,0.975,1,no,pending,yes
kha-n1906-001234,dad,dad,adjective,word,"hard, hot tempered, strict. .t Beugali. 64.",73,0.975,1,no,pending,yes
kha-n1906-001235,dadien darlieng dadien,dadien darlieng dadien,adverb,phrase,"backward ; [as, u laid dadien.']",73,0.975,1,no,pending,yes
kha-n1906-001242,daifidong,daifidong,verb,word,"to corner some one in argument. Dain -dor, 7;. to fix the price ; to haggle.",74,0.975,1,no,pending,yes
kha-n1906-001240,daiii,daiii,verb,word,to impose (a fine); to cut.,73,0.975,1,no,pending,yes
kha-n1906-001241,daiii-dain,daiii-dain,adjective,compound,"wide, spacious ; [as, ki la siang ka rynsan kaba daifi' dain halor.]",73,0.975,1,no,pending,yes
kha-n1906-001243,daini-daikot,daini-daikot,noun,compound,"a witch. Dait, V. to bite, itch, worry ; — pyndait^ v. to fit.",74,0.975,1,no,pending,yes
kha-n1906-001245,dait-doh,dait-doh,adjective,compound,"compact, thick.",74,0.975,1,no,pending,yes
kha-n1906-001246,dait-thah,dait-thah,adjective,compound,very cold ; ice-like.,74,0.975,1,no,pending,yes
kha-n1906-001232,dak,dak,noun,word,"a sign, a letter; a mark; a postal runner ; — ad. at once, imDiediately ; [as, "" u myrsiang "" u la dait ia ka biang, hynrei tang nga shu j)ei ^i- la iehnoh dak.'""'\ [Imit. ka dak-ka shin.]",73,0.975,1,no,pending,yes
kha-n1906-001233,daka,daka,noun,word,"a cowrie selected out of a lot for use in gambling. fDakaid, n. an evil doer ; a dacoit. fDakhir, u. to deposit ; entrust ; file. ^ Dakhol, n fDokhor, > v. to appropriate ; to take possession of. -Dakhor, )",73,0.975,1,no,pending,yes
kha-n1906-001248,dam,dam,adjective,word,"obliterated. Da-mar, fhr. used in contemptuous expressions or in challenging ; [as, "" da-mar une u pran ia leh.""]",74,0.975,1,no,pending,yes
kha-n1906-001249,dambit,dambit,verb,word,"to stick, to adhere.",74,0.975,1,no,pending,yes
kha-n1906-001250,dana,dana,noun,word,"food, grain (especially given to animals) — ad. a bit (used with shi-, as, "" ym don shi dana ruh."")",74,0.975,1,no,pending,yes
kha-n1906-001251,danda,danda,adjective,word,"deceiving, cheating, befooling, tricky, — v. to joke. [^Imit. danda-phulit.]",74,0.975,1,no,pending,yes
kha-n1906-001238,dang-ngir,dang-ngir,adverb,compound,"early in the morning. Dah, V. to prepare (pan-leaf and lime) ; — n. preparation (for sacrifice). [Imit. ka dah-ka-dong] — v. to commence, begin. {Synteng to copulate.) iJa ara, ) ^j^^-^jigeixi), n, an outer garment worn by",73,0.975,1,no,pending,yes
kha-n1906-001236,dangj,dangj,adverb,word,"yet, still, just ; [as, trei katba daiig im ; khie dang step lashai, lio] ; — v. to commence.",73,0.975,1,no,pending,yes
kha-n1906-001237,dangkhie,dangkhie,adjective,word,"young, growing. [Imit. dangkhie-dangsan.]",73,0.975,1,no,pending,yes
kha-n1906-001252,dap,dap,adjective,word,"full, sufficient, enough. Dap-hom (ym-), v. to be unsatiable.",74,0.975,1,no,pending,yes
kha-n1906-001253,dar-dar,dar-dar,adverb,reduplication,"with quick light steps ; [as, iaid dar-dar.]",74,0.975,1,no,pending,yes
kha-n1906-001254,dara,dara,noun,word,a temporary hut ; a tent ; shelter.,74,0.975,1,no,pending,yes
kha-n1906-001257,dathew,dathew,adverb,word,"thoughtfully, deliberately ; [as, leh dathew, kren da-",74,0.975,1,no,pending,yes
kha-n1906-001258,daw,daw,noun,word,"a cause, an excuse. \_Imit. ka daw-ka dong.] Daw-daw (eh), ad. toiigh ; [as, "" ka doh ka la eh ddw-ddw.''^'\ Dawa, V. to claim.",74,0.975,1,no,pending,yes
kha-n1906-001259,dawai,dawai,noun,word,medicine. [,74,0.975,1,no,pending,yes
kha-n1906-001454,dawani,dawani,noun,word,"civil suit ; civil court. * Hindi. | t Bengali. 75 DYNGKHONG EIT-KOR DyDgkhong, ka^ n. a stump (of a tree); \^Imit. dyngkhong- dyngkhait.]",85,0.975,1,no,pending,yes
kha-n1906-001274,de,de,adverb,word,"also, too ; [as, ""nga rub nga'n leit de.^'^",75,0.975,1,no,pending,yes
kha-n1906-001277,dei-thana,dei-thana,adjective,compound,"having some relationship by marriage. \^Imit. dei thana-dei thakher.] Dem, V. to bend, to lie down, yield, bow, to be deeply engaged in ; ■ — ad. constantly ; assiduously ; [as, u dem leit, u dem wankai.]",75,0.975,1,no,pending,yes
kha-n1906-001286,deiv,deiv,noun,word,"a wave (at sea). 'dew {ahhrev. of khyndew), ka, n. earth, dust. 'dewbyrtha, i«, n. clay.",76,0.975,1,no,pending,yes
kha-n1906-001275,dek,dek,noun,word,"a large cooking vessel, a dekclii. Deng, V. to put on (jewels), to adorn with ornaments. [^Imit. deng-kup.]",75,0.975,1,no,pending,yes
kha-n1906-001278,demdiap,demdiap,adverb,word,"assiduously, continually; [as, ""u iaiwan deni diap ha iing.""]",75,0.975,1,no,pending,yes
kha-n1906-001279,demshylliah,demshylliah,verb,word,to be suffering from chronic illness,75,0.975,1,no,pending,yes
kha-n1906-001280,den,den,adverb,word,"fast, stedfastly ; [as, nga la jan ur hynne hinrei tang ba nga ioh snoh na u dieng nga la neh den.'] — v. to bund.",75,0.975,1,no,pending,yes
kha-n1906-001281,den-den,den-den,adverb,reduplication,"with firm steps (of a child) ; [as, laid den-den.'] Dep, V. to finish — ad. in full, all.",76,0.975,1,no,pending,yes
kha-n1906-001276,deng-deng,deng-deng,adverb,reduplication,"with ease ; [as, "" ia uba heh u khiew ruh ka rah "" ' ""i * Hindi, deng-deng.^^^ 66 DEI 'DI Dei, V. to belong to, to hit — a. fit, proper, right, related.",75,0.975,1,no,pending,yes
kha-n1906-001282,der-der,der-der,adverb,reduplication,"lightly, gaily (walk) ; [as, *' ki Sohra haba leit Tharia ki laid der-der.""]",76,0.975,1,no,pending,yes
kha-n1906-001284,desi,desi,adjective,word,"country-made. Det, mt. pooh !",76,0.975,1,no,pending,yes
kha-n1906-001300,diap,diap,adverb,word,"carefully, minutely ; [as, "" phi dei ba'n da tarn bha diap ia ki sapiet-sapai.""]",76,0.975,1,no,pending,yes
kha-n1906-001301,diaw,diaw,adverb,word,"low-spirited, disappointed ; [as, "" balei u leh diaw kum- tai.""] *dik, a. to become troublesome.",76,0.975,1,no,pending,yes
kha-n1906-001302,didiaw,didiaw,noun,word,"a long-legged bird ; also called "" ka Diawoit"" from its cry.",76,0.975,1,no,pending,yes
kha-n1906-001304,die-baibat,die-baibat,verb,compound,to sell for cash.,77,0.975,1,no,pending,yes
kha-n1906-001305,die-baitrai,die-baitrai,verb,compound,to sell at a cost price.,77,0.975,1,no,pending,yes
kha-n1906-001307,die-duh,die-duh,verb,compound,"to sell away ; to sell at a loss. [Imit. die-duh die-sep] Dieng, tc or ka, n. wood, tree, — u. timber. [Imit, ka dieng-ka siej.]",77,0.975,1,no,pending,yes
kha-n1906-001306,die-khutia,die-khutia,verb,compound,to sell in retail. [Imtt. die khutia-khutain.],77,0.975,1,no,pending,yes
kha-n1906-001367,die-lildm,die-lildm,verb,compound,to sell by auction.,80,0.975,1,no,pending,yes
kha-n1906-001368,dien,dien,noun,word,"track, trace, mark, limit, ka dien-ka bud.] Dienjat, ka^ n, foot-print. Bier., v. to be too late. Ding, n, ka, fire. [ImU. ka ding-ka theh.] 10",80,0.975,1,no,pending,yes
kha-n1906-001311,dieng byllan,dieng byllan,noun,phrase,a wooden sleeper ; a cat's paw.,77,0.975,1,no,pending,yes
kha-n1906-001312,dieng bylliat,dieng bylliat,noun,phrase,a hard wood used as posts.,77,0.975,1,no,pending,yes
kha-n1906-001328,dieng lamaki,dieng lamaki,noun,phrase,[Bot.),78,0.975,1,no,pending,yes
kha-n1906-001308,dieng-bilat,dieng-bilat,noun,compound,the gum-tree.,77,0.950,1,no,pending,yes
kha-n1906-001326,dieng-iei,dieng-iei,noun,compound,the name oi a gigantic ti-ee in Kliasi folklore supposed to have grown at the beginning of creation on the hill west of and over-looking the,78,0.975,1,no,pending,yes
kha-n1906-001323,dieng-ngai diengshiah dieng-ngai,dieng-ngai diengshiah dieng-ngai,noun,phrase,"the ""iron-tree"" oi* nahur ; Nar/es^or. (Bot.)",77,0.975,1,no,pending,yes
kha-n1906-001322,dieng-ngan,dieng-ngan,noun,compound,"a tree which is sometimes dressed for timber. {Bot.) Schima walUchii. i~ •' »u ■ , , , * Hindi, 6^",77,0.975,1,no,pending,yes
kha-n1906-001339,dieng-rtiang,dieng-rtiang,noun,compound,{Bot.) Quercus serrata ; oak.,78,0.975,1,no,pending,yes
kha-n1906-001309,diengblei,diengblei,noun,word,sdl tree. (JBot).,77,0.975,1,no,pending,yes
kha-n1906-001313,diengbti or diengbyti,diengbti or diengbyti,noun,phrase,"a red-wood used for making bed- steads, chairs, etc., poma, (Bot.)",77,0.975,1,no,pending,yes
kha-n1906-001320,diengddwj ka,diengddwj ka,noun,phrase,a hard dried wood. .,77,0.975,1,no,pending,yes
kha-n1906-001321,diengdoh,diengdoh,noun,word,"{Bot.) Buclandia populnea ; a tree with leaves like the betel but thick ; a name of one of the Khasi clans. Diengduh, u, n, staff, walking stick. [Imit. diengduh-diengshdn.]",77,0.975,1,no,pending,yes
kha-n1906-001325,diengiap-ieng,diengiap-ieng,noun,compound,a tree which is withered up.,77,0.975,1,no,pending,yes
kha-n1906-001330,diengjamynrei,diengjamynrei,noun,word,a shrub much used in making tikia.,78,0.975,1,no,pending,yes
kha-n1906-001331,diengjing,diengjing,noun,word,{Bot.),78,0.975,1,no,pending,yes
kha-n1906-001315,diengkdin,diengkdin,noun,word,a tree whose bark produces a sore if handled. {Bot.),77,0.975,1,no,pending,yes
kha-n1906-001317,diengkseh,diengkseh,noun,word,the pine-wood. {Bot.),77,0.975,1,no,pending,yes
kha-n1906-001319,diengkurlong,diengkurlong,noun,word,"{Bot.) melia composita. Diengkya, w. (see Kya). {Bot.) Bombay malabaricum ; ^ ooiton tree.",77,0.975,1,no,pending,yes
kha-n1906-001334,dienglyngngong,dienglyngngong,noun,word,"the stump or knob of a tree. [Imit. Dienglyngngong-dienglyngngiang.] Dienglymbong, ka, n^ a piece of undressed wood, a part of a trunk, a log. Diengmet, ka, w. a term applied to all trees besides pine-trees. Dieng-niangmat, ka, n, a shrub whose bark yields a yellow colour and is used as medicine for eye sores ; {Boi?) Berheris Nepalen' sis ; a kind of holly. ^iengphasi, ka, n. the gallows.",78,0.975,1,no,pending,yes
kha-n1906-001336,diengphna,diengphna,noun,word,"a bolt, a piece of stick for stretching out things (as skins) ; the cross. Biengphniengj w, n, the bolt of a trap.",78,0.975,1,no,pending,yes
kha-n1906-001335,diengpingwait,diengpingwait,noun,word,"a tree whose bark is of a lively green colour used in making handle for daw, etc. {Bot.) Baphnidium puU cherrimum.",78,0.975,1,no,pending,yes
kha-n1906-001342,diengsahbiar,diengsahbiar,noun,word,a batten.,79,0.975,1,no,pending,yes
kha-n1906-001340,diengsawdong,diengsawdong,noun,word,a square piece of timber or post ; a beam.,78,0.975,1,no,pending,yes
kha-n1906-001341,diengshalangmat,diengshalangmat,noun,word,a rafter.,79,0.975,1,no,pending,yes
kha-n1906-001345,diengshynrain ding diengsliynrain,diengshynrain ding diengsliynrain,noun,phrase,a dried twig. [Imt't. dicngsliynrain-dieng- sby Uriah.],79,0.975,1,no,pending,yes
kha-n1906-001346,diengsnidg,diengsnidg,noun,word,"a kind of oak tree, a Kbasi oak, {Bot.)",79,0.975,1,no,pending,yes
kha-n1906-001352,diengsoblyngdkhur,diengsoblyngdkhur,noun,word,the mulberry tree.,79,0.975,1,no,pending,yes
kha-n1906-001349,diengsohbyrthit,diengsohbyrthit,noun,word,"a shrub bearing sticky flowers. Diengsohkynphor, ?/, n. the papaya tree. Diengsohli-ia, ka., n. a tree whose thick bark is used in colouring earthen wares. (Bot.) Myrica Nagi.",79,0.975,1,no,pending,yes
kha-n1906-001350,diengsohiong,diengsohiong,noun,word,a Khasi cherry tree. {Bot.),79,0.975,1,no,pending,yes
kha-n1906-001353,diengsohmanir,diengsohmanir,noun,word,a litchee tree.,79,0.975,1,no,pending,yes
kha-n1906-001354,diengsohniamtra,diengsohniamtra,noun,word,an orange-tree.,79,0.975,1,no,pending,yes
kha-n1906-001355,diengsohpairahj,diengsohpairahj,noun,word,{Bot.) Sapindus mukorrosi ; the soap nut. (Hindi) ritha.,79,0.975,1,no,pending,yes
kha-n1906-001356,diengsohphan,diengsohphan,noun,word,the jack-fruit tree.,79,0.975,1,no,pending,yes
kha-n1906-001358,diengsohphoh,diengsohphoh,noun,word,the apple-tree (wild). {Bot.),79,0.975,1,no,pending,yes
kha-n1906-001357,diengsohpieng,diengsohpieng,noun,word,the n\ango tree.,79,0.975,1,no,pending,yes
kha-n1906-001360,diengsohpri-am,diengsohpri-am,noun,compound,the guava tree.,79,0.975,1,no,pending,yes
kha-n1906-001361,diengsohshur,diengsohshur,noun,word,the wild pear-tree.,79,0.975,1,no,pending,yes
kha-n1906-001348,diengsong ka,diengsong ka,noun,phrase,a prickly- tree resembling lea kya or the simul cree ;(in Assamese) ti.adar. {Bot.) Erijthrina ; an instrument made of pieces of wood for punishing criminals ; stocks.,79,0.975,1,no,pending,yes
kha-n1906-001362,diengsuwali,diengsuwali,noun,word,one of the sticks attached to the big cross- stick of a plough to guard the neck of the ox.,79,0.975,1,no,pending,yes
kha-n1906-001363,diengthang,diengthang,noun,word,wood for erecting a funeral pyre.,79,0.975,1,no,pending,yes
kha-n1906-001364,diengthlieh,diengthlieh,noun,word,a split piece of fire wood.,79,0.975,1,no,pending,yes
kha-n1906-001366,diengtyllij u,diengtyllij u,noun,phrase,"a whole piece of wood. Die-laka, j ^^ ^^^ ^ wholesale. Die-lang, )",80,0.975,1,no,pending,yes
kha-n1906-001365,diengtylmw,diengtylmw,noun,word,a brand.,80,0.975,1,no,pending,yes
kha-n1906-001343,diepgshaindoh,diepgshaindoh,noun,word,"a piece of wood where flesh is minced, tk chopping board ; one who forbears ill-treatment.",79,0.975,1,no,pending,yes
kha-n1906-001371,dihe,dihe,adjective,word,big and fat.,80,0.975,1,no,pending,yes
kha-n1906-001372,dihia,dihia,adjective,word,fat and heavy.,80,0.975,1,no,pending,yes
kha-n1906-001373,diho,diho,adjective,word,short and fat.,80,0.975,1,no,pending,yes
kha-n1906-001256,diir-lieng,diir-lieng,noun,compound,"the trace of a boat in shallow water. — * Hindi. "" 65 DAT DENG-DENG Dat, V. to beat. [/mit. dat-shoh.]",74,0.975,1,no,pending,yes
kha-n1906-001303,dikdik,dikdik,adverb,word,"very, dearly, longingly ; [as, "" u kwah dik-dik ba'n ia shem bad la ki khun.""] Die, V. to sell, betray. [^Imit. die-thied.]",76,0.975,1,no,pending,yes
kha-n1906-001370,diliduma,diliduma,verb,word,to smoke. [Imit. dihduma-dihdukhew.],80,0.975,1,no,pending,yes
kha-n1906-001369,dingpyrthat doh dingpyrthat,dingpyrthat doh dingpyrthat,noun,phrase,"fire lighted by a flash of lightning. Dingsuid-tdn, ka^ n. will-o'-the wisp, ignis fatuus, jack-o'-lantern. Dih, V. to drink [Imit. dih-bam.]",80,0.975,1,no,pending,yes
kha-n1906-001261,dkai,dkai,noun,word,"a kind of small honey-fly. Dkar, k.n, n. a tortoise.",74,0.975,1,no,pending,yes
kha-n1906-001262,dkaw,dkaw,adverb,word,in reserve for an emergency.,74,0.975,1,no,pending,yes
kha-n1906-001263,dkhai,dkhai,verb,word,to pull in pieces.,74,0.975,1,no,pending,yes
kha-n1906-001264,dkhan,dkhan,noun,word,"a kind of hill-rat or mole. Dkhap, ka^ n. a tick, {Ixodes).",74,0.975,1,no,pending,yes
kha-n1906-001265,dkhar,dkhar,noun,word,"a non-Khasi. \_Imit. u dkhar-n-lyngkien.] Dkhat, V. to break off or snap. Dkhc4w, V. to come off (as hair), to become bald. Dkhew, 2ii n. a kind of gnat. Dkhi, 11, n. a small kind of wasp.",75,0.975,1,no,pending,yes
kha-n1906-001266,dkhiat,dkhiat,noun,word,"itch, {acarus scahiei).",75,0.975,1,no,pending,yes
kha-n1906-001267,dkhiew,dkhiew,noun,word,ant.,75,0.975,1,no,pending,yes
kha-n1906-001269,dkhoh,dkhoh,noun,word,an owl.,75,0.975,1,no,pending,yes
kha-n1906-001268,dkhot,dkhot,noun,word,"a part, a piece, a member, a verse ; — n, pieces of meat used in sacrifice. \_/mit. u dkhot- u dkhai.]",75,0.975,1,no,pending,yes
kha-n1906-001270,dko,dko,noun,word,"the people living in the north-western part of the Khasi Hills, on the borders of the Garo Hills ; the Garos. [Imif. u Dko-u Lyngngam,]",75,0.975,1,no,pending,yes
kha-n1906-001271,dkoh,dkoh,adjective,word,lame. [Imit.,75,0.975,1,no,pending,yes
kha-n1906-001272,dkoh-dki,dkoh-dki,adjective,compound,"] Dkut, V. to snap, break, finish up.",75,0.975,1,no,pending,yes
kha-n1906-001273,dkut-mynsiem,dkut-mynsiem,verb,compound,to give up the ghost.,75,0.975,1,no,pending,yes
kha-n1906-001295,dngang,dngang,adverb,word,"lonely, (as, "" u don tang marwei dngai>g'^).",76,0.975,1,no,pending,yes
kha-n1906-001296,dngiang,dngiang,adverb,word,"lively, (as, u peit dngiavg).",76,0.975,1,no,pending,yes
kha-n1906-001297,dngiem,dngiem,noun,word,a bear.,76,0.975,1,no,pending,yes
kha-n1906-001298,dngong,dngong,adverb,word,"in the same place, steadfastly, (as, u ap dngong). *di, n. ahhrev. of "" bdi "" i.e., 20. * Hindi. 1! I DIANG DIENG-NGAN Diang, v. to receive, — n. the left, 'diang {abbrev. of "" pdiang ""), ■y. imjyer. receive it.",76,0.975,1,no,pending,yes
kha-n1906-001374,dob-dob,dob-dob,adverb,reduplication,"slowly and steadily (child), [as, "" i khunlung i la sdang iaid dob-dob.^^ } Dok, V. to kiss ; to correct or counterpoise the balance before weighing things, — ka, n. a canister. Dod-dod, "") quiveringly, as an old man (walks) ; [as, "" u la > ad. tymmen dod-dod mynta.""]; very weakly attach- Dnd dud ) ed ; [as, "" ka bniat ka la khih dod-dod.^']",80,0.975,1,no,pending,yes
kha-n1906-001388,dohkrang,dohkrang,noun,word,"the rib. Dohksah, ka^ n. the muscle.",81,0.975,1,no,pending,yes
kha-n1906-001387,dohksew,dohksew,adjective,word,"obstinate, dogged.",81,0.975,1,no,pending,yes
kha-n1906-001389,dohkyudang,dohkyudang,noun,word,"a string of meat. Dohdah, ?/, n. the uvula. Doh-iap, ka^ n. carrion, — a. desperate, reckless. Dohjem, ka^ n. the internal soft parts of the body, such as the liver, the lungs, the kidneys, the heart, and other organs in the chest and abdomen.",81,0.975,1,no,pending,yes
kha-n1906-001390,dohlen,dohlen,noun,word,"the gums without the teeth as those of a baby. Dohmasi, ka^ n. beef. Dohmet, ka^ n. the lean. Dohmrad, ka^ 71. venison. [^Imit. dohmrad-dohmreng.] Dohniej (kren-), ad. in a gentle flow of speech ; [as, kren do/miej.]",81,0.975,1,no,pending,yes
kha-n1906-001391,dohnud,dohnud,noun,word,"the liver, — /^(7, heart or mind. [hnit. dohniid- dohnam.]",81,0.975,1,no,pending,yes
kha-n1906-001392,dohsatar,dohsatar,noun,word,"tough flesh fnext to the muscle). Dohshyieng, ka^ n. bones (with flesh attached to them).",81,0.975,1,no,pending,yes
kha-n1906-001393,dohsniang,dohsniang,noun,word,"pork. Dohsnieh, ct, dogged, stubborn.",81,0.975,1,no,pending,yes
kha-n1906-001394,dohsohkhia,dohsohkhia,noun,word,a piece of bone or cartilage to be found in the chests of cattle.,82,0.975,1,no,pending,yes
kha-n1906-001395,dohtaitwait,dohtaitwait,noun,word,odds and ends (of meat).,82,0.975,1,no,pending,yes
kha-n1906-001396,dohtdongj ka,dohtdongj ka,noun,phrase,the hump.,82,0.975,1,no,pending,yes
kha-n1906-001397,dohthej,dohthej,adverb,word,"with fluency and aptness of speech ; [as, "" u kren dohthej:'] Dohthli, 2/, n. a small fish. [/mit. dohthli-dohthdm.] Bengali^ yjln ^Tf 1 *Doi, kcii n. curd.",82,0.975,1,no,pending,yes
kha-n1906-001398,doi-doi,doi-doi,adverb,reduplication,"as in a swing, to and fro ; [as, pawang doi-doi] ; weak, [as, nga sngew doi-doi.]",82,0.975,1,no,pending,yes
kha-n1906-001399,doloi,doloi,noun,word,a ruler or chief (in Jaintia Hills) ; a title of honour.,82,0.975,1,no,pending,yes
kha-n1906-001400,dom,dom,adjective,word,"hot tempered, hard ; — ka, f?. a pull (of smoke).",82,0.975,1,no,pending,yes
kha-n1906-001401,domriang,domriang,adjective,word,"having an angry appearance. Don, V. is, has, exists. * Hindi, 12 d6n-d6n duai",82,0.975,1,no,pending,yes
kha-n1906-001402,don-don,don-don,adverb,reduplication,"firmly (walk, like a little bird or child) ; [as, "" i kliunlung mynta i la iaid don-don.^'] Don-ak6r, a. well-behaved ; polite, civil.",82,0.975,1,no,pending,yes
kha-n1906-001408,don-iktiar,don-iktiar,adjective,compound,having authority.,82,0.975,1,no,pending,yes
kha-n1906-001403,donbak,donbak,verb,word,to dare (used in challenging or with contemptuous expression).,82,0.975,1,no,pending,yes
kha-n1906-001404,donbok,donbok,verb,word,"to be lucky. I)onb6r, a. powerful, influential, [/mif. donbor-donsor.] Donburom, «. honourable, [hnit. donburom-donsurom.]",82,0.975,1,no,pending,yes
kha-n1906-001406,donduk,donduk,verb,word,"to have complaints or troubles, [/mit. donduk- donpap.]",82,0.975,1,no,pending,yes
kha-n1906-001407,dondvyr,dondvyr,adjective,word,"beautiful ; well carved or fashioned, [/mit. dondur- dondar ]",82,0.975,1,no,pending,yes
kha-n1906-001375,dong,dong,noun,word,"corner, quarters, angle. [Imit. ka dong-ka kuna.] 'dong {nbbi'ev. of tyndong), ka, n. tube, pipe ; [as, ka dong tym- pew.] Dong, V. to roll up pan or any leaf in a conical shape (like a khili). Dongkor, ka^ n. the back of the ear.",80,0.975,1,no,pending,yes
kha-n1906-001376,dong dong,dong dong,adverb,phrase,"without any difficulty, easily, [as, *' la u khiew- phiang ruh u rah dong-dongT^",80,0.975,1,no,pending,yes
kha-n1906-001378,dong lotlot,dong lotlot,noun,phrase,a kind of flageolet.,80,0.975,1,no,pending,yes
kha-n1906-001377,dongla,dongla,noun,word,a species of bamboo.,80,0.975,1,no,pending,yes
kha-n1906-001379,donglydong,donglydong,adverb,word,"completely ; [as, "" u tyllun donglydong^",80,0.975,1,no,pending,yes
kha-n1906-001380,dongmatang,dongmatang,noun,word,a right angle.,81,0.950,1,no,pending,yes
kha-n1906-001381,dongmatla,dongmatla,noun,word,a bamboo with diseased joints.,81,0.975,1,no,pending,yes
kha-n1906-001382,dongnai,dongnai,noun,word,the end of the spinal bone ; the coccyx.,81,0.975,1,no,pending,yes
kha-n1906-001383,dongnit,dongnit,adverb,word,"like the tail of a wag-tail ; [as, "" i sim iba jrong tdong dongnit. ^^]",81,0.975,1,no,pending,yes
kha-n1906-001384,dongrong,dongrong,adverb,word,"like a small helpless beetle ; [as, kli dongrong.""]",81,0.975,1,no,pending,yes
kha-n1906-001405,donkam,donkam,verb,word,"to need, to have business, to be occupied, [/jnit. donkam-donjam.]",82,0.975,1,no,pending,yes
kha-n1906-001409,donrain,donrain,adjective,word,"having sense of honour. [Imit. donrain-donrem.J Dop, kui n. the bark or layer as of a plantain tree or bamboo.",82,0.975,1,no,pending,yes
kha-n1906-001410,dop-kait,dop-kait,noun,compound,"the bark of a plantain tree. Dopwai, ka^ n. the outercrust or cover of an areca-nut tree.",82,0.975,1,no,pending,yes
kha-n1906-001411,dor,dor,noun,word,"price ; [/mit. ka dor-ka mur.] — a. distorted, curved.",83,0.975,1,no,pending,yes
kha-n1906-001412,dorbar,dorbar,noun,word,couDcil. [//;n7. ka dorbar-ka sorbar.],83,0.975,1,no,pending,yes
kha-n1906-001413,dorbin,dorbin,noun,word,a telescope ; glasses.,83,0.975,1,no,pending,yes
kha-n1906-001414,dorkhat,dorkhat,noun,word,"a petition, application. [/;;^i^. ka dorkhat-ka dorpat.] *Dorji, 71. a tailor.",83,0.975,1,no,pending,yes
kha-n1906-001415,doroga,doroga,noun,word,an Inspector or Sub-Inspector of Police ; a,83,0.975,1,no,pending,yes
kha-n1906-001417,dorwan,dorwan,noun,word,"a door-keeper. fDoskot, V. to sign. fDostabit, ka, n. an agreement on paper ; a bond.",83,0.975,1,no,pending,yes
kha-n1906-001419,du,du,adverb,word,"after all, well, really, is n't it ? [as, "" ka'm long kumta du ? Khat u nang iaid ^w.] Duwai, "") or K V. to pray ; — n. prayer, [/uiit. duai-pliirat.] Duai, ) * Hindi. | t Bengali. 73 DUWAN ■ DULAN Duwan, "") or y ka^ n, an altar. [Imit. duwan-dupat.] Duan, ) Duar, kfif n. a door, an opening, a ^<^^ ; a mart. S^Imit. duar-ka lynti.]",83,0.975,1,no,pending,yes
kha-n1906-001427,dub,dub,verb,word,"to lose, to forfeit. \Imii. dub-tan, or, duh-sep.] Dub- (a sufiix) which means entirely, once for all, as in the word iap-fl'«/z, iiiQ-duh, s&h-duh. Dub-buit, V. to be perplexed ; to be in a fix. [Imit. duhbuit- duhlad.] Duh-ei, V. to lose, to forfeit, to waste.",83,0.975,1,no,pending,yes
kha-n1906-001429,dubai,dubai,phrase,phrase,"not at all, in the name of (used in speaking anything solemnly as, "" duhai mabarani""). Dubalia, ki^ n. funeral flute-players. Duhoi, kaba, 7t. a cheer (by saying hoi- hoi).",84,0.975,1,no,pending,yes
kha-n1906-001420,dubasia,dubasia,noun,word,an interpreter.,83,0.975,1,no,pending,yes
kha-n1906-001428,dubjingkyrmen,dubjingkyrmen,verb,word,to be hopeless ; to despair.,84,0.975,1,no,pending,yes
kha-n1906-001426,dud,dud,noun,word,"milk. Dung, 17. to stab, pierce.",83,0.975,1,no,pending,yes
kha-n1906-001425,dud or dut,dud or dut,verb,phrase,to make sacrifice for driving away devils.,83,0.975,1,no,pending,yes
kha-n1906-001430,dui,dui,noun,word,"two-cowries (in gambling). Dui-dui, «^. to and fro, up and down (big) j [as, ""ka ruh ka khih dui-dui.""^ Diiid (wah), ka^ n. a rivulet, stream.",84,0.975,1,no,pending,yes
kha-n1906-001431,duitara,duitara,noun,word,a harp.,84,0.975,1,no,pending,yes
kha-n1906-001432,dujok,dujok,noun,word,hell.,84,0.975,1,no,pending,yes
kha-n1906-001422,duk,duk,adjective,word,"poor, needy. [Imit. duk-suk or ka duk-ka pap.]",83,0.975,1,no,pending,yes
kha-n1906-001423,dukan,dukan,noun,word,"a shop, bazaar. *Dukandar, 7i. a shop-keeper. fDukha, V. to be in sorrow or anxiety.",83,0.975,1,no,pending,yes
kha-n1906-001424,dukbi,dukbi,adjective,word,"niggardly, — ad. with extreme cursing, tenaciously, desparately. \Jmit. dukbi-dukhait.]",83,0.975,1,no,pending,yes
kha-n1906-001433,dulan,dulan,noun,word,"a brick-house ; masonry building. [Imit. ka dulan-ka paki,] * Hiadi. | f BeDgali, 74 DULE DUWANI Dule, V. to keep or fulfil one's promise, used only with the nega- tive "" ym.""",84,0.975,1,no,pending,yes
kha-n1906-001434,duli,duli,noun,word,"a palanquin. fDulir, ka^ n. document, — v. to put to task, punish. Dulon, V, to toil, to plod.",84,0.975,1,no,pending,yes
kha-n1906-001435,dum,dum,adjective,word,"dark, ignorant. fDum, n. a fisherman. [^Imit. u diim-u maswa.]",84,0.975,1,no,pending,yes
kha-n1906-001440,dum-dngiem,dum-dngiem,verb,compound,"to be at a loss {coloq.) Duml'oh, ""^ or > V. to be foggy or misty. Dumlyoh, )",84,0.975,1,no,pending,yes
kha-n1906-001436,duma,duma,noun,word,"tobacco, [/mit. duma-dukhew.]",84,0.975,1,no,pending,yes
kha-n1906-001437,dumadih,dumadih,noun,word,tobacco for smoking in a hooka prepared with treacle.,84,0.975,1,no,pending,yes
kha-n1906-001438,dumasla ti,dumasla ti,noun,phrase,tobacco leaf.,84,0.975,1,no,pending,yes
kha-n1906-001439,dumbuit,dumbuit,verb,word,"to be confounded, to be at a loss.",84,0.975,1,no,pending,yes
kha-n1906-001441,dummiew,dummiew,adjective,word,"shady, sunless (opposite of ryngngi). Dum ok, V. to threaten, scold, \_lmit. dumok-kamok.]",84,0.975,1,no,pending,yes
kha-n1906-001442,dun-diin,dun-diin,adverb,compound,with firm steps (like the walking of a hen).,84,0.975,1,no,pending,yes
kha-n1906-001443,duna,duna,adjective,word,"short, faulty, little.",84,0.975,1,no,pending,yes
kha-n1906-001444,dup,dup,auxiliary,word,"V. may, in order that ; [as, minot ba'n dup nang.]",84,0.975,1,no,pending,yes
kha-n1906-001445,dur,dur,noun,word,"shape, form, picture, [/mit. ka dur-ka dar.]",84,0.975,1,no,pending,yes
kha-n1906-001448,dur-lanot,dur-lanot,interjection,compound,good gracious I bother it I,85,0.975,1,no,pending,yes
kha-n1906-001446,durblei,durblei,noun,word,"an image. *Duri-p6, ka, n. a kind of gambling.",85,0.975,1,no,pending,yes
kha-n1906-001447,duriap,duriap,verb,word,"to ponder, think.",85,0.975,1,no,pending,yes
kha-n1906-001449,duriaw,duriaw,noun,word,the sea.,85,0.975,1,no,pending,yes
kha-n1906-001450,dusmon,dusmon,noun,word,an enemy. [I mit. u dusmon-u dandia.],85,0.975,1,no,pending,yes
kha-n1906-001451,dustur,dustur,noun,word,"custom, habit. fDusuin, ka^ n. a Bengali basket. Duwai, V. to pray, supplicate, [/mit. duwai-phirat.]",85,0.975,1,no,pending,yes
kha-n1906-001452,duwali,duwali,noun,word,the Kali Poojah festival ; the annual gambling season.,85,0.975,1,no,pending,yes
kha-n1906-001453,duwan,duwan,noun,word,an altar. [Imit. ka duwan-ka dupat.],85,0.975,1,no,pending,yes
kha-n1906-001456,dyngheng,dyngheng,adverb,word,"amazed, surprised j [as, "" u peit lyngngoh dyn^^ heng.^ \ Dyngong, ""^ or > ad. intently, stedfastly ; [as, "" u ksew u ap dyng- Dngong, ) ojjg.""] — u, n. a small bear. Dympuin, ka^ n. manure (of ^jhum cultivation). Dypei, ka^ n. hearth, — u, ti. ashes, same as dJ>eL E. E, the fifth letter in the Khasi alphabet. Ekjakor, w, ;?. a devil in the shape of a serpent ; a fabulous sea- monster. lEksamin, ka^ n. examination, — -v. to examine. Eng-eng, a, sound and healthy ; [as, "" kumno u briew uba dang eng-eng u shu iap ?""]",85,0.975,1,no,pending,yes
kha-n1906-001455,dyngngor,dyngngor,adverb,word,"to be in a stupified state/ spell-bound, (as, "" u leli biej dyngngor'^).",85,0.975,1,no,pending,yes
kha-n1906-002920,e-evv,e-evv,noun,compound,"honeycomb ; — a. brittle, weak — said of wood only. llnga, ti, n. charcoal. Rngat, V. to be dried up and evaporated. Engai (ha-), n. an illusion or dream, hallucination.",190,0.975,1,no,pending,yes
kha-n1906-002938,e-i-nger,e-i-nger,noun,compound,"a small kind of rattan cane, a species of calamus. E/ing-jingmut, v. to infer, to draw a conclusion.",193,0.975,1,no,pending,yes
kha-n1906-000367,ead-shyntur,ead-shyntur,noun,compound,hare-lip.,26,0.975,1,no,pending,yes
kha-n1906-002891,eaiup,eaiup,adverb,word,"reaching down to the ankle (as, "" u phong ka sopti kaba jynsur raiup "").",189,0.975,1,no,pending,yes
kha-n1906-002892,eaj,eaj,noun,word,"jurisdiction, a State— « raj^ the people, the consti- tuency. *llajai, ka, n. a razai, *E;ajinama, n. deed or instrument of compromise.",189,0.975,1,no,pending,yes
kha-n1906-002898,eam-ia,eam-ia,noun,compound,"dream, illusion; hallucination, — krenram-ia, to speak as in a dream ; to he under a hallucination.",189,0.975,1,no,pending,yes
kha-n1906-002900,eam-shandi,eam-shandi,noun,compound,"the goddess who inspires the people when. engaging in any dangerous undertaking as in a battle. Ran, V. to contract, to shrivel, to shrink.",189,0.975,1,no,pending,yes
kha-n1906-002902,eanaiil,eanaiil,adverb,word,"having plenty of foliage, [as, "" ka don kawei ka dieng^ kaba ranain hsirnd surok.""]",189,0.975,1,no,pending,yes
kha-n1906-002901,eanda,eanda,noun,word,a plane.,189,0.975,1,no,pending,yes
kha-n1906-001458,eh,eh,adjective,word,"hard, difficult, unrelenting, — ad. very, exceedingly, — int. fie!",85,0.975,1,no,pending,yes
kha-n1906-001459,eh-eh,eh-eh,adjective,reduplication,"exceedingly hard or stiff, very tedious. E-he, hit. expression of disapproval ; expression of triumph and wonder, especially when followed by heh. [as, "" e-he heh^ u mareh u kulai.""] Ei=a word used to emphasize or soften the expression ; fas, tip-^i =who knows ; nga la bthah ei ia u =1 did instruct him.] 'Ei ? {contr. u-ei^ ka-ei, i-ei) pron. who ? what ? [as, 'ei kata ba pah?] -ei^-suffix which means gratis,^ gratuitously ; [as, "" u la ^\-ei ia nga kane.""]",85,0.975,1,no,pending,yes
kha-n1906-002924,ehem,ehem,adjective,word,"glowing, burning. Ehew, (duna-), ad. conspicuously or markedly (less or short of), [as, "" ei ba bam ba duna rhew u k^k kumne ? ""] Ehong, (ap-), ad. agape ; — (pei-), having a small aperture;- eagerly.",191,0.975,1,no,pending,yes
kha-n1906-000572,ehie-im,ehie-im,verb,compound,to revive ; to rally.,37,0.975,1,no,pending,yes
kha-n1906-000571,ehie-kyllang,ehie-kyllang,verb,compound,"to be cyclonic. Khie-ia-iong, z;. to be stormy.",37,0.950,1,no,pending,yes
kha-n1906-002925,ehing,ehing,adverb,word,"persistently, (as, "" balei phi shiin rhing ia nga ? "").",191,0.975,1,no,pending,yes
kha-n1906-002926,ehuin-rhuin,ehuin-rhuin,adverb,compound,"very (red or glowing), [as, ""u sohphi uba saw Q'^l^ml-rhuln.'""^^ Ei, V. to keep, to take care of ; — ka, n. a country, a province ; — u, n. a kidney bean, asparagus, 'ri {ahbrev. of thri), w, n. a cane, a bamboo tie.",191,0.975,1,no,pending,yes
kha-n1906-003893,ei tmolfi tip-ei,ei tmolfi tip-ei,phrase,phrase,who knows ?,257,0.975,1,no,pending,yes
kha-n1906-001460,ei-ei,ei-ei,noun,reduplication,"something, anything.",86,0.975,1,no,pending,yes
kha-n1906-001461,ei-ei-ruh-em,ei-ei-ruh-em,phrase,reduplication,nothing at all.,86,0.975,1,no,pending,yes
kha-n1906-002928,eiaj,eiaj,verb,word,"to shrink from ; to recoil from fear, disgust, etc., forbear. Eiam, •<). to dre^s ; to entrap ; — ka, n. a suit of clothes. [Imit. ka riam ka belt.]",191,0.975,1,no,pending,yes
kha-n1906-002929,eiampop,eiampop,verb,word,to entrap wild beats by pitfalls ; to mine.,191,0.975,1,no,pending,yes
kha-n1906-002927,eiang,eiang,adverb,word,"in order, in a row, [as, "" ki huh riang ki ben ba'n shong kibriew.""]",191,0.975,1,no,pending,yes
kha-n1906-002930,eiat,eiat,noun,word,"a precipice, a clifif. [Imit. ka riat-ka ram.] 173 RIAW 'RIEWTYMMEN Riaw (rap-), rtc?. in great numbers and simultaneously, [as, "" ki tang shu pyrta, ki rap 7'iaw baroh.""]",191,0.975,1,no,pending,yes
kha-n1906-002982,eiid,eiid,noun,word,"border, side ; — leit rud, to relieve the bowels.",195,0.975,1,no,pending,yes
kha-n1906-002989,eiiid-dak,eiiid-dak,verb,compound,"to draw a line, to put a mark.",195,0.975,1,no,pending,yes
kha-n1906-001462,eire,eire,noun,word,something (already said or understood.),86,0.975,1,no,pending,yes
kha-n1906-000791,eismot,eismot,noun,word,"fate, luck. Kit, V. to carry on the hack with a head strap ; to hear ; to he^ responsible for ; {/mit. kit-hah.) Kita, 2^' those (out of sight),",49,0.975,1,no,pending,yes
kha-n1906-001463,eit,eit,noun,word,"stool, dung, excrement, scum. \Imit. ka eit-ka ksem.]",86,0.975,1,no,pending,yes
kha-n1906-001464,eit-kor,eit-kor,noun,compound,"ear-wax. * Hindi. 1 X English. 76 Eir-DANG GALI Eit-dang, kaha^ n. hard evacuations or faeces.",86,0.975,1,no,pending,yes
kha-n1906-001465,eit-masi,eit-masi,noun,compound,cow-dung.,86,0.975,1,no,pending,yes
kha-n1906-001466,eit-mat,eit-mat,noun,compound,eye-pus. [Imit. eifcmat-eitmut.],86,0.975,1,no,pending,yes
kha-n1906-001468,eit-nar,eit-nar,noun,compound,slag of an iron-furnace. •,86,0.975,1,no,pending,yes
kha-n1906-003759,eitmiaw thah tep-eitmiaw,eitmiaw thah tep-eitmiaw,verb,phrase,to affect to overlook a thing.,245,0.975,1,no,pending,yes
kha-n1906-001467,eitmut,eitmut,noun,word,nose-pus. [Tmit. eitmut-eitmat.],86,0.975,1,no,pending,yes
kha-n1906-002934,ejiewhadem,ejiewhadem,noun,word,"maize,",192,0.975,1,no,pending,yes
kha-n1906-003285,eksami,eksami,noun,word,"""J — exceedingly. •",213,0.975,1,no,pending,yes
kha-n1906-001765,el jew,el jew,adjective,phrase,"sour, grievous. [^Imit. jew-sat.] Jngang, ad, very much, (as, "" u la oug rem eh jngang''),",114,0.975,1,no,pending,yes
kha-n1906-001469,elashi,elashi,noun,word,cardamon.,86,0.975,1,no,pending,yes
kha-n1906-000777,eliaw,eliaw,noun,word,"2i grandmother. Kiaw-kurim, ka^ n. mother-in-law.",48,0.975,1,no,pending,yes
kha-n1906-001109,elynsi,elynsi,noun,word,a brother-in-law or sister-in-law ; {deikynsi) liaving relationship not prohibited by Khasi customs to marry.,66,0.975,1,no,pending,yes
kha-n1906-002921,engain,engain,adverb,word,"holding fast (of a bite) ; [as, "" u ksew u am rvgain na ka ryndang u masi.""] Engaifi-rngain (iong-), ad. as black as coal.",191,0.975,1,no,pending,yes
kha-n1906-002922,engaw,engaw,verb,word,to cease raining for a time.,191,0.975,1,no,pending,yes
kha-n1906-002923,engiew,engiew,noun,word,"luck ; individuality ; essence of humanity ; spirit. [Imit. rngiew-rw^ang.] Ehang, "") ad. disappointed, (as, "" ki briow ki la lah ioh, phi phi Eheng, J dang ap rhang hangne ! ""). Ehah, ?;. to be envious ; to meddle. [Imit. rhah-rhing.]",191,0.975,1,no,pending,yes
kha-n1906-003071,english cotton-thre,english cotton-thre,adverb,phrase,"'saiphla, u or ka, u. a witness ; a third person to whom the case is referred for confirmation.",201,0.975,1,no,pending,yes
kha-n1906-001628,english fashio,english fashio,noun,phrase,"ling-seng, ka, n. the house where all the members of a family or a clan perform their sacrifices or transact their business (invariably the house of the youngest sister or niece). Ing-thap, V. to be slightly scorched by a flame, to singe. ling-trep, ka, n. a temporary hut or shed.",103,0.975,1,no,pending,yes
kha-n1906-001457,engrej,engrej,noun,word,the English.,85,0.975,1,no,pending,yes
kha-n1906-002975,eoit-roit,eoit-roit,adverb,compound,"with violence and in quick succession (as, "" ki nongshohnoh ki la beh roit-roit ia u"").",194,0.950,1,no,pending,yes
kha-n1906-002976,eon,eon,noun,word,the least of all the deities worshipped by the Syntengs.,194,0.975,1,no,pending,yes
kha-n1906-002966,eong-jugem,eong-jugem,noun,compound,"aieddish black colour. Bong-jyrngam, ka, n, green or blue colour.",194,0.975,1,no,pending,yes
kha-n1906-002968,eong-lieh,eong-lieh,noun,compound,"white colour. E/ong-pad, ka, n. lead-foil, tinsel.",194,0.975,1,no,pending,yes
kha-n1906-002970,eong-saw,eong-saw,noun,compound,"red colour, Eong-sawdong, ka^ n. the diamond (card playing).",194,0.975,1,no,pending,yes
kha-n1906-002971,eong-shiria,eong-shiria,noun,compound,the club (card playing).,194,0.975,1,no,pending,yes
kha-n1906-002973,eong-tham,eong-tham,noun,compound,"a spade (card -playing). Eoi, V. to increase, to make progress.",194,0.975,1,no,pending,yes
kha-n1906-002969,eongphong,eongphong,adjective,word,"showy, gay ; having something of sham or pre- tence, ostentatous. Eong-pyllun, ka^ «, the heart (in card playing).",194,0.975,1,no,pending,yes
kha-n1906-002972,eono-stem,eono-stem,noun,compound,yellow colour.,194,0.975,1,no,pending,yes
kha-n1906-002977,eonsing,eonsing,noun,word,"a blowing horn, a trumpet. Eot, V. to desist, to shrink from ; to object, see also ihrof. 176",195,0.975,1,no,pending,yes
kha-n1906-002980,etin,etin,adverb,word,"tenaciously (as, ""u 'sew-beh u bat rtin ia ka skei"")^ Eudi (same as rwai), v. to sing, [^Imit. rwai-siaw.]",195,0.975,1,no,pending,yes
kha-n1906-002981,eubibar,eubibar,noun,word,Sunday.,195,0.975,1,no,pending,yes
kha-n1906-002987,euh,euh,adverb,word,"also ; — ka, n. a cage, a snare.",195,0.975,1,no,pending,yes
kha-n1906-002988,eui,eui,noun,word,"cotton,",195,0.975,1,no,pending,yes
kha-n1906-002990,euid-nur,euid-nur,verb,compound,"to cut a drain. Eui-rui, u, ji. dirt suspended in water.",195,0.975,1,no,pending,yes
kha-n1906-002983,eukom,eukom,noun,word,"manner, custom, way.",195,0.975,1,no,pending,yes
kha-n1906-002984,eukom-rukom,eukom-rukom,adverb,compound,"of different kinds, [as, "" ki don rukom-rukom ki briew ha ka pyrthei.""]",195,0.975,1,no,pending,yes
kha-n1906-002991,eum,eum,noun,word,"the lower or hinder part ; south. Euma, V, to be delirious, to speak or act incoherently, [/mif. ruma-rutit ]",195,0.975,1,no,pending,yes
kha-n1906-002992,eumar,eumar,noun,word,a pocket handkerchief.,195,0.975,1,no,pending,yes
kha-n1906-002993,eumpei,eumpei,noun,word,"the last room of a Khasi house next to the hearth, where odds and ends are kept. Eunar, see riewnar. \Imit. ranar-ruser.]",195,0.975,1,no,pending,yes
kha-n1906-002985,eung,eung,verb,word,to enter.,195,0.975,1,no,pending,yes
kha-n1906-002986,eung-balang,eung-balang,verb,compound,to enrol or be admitted as a member of a church.,195,0.975,1,no,pending,yes
kha-n1906-002994,eup,eup,noun,word,the side of a cloth not coloured or the colour of which does not come out distinctly ; the reverse side.,196,0.975,1,no,pending,yes
kha-n1906-002995,eupa,eupa,noun,word,silver.,196,0.975,1,no,pending,yes
kha-n1906-002996,eupatylli,eupatylli,noun,word,the collar bone ; a silver necklace.,196,0.975,1,no,pending,yes
kha-n1906-003055,europea,europea,noun,word,"\Imit. u saheb-u suba.] • Hiudi. "" ~~ 181",200,0.975,1,no,pending,yes
kha-n1906-002997,eusni,eusni,noun,word,firework.,196,0.975,1,no,pending,yes
kha-n1906-002998,euti,euti,noun,word,"a loaf. * Hindi. I 177 RWA RYMBAI-JA Rwa, V. to be diminished ; to become less (in quantity). Rwai, V. to sing. [Imif. rwdi-siaw.]",196,0.975,1,no,pending,yes
kha-n1906-003003,eykhie,eykhie,verb,word,"to laugh (same as rJchie). RvDga {see ""rnga""). ?",196,0.975,1,no,pending,yes
kha-n1906-003004,eyngkang,eyngkang,verb,word,"to jump, to pass over ; to trespass, to ford. \Imit. ryngkang-ryngkoh.]",196,0.975,1,no,pending,yes
kha-n1906-003005,eyngkap,eyngkap,noun,word,a quiver. — ad. with child on the back.,196,0.975,1,no,pending,yes
kha-n1906-001078,eynphut,eynphut,adverb,word,"improvidently, carelessly [as, "" u masi u bam hynphut ia u kba""].",65,0.975,1,no,pending,yes
kha-n1906-003023,eynsan,eynsan,noun,word,"a raised platform, a gallery. Hysham-knia {see ""rsham"").",197,0.975,1,no,pending,yes
kha-n1906-003028,eyntan,eyntan,adverb,word,"holding tight to the clothes (as a child does to iti^ mother's). Byntih, ad, together, unanimously, in order.",197,0.975,1,no,pending,yes
kha-n1906-001116,eyntang-maram,eyntang-maram,noun,compound,the spirit of a person who died on the high-way or out-of-doors and whose body lies exposed and unburnt. His attack to people is indicated by a severe headache.,66,0.975,1,no,pending,yes
kha-n1906-001473,gali,gali,noun,word,"same as Kali. ■VMMKVWP^fWQN) * Hindi. I I English. 77 NG NGAW-NGAW NG. Ng, the seventh letter in the Khasi alj)hahet ; it is pronounced eng, (4-).",87,0.975,1,no,pending,yes
kha-n1906-001471,garo,garo,noun,word,the Garo (same as Karo.) *Gian (see,87,0.975,1,no,pending,yes
kha-n1906-003073,h-silk thre,h-silk thre,adverb,phrase,"'sai-s'iang, it,, n. a fiddle-string having the highest pitch.",201,0.950,1,no,pending,yes
kha-n1906-003609,h-synri sum siih-synri,h-synri sum siih-synri,noun,phrase,the pain caused by the contractiou of the womb after childbirth.,234,0.975,1,no,pending,yes
kha-n1906-001507,haba,haba,adverb,word,"when, since.",90,0.975,1,no,pending,yes
kha-n1906-001508,habadei-badei,habadei-badei,adverb,compound,"sometimes, now and then.",90,0.975,1,no,pending,yes
kha-n1906-001512,hadiang,hadiang,phrase,phrase,"let me see, have, etc.... it.",90,0.975,1,no,pending,yes
kha-n1906-001513,hadien,hadien,adverb,word,"after, afterwards, behind. [^Imit. hadien-habiid.]",90,0.975,1,no,pending,yes
kha-n1906-001514,haduh,haduh,adverb,word,"up to, as far as, until ; [as, "" haduli katno n^a'n iai shah.""] """"",90,0.975,1,no,pending,yes
kha-n1906-001515,haei,haei,adverb,word,where ?,90,0.975,1,no,pending,yes
kha-n1906-001516,haei-haei,haei-haei,adverb,reduplication,anywhere.,90,0.975,1,no,pending,yes
kha-n1906-001517,haei-re-haei,haei-re-haei,adverb,compound,somewhere. * Hiudi. 80,90,0.975,1,no,pending,yes
kha-n1906-002887,hai shilliang,hai shilliang,verb,phrase,to be partial in the decision of a case ; — n. ex parte judgment.,188,0.975,1,no,pending,yes
kha-n1906-001528,hai-bai,hai-bai,adverb,compound,"lavishly, extravagantly, (as, *' u leh pahuh hdihdt*). Hai, V. to give out such a sound in playino^.",90,0.975,1,no,pending,yes
kha-n1906-001531,haiar,haiar,noun,word,"a thousand. Hajar-katta, cotij. in spite of, neverthless ; [as, "" nga la ong ba n^a'n yrti map, hijar katia rah lada phi kylla nga'n map.""] *Ha3ir, v. to present, appear.",90,0.975,1,no,pending,yes
kha-n1906-001529,hain-hain,hain-hain,adverb,reduplication,"very (red) j fresh. Hai-x^a-hai, ad slowly.",90,0.975,1,no,pending,yes
kha-n1906-001530,hajan,hajan,adverb,word,near.,90,0.975,1,no,pending,yes
kha-n1906-001532,hajot,hajot,noun,word,a lock-np ; a Hajut.,91,0.975,1,no,pending,yes
kha-n1906-001533,hajuh,hajuh,adverb,word,"in the same place ; [as, *' u shong hajuh hi.""]",91,0.975,1,no,pending,yes
kha-n1906-001509,hak,hak,adverb,word,"forcibly ; [as, u A u la lympat hak ia u B.]",90,0.975,1,no,pending,yes
kha-n1906-001510,hak-na-hak,hak-na-hak,adverb,compound,"uselessly, without any cause.",90,0.975,1,no,pending,yes
kha-n1906-001511,hakim,hakim,noun,word,"a judge, a Magistrate. Hadem, ?a. a Kuki.",90,0.975,1,no,pending,yes
kha-n1906-001534,hala,hala,adverb,word,"every Hala ka jorg ka jong, nd. separately ; [as, "" ki la leit ha la ka jong ka jong ka iing.""]",91,0.975,1,no,pending,yes
kha-n1906-001535,halade,halade,pronoun,word,in one self.,91,0.975,1,no,pending,yes
kha-n1906-001536,halai-halai,halai-halai,adverb,reduplication,"by and by ; [as, "" hakaba nyngkong u'm sngew- bha ia nga hynrei ynda halai-halai u sa ieit.""] *Halla [Hindi), v. to make a noise.",91,0.975,1,no,pending,yes
kha-n1906-001537,hali,hali,noun,word,"an ivrigated rice field ; a set of four things. Halor, prep, on, upon, over.",91,0.975,1,no,pending,yes
kha-n1906-002895,ham,ham,noun,word,a jungle which has been cleared torjhnm cultivation.,189,0.975,1,no,pending,yes
kha-n1906-001538,hamar,hamar,adverb,word,"by or at the time, (as, u wan hamar shiteng-synnia= he came just at midnight.)",91,0.975,1,no,pending,yes
kha-n1906-001539,hamsaia,hamsaia,noun,word,neighbours (legal term). * Hindi. 81,91,0.975,1,no,pending,yes
kha-n1906-001540,han heh han,han heh han,noun,phrase,a duck.,91,0.975,1,no,pending,yes
kha-n1906-001541,hana,hana,adverb,word,"so they say, it is said that ; (as, "" hana lashai ka shuti 'sha P"")",91,0.975,1,no,pending,yes
kha-n1906-001518,hangamei hamsaia hani,hangamei hamsaia hani,adverb,phrase,"proud, insolent, hauglity. \^Imlt. bangamei- liangapa.]",90,0.975,1,no,pending,yes
kha-n1906-001519,hangne,hangne,adverb,word,here,90,0.975,1,no,pending,yes
kha-n1906-001520,hangno,hangno,adverb,word,where.,90,0.975,1,no,pending,yes
kha-n1906-001521,hangno-hangno,hangno-hangno,adverb,reduplication,anywhere.,90,0.975,1,no,pending,yes
kha-n1906-001522,hangta,hangta,adverb,word,"there (out of sight) ; then, thereupon.",90,0.975,1,no,pending,yes
kha-n1906-001523,hangtai,hangtai,adverb,word,"there (far, but in sight). {Imit. hangtai-hangthie.]",90,0.975,1,no,pending,yes
kha-n1906-001524,hangtai-tai,hangtai-tai,adverb,compound,there (very far but in sight).,90,0.975,1,no,pending,yes
kha-n1906-001525,hangtei,hangtei,adverb,word,there (up).,90,0.975,1,no,pending,yes
kha-n1906-001526,hangthie,hangthie,adverb,word,there (down).,90,0.975,1,no,pending,yes
kha-n1906-001542,hano,hano,pronoun,word,"(to) whom ? Hap, V. to fall, to come ofl, to tally ; to agree. Hapoh, prop, under, within, in,",91,0.975,1,no,pending,yes
kha-n1906-001543,hapoh-hapoh,hapoh-hapoh,adverb,reduplication,"secretly ; clandestinely. Hap-shop (leit) , v. to fall into misfortunes.",91,0.975,1,no,pending,yes
kha-n1906-001545,har-har,har-har,adverb,reduplication,"breezy ; [as, "" wat leit shah khriat ha ka 'er har-har ba ioh pang : sngew pyrhut har /^ar.""]",91,0.975,1,no,pending,yes
kha-n1906-001546,hara,hara,noun,word,a set or a row or a group of persons or things.,91,0.975,1,no,pending,yes
kha-n1906-001547,haram,haram,verb,word,to be unfaithful or ungrateful ; to mutiny.,91,0.975,1,no,pending,yes
kha-n1906-001548,harieh,harieh,adverb,word,"in secret ; [as, "" u kren sniew harieh.""] Harud, pre^. on or by the side of ; [as, "" ka iiug jong u ka don harud surok.""] \_lmit. harud — ha kiar.]",91,0.975,1,no,pending,yes
kha-n1906-001549,harum,harum,adverb,word,"down, below. fHat, ka, n. a market, especially one situated at the foot of the hills. — Sht hat, a period of 4 days. ^ *Hat-kari, ka, w. handcuffs.",92,0.975,1,no,pending,yes
kha-n1906-001550,hateng-hateng,hateng-hateng,adverb,reduplication,"now and then, (as, "" u wan kai hateng-hateng ha iing jong ngi""). [/mii. hateng-hakhat.] §Hati, 71. an elephant.",92,0.975,1,no,pending,yes
kha-n1906-001551,hato,hato,adverb,word,"then ; v. Imper. let me see, whether or not.",92,0.975,1,no,pending,yes
kha-n1906-001527,haufrto,haufrto,adverb,word,there (when the place is understood or supposed to be l<nown).,90,0.975,1,no,pending,yes
kha-n1906-001552,haw,haw,interjection,word,"why not ! — ad. publicly. Hawei-ha-ar, ai. elsewhere; [as "" ba'n ^(5^t^e^-^«-ar ki'm khot basa iau.""]",92,0.975,1,no,pending,yes
kha-n1906-001553,haw-haw,haw-haw,adverb,reduplication,"clamorously, — n. the vacuum ; the atmosphere.",92,0.975,1,no,pending,yes
kha-n1906-001544,hdr,hdr,noun,word,"condition; a pair (generally said of plough-bullocks) — a. all kinds of (generally used with mkom, as, hdr rukom).",91,0.975,1,no,pending,yes
kha-n1906-001554,he-he,he-he,adverb,reduplication,"pantingly ; [as, "" u la mareh haduh ba u'n da thait M^ he:']",92,0.975,1,no,pending,yes
kha-n1906-001556,hei hisa hei,hei hisa hei,interjection,phrase,"excuse me ; I say ; be careful ; [as, "" hei khublei, nga kum dei ho.""]",92,0.975,1,no,pending,yes
kha-n1906-001557,heit,heit,adverb,word,"why not ? (interogatively only) ; [as, "" kam long kumta-/i^zY.""]",92,0.975,1,no,pending,yes
kha-n1906-001555,hek-hek,hek-hek,adverb,reduplication,"very (odolrous). Heng-heug, ad, with a stentorian sound ; [as, "" ka ktien jong u kaba sngew 7ieng-heng.""\ Heh, V. take {imper. only), — a. big, large, great. » Hindi. i t Bengali. | § Assamese. S2",92,0.975,1,no,pending,yes
kha-n1906-000553,hem khie-lapeti khem,hem khie-lapeti khem,verb,phrase,"to squeeze, to rub and press the body or limbs gently.",36,0.950,1,no,pending,yes
kha-n1906-001558,hem-hem,hem-hem,adverb,reduplication,very (red).,92,0.975,1,no,pending,yes
kha-n1906-001559,hen-hen,hen-hen,adverb,reduplication,"like kanji ; [as, "" nga la shot ia u soh ha ba'n da um hen'heny'\ Hep, /, n. younger brother or sister (used in calling) ; dear, a term used by older persons in addressing young people. Hep-hep kpoh, ka^ n.. the belly. Her, V. to fly, — {Jief) ad. awfully, exceedingly ; [as, "" nga la shepting her ha. ngaioh-i ia u.""] H^r-iap-her im, v. to run for life.",92,0.975,1,no,pending,yes
kha-n1906-001560,her-her,her-her,adverb,reduplication,"strongly (bad smell) ; too (soft) ; very (sharp), [as, iwtung her-her; Jem her-her; nep ker-her.]",92,0.975,1,no,pending,yes
kha-n1906-001561,her-mynsiem,her-mynsiem,verb,compound,"to be sore afraid. H^r-syrngiew, v. to be at one's wits' end.",93,0.975,1,no,pending,yes
kha-n1906-001562,hi,hi,adverb,word,"and pr. self, alone ; also used to soften the abruptness (;f a sentence.",93,0.975,1,no,pending,yes
kha-n1906-003895,hi-pdeng,hi-pdeng,noun,compound,tlie middle finger.,257,0.975,1,no,pending,yes
kha-n1906-001563,hiar,hiar,verb,word,"to go or come down, to descend — ad. down.",93,0.975,1,no,pending,yes
kha-n1906-001564,hiar-iadep,hiar-iadep,noun,compound,a flake.,93,0.975,1,no,pending,yes
kha-n1906-001565,hiaw-hiaw,hiaw-hiaw,adverb,reduplication,"weakly, softly ; asthmatic ; [as, "" u rangbah ruh u kren hiaw hiaw kum ka kynthei.""J Hikai, v. to learn, to teach.",93,0.975,1,no,pending,yes
kha-n1906-001568,hid,hid,adverb,word,"finely, thoroughly, flowingly ; [as, "" tylliat ha ba'n da ni hin*^; jem hin.'] Hip-hip, ka^ n. the end of the ribs.",93,0.975,1,no,pending,yes
kha-n1906-003876,hien bangl,hien bangl,adjective,phrase,"""] Tieiii, (jrong-), ad. like an elastic thread, [as, *'haba ring ia u ata ba la tylliat bha, u jrong tieiiV] — ad. to the full length,",255,0.975,1,no,pending,yes
kha-n1906-001566,hieng,hieng,verb,word,"having a large bore or hole ; dilated. Hih, V. take {imper. only).",93,0.975,1,no,pending,yes
kha-n1906-003884,hiew-dohraaw,hiew-dohraaw,noun,compound,a very small plant whose leaves are of a dark violet colour interspersed with golden streaks and much liked by women to deck then* hair.,255,0.975,1,no,pending,yes
kha-n1906-003888,hiew-riam-skdin,hiew-riam-skdin,noun,compound,"the pitcher plant. *tiew-sngi, u^ n, the sunflower. *tiew-shyllong, ?/, m. a white flower resembling gloxinia which a shrub growing by the river-side bears. 'tiew-shlim, w, n, stramonium flower. Tiew-sla, u^ n, a brass pot for cooking rice, same as khiewsh, »tiew-snoh-dieng, w, n. orchid, *tiew-synteng, «, m. Vanda cerulea (orchid).",256,0.975,1,no,pending,yes
kha-n1906-001567,hih-i,hih-i,adverb,compound,"yes {coloq^.) Hima, ha^ n. kingdom, state. [Imit. hima-sima,]",93,0.975,1,no,pending,yes
kha-n1906-001578,hiid,hiid,noun,word,"quarter, side; group. —«^. Shihud, in one way ; [as„ "" kane ka shu bha skt-hud.""] - * Huleng, 7t. ape (black) ; hoolook.",93,0.975,1,no,pending,yes
kha-n1906-001569,hir-hir,hir-hir,adverb,reduplication,"longingly, exceedingly : [as, "" don ka ri ba sngewtyn- nad hir-hir.^ ^]",93,0.975,1,no,pending,yes
kha-n1906-001570,hira,hira,noun,word,"a kind of precious stone, diamond.",93,0.975,1,no,pending,yes
kha-n1906-001571,hiran,hiran,adjective,word,tired.,93,0.975,1,no,pending,yes
kha-n1906-001572,hisa,hisa,noun,word,"a share. * Hindi. 83 HO HYNROIi Ho, = please ; will you ?",93,0.975,1,no,pending,yes
kha-n1906-001573,hok,hok,noun,word,"right, justice, rigbteousness, — ad. uprightly, righte"" ously. H'oid, «^. yes (also written Ha-oid, Ho-oid), H6in, ad. very (red). H6n-h6n, ad. like flour which has been mixed with water, [as, "" kane ka jingkhleh ka la um eh hon-hon.^']",93,0.975,1,no,pending,yes
kha-n1906-001574,hor-hor,hor-hor,adverb,reduplication,"tenderly, softly ; [as, "" khroh hor-hor ; jem hor-",93,0.975,1,no,pending,yes
kha-n1906-001575,horkit,horkit,adverb,word,"at any rate, at all cost ; [as, *' horkit ym ju bit haram ia u nongleh bha.""] [Imit. Horkit-hordang.]",93,0.975,1,no,pending,yes
kha-n1906-001576,hormot,hormot,noun,word,"chastity, honour. Hu, ka^ n. the porpoise.",93,0.975,1,no,pending,yes
kha-n1906-001577,hukum,hukum,noun,word,commandment ; order.,93,0.975,1,no,pending,yes
kha-n1906-001579,hum-huqi-ham-ham,hum-huqi-ham-ham,adverb,reduplication,noisily (talking).,94,0.975,1,no,pending,yes
kha-n1906-001581,hun,hun,adjective,word,"satisfied ; pleased ; contented,",94,0.975,1,no,pending,yes
kha-n1906-001580,hunam,hunam,verb,word,to harp on the same string.,94,0.975,1,no,pending,yes
kha-n1906-001584,hur-hur,hur-hur,adverb,reduplication,"very, (soft like an over-ripe fruit). Huspai, (ai-), v. to indulge ; to give one his own wrong way.",94,0.975,1,no,pending,yes
kha-n1906-001583,huri-hura,huri-hura,noun,compound,"confusion, row.",94,0.975,1,no,pending,yes
kha-n1906-001585,hynbew,hynbew,noun,word,brother or sister.,94,0.975,1,no,pending,yes
kha-n1906-001586,hynddi,hynddi,adverb,word,in olden times. [Imit. Hyndai-hynthdi.],94,0.975,1,no,pending,yes
kha-n1906-001590,hynfiiew-skum,hynfiiew-skum,noun,compound,the seven families in the beginning of th» world. [Imit. ki hynniew skum-ki hynniew trep.],94,0.975,1,no,pending,yes
kha-n1906-003021,hynjaifi,hynjaifi,adverb,word,"as if many things are adhering or clinging, [asf ""nga'm lah ba'n leit kai ba bun ki kam rynjam.""] Bynjap (noh-), ad. with breasts hanging down, [as, "" ka sniang kaba don khun ka raikhoh rynjap.""]",197,0.975,1,no,pending,yes
kha-n1906-001587,hynmen,hynmen,noun,word,elder brother or sister. [Imit. Hynmen-hynbew.],94,0.975,1,no,pending,yes
kha-n1906-001588,hynne,hynne,adverb,word,a short time ago ; after the lapse of some hours.,94,0.975,1,no,pending,yes
kha-n1906-001591,hynnin,hynnin,adverb,word,yesterday.,94,0.975,1,no,pending,yes
kha-n1906-001592,hynrei,hynrei,conjunction,word,"but, though.",94,0.975,1,no,pending,yes
kha-n1906-001593,hynriew,hynriew,adjective,word,six.,94,0.975,1,no,pending,yes
kha-n1906-001589,hynuiew,hynuiew,adjective,word,seven.,94,0.975,1,no,pending,yes
kha-n1906-001475,i,i,adverb,word,"hard ; [;is, "" u wei u lymbub ngak ia u wei pat.""] ; sud- denly.",87,0.975,1,no,pending,yes
kha-n1906-002448,i,i,noun,word,wife of an uncle on the mother's side.,156,0.975,1,no,pending,yes
kha-n1906-002526,i'akhing,i'akhing,verb,word,"to resist. Same as iakhing. Pakbop, V. to strive against or resist when dragged. Pakhud, V. to pull or drag along the ground.",164,0.975,1,no,pending,yes
kha-n1906-001639,i'm,i'm,phrase,phrase,he or she does not ; (I+ym).,104,0.975,1,no,pending,yes
kha-n1906-001643,i'n,i'n,phrase,phrase,"he or she will ; (I+yn). Ine, fron. this (diminutive).",104,0.975,1,no,pending,yes
kha-n1906-001638,i-lub,i-lub,adjective,compound,"attractive, fascinating. Im, i^. to live ; to be alive ; to be safe; unripe, green, not well- cooked.",104,0.975,1,no,pending,yes
kha-n1906-001646,i-per,i-per,adjective,compound,"appearing light-minded or shallow minded. Ipher, V. to appear awkwardly ; appear suspicious ; appear strange or dilferent from the ordinary way. \_Imit. ipher-iphar.] I-phuh, V. to appear cheerful. [Imit. iphuh-iphieng.]",105,0.975,1,no,pending,yes
kha-n1906-001650,i-raitong,i-raitong,adjective,compound,appearing poor and ragged.,105,0.975,1,no,pending,yes
kha-n1906-001652,i-rngai,i-rngai,verb,compound,to see something as in a dream or delusion ; to hallu- cinate.,106,0.975,1,no,pending,yes
kha-n1906-001659,i-shongkun,i-shongkun,adjective,compound,"having a grave appearance. Isih, V. to abhor, to dislike.",106,0.975,1,no,pending,yes
kha-n1906-001658,i-shongsmn,i-shongsmn,adjective,compound,having a sinister appearance.,106,0.975,1,no,pending,yes
kha-n1906-001663,i-syrngiew,i-syrngiew,adjective,compound,"frightful, awe-inspiring. It (yit), ""v. to examine, to search carefully. — ka, n. a looking- glass, a glass. tit, w, n. a brick. — ka, n. a quarter, a kingdom, border land. Ita, mon. that (diminutive form of uta or kata.)",106,0.975,1,no,pending,yes
kha-n1906-001665,i-triem,i-triem,adjective,compound,"dreadful. luh, v. to tread upon, to trample. luh-top, 'V. to be tyrannical or despotic. Iim-iun-ian-i{ln, a. weak, (as, "" Ti^2i. ^iiqq-w iun-iun-idn-idn ba'm put koit bha."") lup, «^. completely down, (as, ""ka jainkup ka la khlup bha Iw {eew), V. to have a smell, to smell. — u, n. a person who imi- tates whatever another does, (as, "" u leh kum u iw.'') Iw {yew), inter, fie. Iw-bih, V. to have a pleasant small. — a. sweet smell ; aromatic. {Imit. iwbih-iwthiang.] Iwkhono*, V. to have an unpleasant smell. [Imit. iwkhong-iw- khap.]",106,0.975,1,no,pending,yes
kha-n1906-001667,i-wit,i-wit,adjective,compound,"appearing obstructive ; to be on another's way. \Imit, iwit-iwa.J * Hindi. 1 t Bengali. 95 IW-LNGAW JAKNEP Iw-lngiiw, V. to have the smell of a long unoccupied- house.",107,0.975,1,no,pending,yes
kha-n1906-002436,iangbliar ne,iangbliar ne,conjunction,phrase,"or. Ne (an enclitic word) = or thereabouts ; (as, wallam kumba 20 s^r ne u riwhadem) — ka, n. Something or some article under- stood between the speakers.",156,0.975,1,no,pending,yes
kha-n1906-001605,iar lasuh-mar-iap larly-iar,iar lasuh-mar-iap larly-iar,adverb,phrase,"(falling) like a light thing from a high precipice ; [as, "" u la hap iar-lyiar nalor ka riat.""]",99,0.975,1,no,pending,yes
kha-n1906-001612,ibba,ibba,adjective,word,"good looking, v. — to take fancy to, to be enamoured of- [/mii. ibha-imiat.]",101,0.975,1,no,pending,yes
kha-n1906-001611,ibeiri,ibeiri,verb,word,"to despise, [/mit. ibein-ikhoh.]",101,0.975,1,no,pending,yes
kha-n1906-001613,ibiang,ibiang,adjective,word,decent-looking. \_Iiiiit. ibiang ibit],102,0.975,1,no,pending,yes
kha-n1906-001614,ibiej,ibiej,adjective,word,to look like a fool ; absurd. [^Imlt. ibiet'i-anna.],102,0.975,1,no,pending,yes
kha-n1906-001615,ibyn-riew,ibyn-riew,verb,compound,to appear to be on the way to betterment.,102,0.975,1,no,pending,yes
kha-n1906-001179,icyrdem,icyrdem,verb,word,"to stamp with the foot, X English. 61",70,0.975,1,no,pending,yes
kha-n1906-001601,idid-dar dar,idid-dar dar,verb,phrase,"to have a brisk walk. Iaid-n2:eng:-ng;enf]:, v. to walk as one who is intoxicated.",96,0.975,1,no,pending,yes
kha-n1906-001600,idid-kyrbeit,idid-kyrbeit,verb,compound,to walk by tightening the muscles of the legs.,96,0.975,1,no,pending,yes
kha-n1906-001609,idwbei,idwbei,noun,word,"a primitive ancestress of a clan. lawbei-tymmen, ka, n. the grand primitive ancestress of a clan. lawbei-khynraw, ka^ n. the primitive ancestress of a branch of a clan. ''?*""^ ^^^""^-^ law-paw (shnong ka), n. the grave ; death, {/if. the village on the top of a hill where ka laiv-jMio dwells ; the story runs that whoever goes into her village never returns.) laweng, v. to remove; to be engaged in wrestling, etc. 90 lAWER",101,0.975,1,no,pending,yes
kha-n1906-001631,ih,ih,adjective,word,"ripe, well cooked. * Hindi. I t Bengali. 02 i-HiH ion I-hih, {coloq.) ado. no.",104,0.975,1,no,pending,yes
kha-n1906-001632,ih-rod,ih-rod,adjective,compound,"not properly ripe. *Ijar, V. to report to the authority esp. to the police station, — ka, n. ejahar. I- jew, V. to appear hopeless, to be disgusted.",104,0.975,1,no,pending,yes
kha-n1906-001966,ihdng ia ka bohkhail,ihdng ia ka bohkhail,adjective,phrase,"""] Lb6r, «, n. the month of March. Lbing(heh-), ad. fleshy and big ; [as, ""u briew uba heh Ibhig,''']",126,0.975,1,no,pending,yes
kha-n1906-002036,ihe,ihe,noun,word,^^],130,0.975,1,no,pending,yes
kha-n1906-001610,iing' lawer,iing' lawer,verb,phrase,"to call for a companion, to solicit to go along with, to invite. lawih, V. to be engaged in a struggle ; to fight hard. lawin, V. to make noise.",101,0.975,1,no,pending,yes
kha-n1906-002119,iiyngkhason,iiyngkhason,noun,word,a frame of wood or bier for carrying the dead body to the cremating place.,136,0.975,1,no,pending,yes
kha-n1906-001633,ijot,ijot,noun,word,"reputation, honour.",104,0.975,1,no,pending,yes
kha-n1906-001634,ijra,ijra,noun,word,a long term lease.,104,0.975,1,no,pending,yes
kha-n1906-001616,ik,ik,adverb,word,"simultaneously up (to blaze or stir), [as, "" ka ding ka ieng ik ; baroli shishnong ki ieng ik.'^ \",102,0.975,1,no,pending,yes
kha-n1906-000408,ikartub,ikartub,noun,word,"a cartridge. *Kashari, ka ing ka shari, — n. court-house, kutcherry.",27,0.975,1,no,pending,yes
kha-n1906-001617,iktiar,iktiar,noun,word,"authority, power. I kwah, 2;. to have a desire for a thing from looking at it; to covet; Id {or it), V. to tie a baby with a strip of cloth on the back as Khasi women do, — ka^ n. quarter, side, border. [^Irnit. ka id-ka hima.] Ide, (same as ade). Ieng, V. to stand, to rise up. [^lihit. ieng-iaid.] leh, ■\ lehnoh, > 0. to leave off, to abandon, to let alone ; — ieh-noh-sansJi- Inoh, ) ing, to divorce (by exchanging five cowries). leh seh, phr. keep off please ; let me alone please, leit, V. to love. [/mit. ieit-thoin.] Same as iej. lew, k^",102,0.975,1,no,pending,yes
kha-n1906-001635,ilaka,ilaka,noun,word,district or /la/sa. [,104,0.975,1,no,pending,yes
kha-n1906-002894,ilam,ilam,noun,word,a debt.,189,0.975,1,no,pending,yes
kha-n1906-001637,ilashi,ilashi,noun,word,cardamon.,104,0.975,1,no,pending,yes
kha-n1906-001641,im im-peit peit,im im-peit peit,adverb,phrase,"when quite conscious, in broad day light, (as, "" u sha pyniap ia ka blang im im-peit peit mjnsngi bah iia pdenglynti."")",104,0.975,1,no,pending,yes
kha-n1906-001642,im-jingmut,im-jingmut,verb,compound,"to set one's heart upon, to be alive of. Im'nong, -v. to get adequate wages. \Imit. im-nong-im-ni.] Iin-sngi, V. to have adequate daily wages ; to cogitate.",104,0.975,1,no,pending,yes
kha-n1906-001640,imdn,imdn,noun,word,"regard, honour. I-mat, V. to seem, to appear; to be visible. {Imit. imat-imut.]",104,0.975,1,no,pending,yes
kha-n1906-002001,imil lehsang-lehm,imil lehsang-lehm,adjective,phrase,"] J English. 114 LEHSAT LEITKHA-LEITMAN Lehsat, 7^. to do anything by way of vengeance or self- mortification. [^Imit. lehsat-lelijew.]",128,0.975,1,no,pending,yes
kha-n1906-002878,imil rangbah- rangsa,imil rangbah- rangsa,noun,phrase,"] R'ang, «cZ. with feet entangled in a raised position in such things as a creeper or barbed wire, same as ryang. Rangai, "") ad. with long dishevelled hair, [as, "" u shniuh katai ka Rangei, [■ briow u long uba rangai kum u jong ka dngiem ; kane Rangiep, j ka dieng kaba heh rangai,'""",188,0.975,1,no,pending,yes
kha-n1906-003351,imil shong-basa- shougbasui,imil shong-basa- shougbasui,noun,phrase,"J Shongkai, v. to sit for pleasure or for gossip ; to be on a visit. [Imit. shongkai-shong-iclid.]",217,0.975,1,no,pending,yes
kha-n1906-002645,imit u phan-u-kyrp,imit u phan-u-kyrp,adverb,phrase,] 155,172,0.975,1,no,pending,yes
kha-n1906-000048,imt'l aisiew-aitd,imt'l aisiew-aitd,adjective,phrase,"] .vAi-sniew, v. to poison. [Imit. aisniew-aismeh.] v/Ai-sut, V. to give money on interest. [Imit, aisut-aibut.] Ai'ti, V. to give up, to hand over, to deliver up.",8,0.975,1,no,pending,yes
kha-n1906-002935,indian cor,indian cor,noun,phrase,"riewhok, w. a godly man, an honest person. [Imit. 'riewhok- 'riewsot.] riew-iaid, ka, n. a woman of bad character, a harlot, riewlieng, ii, n. a boatman, a sailor. riewnar, runar, adj. cruel, wicked. [Imit. u runar-u ruser.] riewpop, n. a sinner, riewradbah, n. a giant, riewsaid, u, n. a pleader, riewsaid-lah, n. a person who holds on in argument although he is beaten, riewsaidthma, v, n. a statesman, a clever man. riew-u-s'iar, (dang-),^//r. at the crowing of a cock, early in the morning, riewspah, a. rich, wealthy. [Imit. 'riewspah-'riewphew.] riewstad, ^^. a wise person. [Imit. 'riewstad-'riewnang.] riewtymmen, n. an old person, an elder. — ad. like one who is in an advanced age, thoughtfully (as, ""ine i-'Boihw i-kvenrietctymmen shibun haba ia shongkai "") [Imit. riewtymmen-riewsan]. * Hindi, 174 RING RMIANG Bing, V. to pull, to tng.",192,0.975,1,no,pending,yes
kha-n1906-001625,ing-ding,ing-ding,verb,compound,to get burnt with fire.,103,0.975,1,no,pending,yes
kha-n1906-001624,ingkhong,ingkhong,verb,word,"to be burnt to cinders ; to be exasperated. [/?fiit. ingkhong-ingkbait.] *fing-kirja, ka, n. a chapel; a church. ling-dara, ka, ft. a temporary shed ; a tent.",103,0.975,1,no,pending,yes
kha-n1906-001644,ino,ino,pronoun,word,which ? (diminutive).,104,0.975,1,no,pending,yes
kha-n1906-001648,iphieng,iphieng,adjective,word,awe-iaspiring ; grand-looking ; showy. [Imit. iphieng iphuh.],105,0.975,1,no,pending,yes
kha-n1906-001647,ipoh,ipoh,adjective,word,appearing low or servile.,105,0.975,1,no,pending,yes
kha-n1906-001649,ir,ir,adverb,word,"up (stir, ablaze.)",105,0.975,1,no,pending,yes
kha-n1906-001655,ir-shi-ir,ir-shi-ir,adverb,compound,"incessantly, continually ; [as, "" mynta ki Eus bad ki Jap ki ialeh ir-shi-ir \'\ I sat, V. to appear disgusting, to be irritating. [Imit, isat-ijew.] 94",106,0.975,1,no,pending,yes
kha-n1906-001651,irat,irat,adverb,word,"and so on ; onward ;[as, ""mynta kumne u'n sa nang koit irat.""]",105,0.975,1,no,pending,yes
kha-n1906-001653,irian g,irian g,adjective,phrase,"passionate, irritable.",106,0.975,1,no,pending,yes
kha-n1906-001654,irmat,irmat,noun,word,pi. eye-lids.,106,0.975,1,no,pending,yes
kha-n1906-001483,is'gar-ngar,is'gar-ngar,adverb,compound,"lively, green ; [as, "" phi waliam u soh uba dang im ngaf-ngar.^''\ Ngat, V. to fall upon, to fall into or to be caught in a snare. Ngaw-ngaw (iong-), ad. very (black like charcoal).",88,0.975,1,no,pending,yes
kha-n1906-001656,isait-mer i-wit isait-met,isait-mer i-wit isait-met,adjective,phrase,appearing loathsome.,106,0.975,1,no,pending,yes
kha-n1906-001657,isbcid,isbcid,noun,word,steel.,106,0.975,1,no,pending,yes
kha-n1906-002451,isliadkalai,isliadkalai,verb,word,"to tin, to enamel. isliad-rong, v. to paint.",157,0.975,1,no,pending,yes
kha-n1906-001661,isna-iap,isna-iap,noun,compound,wraith.,106,0.975,1,no,pending,yes
kha-n1906-001660,isndi,isndi,adjective,word,"tiresome, wearisome.",106,0.975,1,no,pending,yes
kha-n1906-001662,isyn-ei,isyn-ei,verb,compound,to have pity or mercy on.,106,0.975,1,no,pending,yes
kha-n1906-001664,ithawnang,ithawnang,adjective,word,"comical, funny. I-thuh, V. to know, to make out, to recognise, \_lmit. ithuh- ithaw.]",106,0.975,1,no,pending,yes
kha-n1906-003804,ithep-shyieng,ithep-shyieng,verb,compound,"to deposit bones in a tomb. \Im%t, hepshying thepshruh.] * Hindi. 226 THER THIE Ther, V. to beat {esp. the busli or jungle) ; to muster ; to beat about the bush ; to put up a bird. Thfer-ther, (laid-), ad. with light springy steps and flowing gar- ments, [as, "" khmih ka mem ka idjid therther kumba ka kyr kieh eh"".] Thet, V. to wash the hands.",248,0.975,1,no,pending,yes
kha-n1906-002465,ivliewsting,ivliewsting,verb,word,to make light of.,159,0.975,1,no,pending,yes
kha-n1906-001046,ivyn-ieb,ivyn-ieb,adverb,compound,"raised up (as the lid or covering). 55 KYNIEH KYNMAW """,63,0.975,1,no,pending,yes
kha-n1906-001669,iw-riem,iw-riem,verb,compound,to have a very slight bad smell.,107,0.975,1,no,pending,yes
kha-n1906-001670,iw-sieng,iw-sieng,verb,compound,"to have a pungent snuffy smell. \^lmit. iwsieng- iwsat.] Iw-sit, V. to have a smell of urine. Iw-sma, V. to have a slight rotten smell. Iwsyndot myrsiang, see syndot myrsiang. Iw-tung, V. to have a stinking smell ; to have a putrid smell. [Imit. iwtung-iwsat.] J. J, the tenth letter in the Xhasi alphabet.",107,0.975,1,no,pending,yes
kha-n1906-001666,iwkyrteng,iwkyrteng,verb,word,"to have the smell of a thing bearing that name; (as, "" kata ka doh kaba iwkyrteng du."") Iwei, ^ro7z. one.",106,0.975,1,no,pending,yes
kha-n1906-001668,iwli,iwli,adjective,word,"to have the smell of fresh fish. [Imit. iwli-i'whoit.] Iwpdu, V. to have the smell of a putrid fish.",107,0.975,1,no,pending,yes
kha-n1906-000063,j,j,noun,word,"trouble, calamity. * Hindi, j t Bengali. b2 4 AP-THAP ARSUT Ap-tliap, r, to He in Avait for. ^ Ap-tiili, V. to waylay. [Imit. aptiih-aptliiem.] ; to wait stealthily.",8,0.975,1,no,pending,yes
kha-n1906-001671,ja,ja,noun,word,"boiled rice, — [/mit. ka ja-ka jhur) ; — Int. ah, oh.",107,0.975,1,no,pending,yes
kha-n1906-001672,jab,jab,adjective,word,"dirty, especially about the mouth.",107,0.975,1,no,pending,yes
kha-n1906-001673,jabar,jabar,noun,word,a wild herb.,107,0.975,1,no,pending,yes
kha-n1906-001674,jabieng,jabieng,noun,word,the brain.,107,0.975,1,no,pending,yes
kha-n1906-001675,jablei,jablei,noun,word,cooked rice or pullao consisting of rice and flesh of fowls sacrificed to a spirit called u blei Synteng — it is cooked and eaten outside the village in the open air.,107,0.975,1,no,pending,yes
kha-n1906-001676,jablo,jablo,adjective,word,dumb -like.,107,0.975,1,no,pending,yes
kha-n1906-001677,jaboh,jaboh,adjective,word,"dirty, clumsy.",107,0.975,1,no,pending,yes
kha-n1906-001678,jabuit,jabuit,noun,word,"a kind of herb (of a sour taste). *Jaka, ka, 71. place, room. [Imit. ka jaka-ka puta.] Jaka-jaka, ac^. here and there, in patches, (as, "" ki dieng ki shu long jaka-jaka ha ki lum Khasi""). Jakhait-rap, u, 71. a creeping plant whose leaves — of a sour taste, are used for curry.",107,0.975,1,no,pending,yes
kha-n1906-001691,jadu,jadu,noun,word,"charm, enchantment.",108,0.975,1,no,pending,yes
kha-n1906-001694,jah-lngaid,jah-lngaid,verb,compound,to disappear without any knowledge.,108,0.975,1,no,pending,yes
kha-n1906-001695,jahthait,jahthait,verb,word,"to find rest ; to recover from fatigue. [Imit, jahthait- jahjrem.]",109,0.975,1,no,pending,yes
kha-n1906-001696,jai,jai,adverb,word,"slowly, calmly ; carefully; [as, ""ka um ha ri Dkhar ka tuid suki jai ""; "" Dung ia u khaw ha ba'n da ni j'ai.^']",109,0.975,1,no,pending,yes
kha-n1906-001697,jaiaw,jaiaw,noun,word,"a shrub; {Bot.) Artemisia vulgaris. *Jaid, ha, u. clan, caste, kind. \_Imit. kajaid-ka kynja ; ka jaid- ka sker.] Jaid /^^;j } conj. since, seeing that.",109,0.975,1,no,pending,yes
kha-n1906-001708,jaifisai-hon,jaifisai-hon,noun,compound,a cloth made of sunhemp thread or jute.,109,0.975,1,no,pending,yes
kha-n1906-001703,jaiii-mor-mor,jaiii-mor-mor,noun,reduplication,a thin cotton cloth. §,109,0.975,1,no,pending,yes
kha-n1906-001698,jaiil,jaiil,noun,word,"cloth, clothes, [^mit. ka jain-ka nep.] Jaiukh6r, ka, n. silk clothes used on festive occasions only, \_lmit. jaifikhor-jainkhriam.] Jiiiiikhyrwang, ka^ n. an eri cloth with alternate white and red stripes. * Hiudi. 99 JAINKUP JALBAIN Jtiiiikup, ka^ n. a wrapper, a cloak ; chadder.",109,0.975,1,no,pending,yes
kha-n1906-001704,jain muka,jain muka,noun,phrase,"amuga or Assam silk. Jain-pun, "") ka, n. a fold in the outer garment of Xhasi women for Jing-pun, > putting in odds and ends. Jym-pun, )",109,0.975,1,no,pending,yes
kha-n1906-001700,jain-iarong,jain-iarong,noun,compound,a net-work cloth.,109,0.975,1,no,pending,yes
kha-n1906-001701,jain-jain,jain-jain,adverb,reduplication,"in pieces, pierced into many holes, [as, '* ka masi ka la clait ia ka jfiin ha ban da Yko jaifijainy'",109,0.975,1,no,pending,yes
kha-n1906-001707,jainsaipdd,jainsaipdd,noun,word,a finer muga cloth.,109,0.975,1,no,pending,yes
kha-n1906-001706,jainsala,jainsala,noun,word,a cotton cloth.,109,0.975,1,no,pending,yes
kha-n1906-001710,jaipdeh,jaipdeh,adjective,word,"lazy, slothful. \_Imit. jaipdeh-jaisngi,]",110,0.975,1,no,pending,yes
kha-n1906-001711,jaitiih,jaitiih,adjective,word,"lazy, indolent. {^Imit. jaituh-jaisngi.]",110,0.975,1,no,pending,yes
kha-n1906-001712,jaiur,jaiur,noun,word,"a kind of very pungent fruit resembling black pepper Jajah. ka, n. cold rice. \_Imit. jajah-jathngan.]",110,0.975,1,no,pending,yes
kha-n1906-001709,jaiusem,jaiusem,noun,word,"an outer garment of Khasi women worn loosely across the shoulders. Jaiu-slieng, ka, n, a strip of cloth worn by men round the waist. {Hind.) lengtiti. J^in-sop, ka, n. a swaddling cloth. \_Imit. j4in-sop-jainspaia.J Jdiiispong, ka, n. a turban; a pagri.",109,0.975,1,no,pending,yes
kha-n1906-001713,jajer,jajer,noun,word,"a wild vegetable. Jajew, i(', n. a certain plant of a sourish taste. [Imit. jajew- jajap.]",110,0.975,1,no,pending,yes
kha-n1906-001679,jakhi,jakhi,noun,word,a vegetable used in feeding swine.,107,0.975,1,no,pending,yes
kha-n1906-001680,jakhir,jakhir,noun,word,rice boiled in sweetened milk.,108,0.975,1,no,pending,yes
kha-n1906-001681,jakhlia,jakhlia,adjective,word,"dirty, nasty. [Imit. jakhlia-jakhlait.]",108,0.975,1,no,pending,yes
kha-n1906-001682,jakhom,jakhom,verb,word,to be in trouble ; wounded.,108,0.975,1,no,pending,yes
kha-n1906-001683,jakhyllie,jakhyllie,noun,word,"rice mixed with yeast for extracting liquor but not yet properly fermented, it is generally kept in a basket for one night (see also jasapung).",108,0.975,1,no,pending,yes
kha-n1906-001684,jaknep,jaknep,adjective,word,"sluttish. * Hindi. 96 JAKOID JAINKHYRWANG Jak6id, n. a frog.",108,0.975,1,no,pending,yes
kha-n1906-001685,jakpoh,jakpoh,noun,word,food jnst enough to sustain one's life ; a morsel.,108,0.975,1,no,pending,yes
kha-n1906-001686,jakpu,jakpu,noun,word,"a lump of cooked rice, sometimes rolled up like a ball usually given to children.",108,0.975,1,no,pending,yes
kha-n1906-001687,jakrik,jakrik,adverb,word,"in a very careless manner, in ebullition ; [as, ""a-iu phi saitthma jakrak ?""] ; like a babbler.",108,0.975,1,no,pending,yes
kha-n1906-001688,jakter,jakter,adverb,word,"like a drunkard who talks with much saliva dribbling frcm his mouth ; [as, "" u briew uba kren bu-aidy«i^^r.""]",108,0.975,1,no,pending,yes
kha-n1906-001689,jaktung,jaktung,noun,word,cooked rice or cooked potato mixed with a certain sort of preserved small fish and used as curry or chutni.,108,0.975,1,no,pending,yes
kha-n1906-001690,jakyntien,jakyntien,noun,word,"a morsel. Jada, u, 11. a vegetable.",108,0.975,1,no,pending,yes
kha-n1906-001714,jalani,jalani,adjective,word,"fastidious, over-nice, particular, dandyish.",110,0.975,1,no,pending,yes
kha-n1906-001715,jalatyrsim,jalatyrsim,noun,word,"a kind of Bon-riha plant. Jalia-jaMit, ad poorly, wretchedly, [as, "" kiba pli ki shu ia bdm jalia-jaldit katbaioh"".] J[ali-ja-um, a. kind, gentle, pleasant.",110,0.975,1,no,pending,yes
kha-n1906-001716,jalbdin,jalbdin,adverb,word,"with a dirty or shabby appearance, [as, "" balei ba jalbdin ka khmat kumne?""J ^ Assamese. 98 JALKUP JAN-PRAN Jalkup ti, n, a bird so called from its cry of koop-koop-koop.",110,0.975,1,no,pending,yes
kha-n1906-001717,jaly-eit,jaly-eit,noun,compound,"a small-song bird of a green colour. Jalyngkhan, tt^ n. a wild vegetable.",110,0.975,1,no,pending,yes
kha-n1906-001718,jalyngkhiang,jalyngkhiang,noun,word,"a glandular swelling. Jalmut, «, '/?. the flower, having a red colour, of a certain tree used in making curry and having a large tuberculous root. Jalynniar; ti, n. a wild vegetable of a bitterish taste.",110,0.975,1,no,pending,yes
kha-n1906-001719,jalynnoh,jalynnoh,noun,word,a plant whose leaves are used in making curry.,110,0.975,1,no,pending,yes
kha-n1906-001720,jalynshir,jalynshir,noun,word,"a wild vegetable of a bitterish taste. Jalyoin (pyllon-), ad. round (said of small things), [as, "" ka snepkor kaba pyllon jalyoirV] Jalyiiin (pyllun), ad. round (said of big things, [as, "" kaba pyllun jaly-uih kum ka shalyntem""]. Jam, V. to make a noise ; {Imit. jam-kieh.] — ad. exceedinglyj for the most part ; [as, ki la shoh j«m ia u ; ki la Wilohjam eh u shy lap ha ka sorki.] Jam, V. to step, to stride.",110,0.975,1,no,pending,yes
kha-n1906-001721,jamabandi,jamabandi,noun,word,rent roll of cultivators.,111,0.975,1,no,pending,yes
kha-n1906-001723,jamdor,jamdor,noun,word,a short sword.,111,0.975,1,no,pending,yes
kha-n1906-001722,jamdw,jamdw,noun,word,a sour wild vegetable generally growing on stones.,111,0.975,1,no,pending,yes
kha-n1906-001724,jami-iang,jami-iang,noun,compound,a plant that bears a violet.,111,0.975,1,no,pending,yes
kha-n1906-001725,jamin,jamin,noun,word,"security, bail. •",111,0.975,1,no,pending,yes
kha-n1906-001726,jamindari,jamindari,noun,word,an estate.,111,0.975,1,no,pending,yes
kha-n1906-001727,jamithiat,jamithiat,noun,word,a kind of sedge bearing white flowers growing on marshes.,111,0.975,1,no,pending,yes
kha-n1906-001728,jamynrei,jamynrei,noun,word,"a shrub much used in making tikia and as a tie. Jamynsleh, u, oi. the root of a certain mucilaginous plant much used in washing the head, and also as an internal medicine for retention of urine.",111,0.975,1,no,pending,yes
kha-n1906-001729,jan,jan,adjective,word,near.,111,0.975,1,no,pending,yes
kha-n1906-001730,jandi,jandi,adverb,word,"perfectly, completely ; without fail. [Imit, jandi- jaton.]",111,0.975,1,no,pending,yes
kha-n1906-001693,jangew,jangew,noun,word,"a wild herb — of a bitterish taste, much used as a vegetable. [Imit. jangew- jathang.] Jah, V. to loose, to be deprived of. 'jah, ahhrev. oi pj ah =^ cold, or of kynjah^omely. Jahar, «-^. muddily ; [as, ""ha ka por slap, ka lynti ka ktieh /aJiar.""^ Jahare ! Int. (an exclamation of pity at the loss of a thing or at the change of circumstances) = ah, what a pity I ^ Jahkwah, tj. to be satisfied.",108,0.950,1,no,pending,yes
kha-n1906-001692,jangjang,jangjang,adverb,word,"soon, quickly; [as, "" khie leit hynrei iawan/^w^* jang:'",108,0.975,1,no,pending,yes
kha-n1906-001731,janor,janor,noun,word,"the brain. *J{ln-pran, ad. very affectionately or dearly, [as, ""U Don bad",111,0.975,1,no,pending,yes
kha-n1906-001733,japlem,japlem,adjective,word,"tasteless (curry). * Japri, ha^ n. a net-work of bamboo placed on the ridges of a roof to prevent the thatch from being blown off by the wind ; a jaffree. J^r, ka, n. a net ; — pron. whoever. Jar, «c?. altogether, entirely, (as, sngap y^r=be silent). \_ImU. 3^r jar-jir jir.] Jarang, ka^ n. a hole or chink where fish make their dwelling. Jarain,",111,0.975,1,no,pending,yes
kha-n1906-001735,jarawain,jarawain,adverb,word,"having the appearance of a fine tall man whose dress suits his stature ; [as, "" u briew uba jrong jarcctoaiiV] *Jari, V. to enforce ; to execute ; to serve a legal process.",112,0.975,1,no,pending,yes
kha-n1906-001736,jarimana,jarimana,noun,word,"a fine. Jarut, kay n. boiled rice for mixing with yeast to make liquor.",112,0.975,1,no,pending,yes
kha-n1906-001737,jarynlud,jarynlud,noun,word,"a wild vegetable. Jasapung, same as ""jakhyllie."" Jasat,",112,0.975,1,no,pending,yes
kha-n1906-001740,jashulia,jashulia,noun,word,"rice cooked in steam or hot vapom\ Jasieh, w, w. a kind of water-weed.",112,0.975,1,no,pending,yes
kha-n1906-001739,jasngi,jasngi,noun,word,mid-day meal ; tiffin.,112,0.975,1,no,pending,yes
kha-n1906-001741,jasong,jasong,noun,word,"boiled rice packed up in a leaf and eaten by travel* lers on the way. [^Imit. jasong-jatap.] *jat, ktty n. {abhrev. of kjat^, foot.",112,0.975,1,no,pending,yes
kha-n1906-001742,jata,jata,noun,word,one of the gods of the Syntengs who is also worshipped by many of the Khasis.,112,0.975,1,no,pending,yes
kha-n1906-001743,jatbe,jatbe,adverb,word,"with some dirty stuff sticking on the lips, [as, "" u briew uba jatbe ka shyntur.""] ' II. •» •Hindi. 100",112,0.975,1,no,pending,yes
kha-n1906-001746,jathang,jathang,noun,word,"a wild vegetable of a bitterish taste. Jathi,",112,0.975,1,no,pending,yes
kha-n1906-001748,jating,jating,noun,word,a vegetable.,112,0.975,1,no,pending,yes
kha-n1906-001749,jatira,jatira,noun,word,"a wild aromatic vegetable growing in marshy placed and used as medicine for bowel complaints. Jatmut-jatrnat, «jcZ. shabbily, [as/' ki briev kihn, j at mut-j at mat ka khmat.""] Jc4w, V. to drop, to leak.",112,0.975,1,no,pending,yes
kha-n1906-001750,jawa,jawa,noun,word,the refused rice after brewing.,113,0.975,1,no,pending,yes
kha-n1906-001754,jawac-jawet,jawac-jawet,adverb,compound,"perfanctorily, carelessly, [as, '^utveijawut-faioet tang ba'n dep.""]",113,0.975,1,no,pending,yes
kha-n1906-001751,jawkhwit,jawkhwit,adverb,word,"bathed in tears (as,",113,0.975,1,no,pending,yes
kha-n1906-001753,jawliaw,jawliaw,adverb,word,"in a low spirited or downcast mood, [as, "" ii leh jawliawhsi u sugewrem ""] ; (fire) which does not barn well. Jaw-um-mat. v. to shed tears. \_Innt. jdw-um-mat-jaw-um-ni'it.]",113,0.975,1,no,pending,yes
kha-n1906-000203,jben,jben,noun,word,"bench, — . u soh, — a kind of fruit the kernel of which is cooked and eaten. Ber, V. to sprinkle powder.",16,0.975,1,no,pending,yes
kha-n1906-000227,jbiskit,jbiskit,noun,word,"a biscuit. fBiskurom, u. n. god of all arts ; a",18,0.975,1,no,pending,yes
kha-n1906-000253,jbol,jbol,noun,word,"ball; bowl. Bor, ka, n, power, inj3.uence, authority, [/mit. ka bor ka s6r.] §Borkapor, ^a, ?*. akind of coarse cotton cloth. (J3e7ig. hovo-ksu~ por).",20,0.975,1,no,pending,yes
kha-n1906-000903,jcren-sati,jcren-sati,adjective,compound,[Imit. krenthlia-krenthlait.],56,0.975,1,no,pending,yes
kha-n1906-001705,jdin-ryndia,jdin-ryndia,noun,compound,the e^H cloth.,109,0.975,1,no,pending,yes
kha-n1906-001699,jdinkup-jainsem,jdinkup-jainsem,noun,compound,"garment, clothes (iu general). Jjiifikyrshah, ka^ n. an apron.",109,0.975,1,no,pending,yes
kha-n1906-001761,jei-jei,jei-jei,adverb,reduplication,"soft and coming off easily, (as, "" kane ka dohkha kaba la pyuty^j-y^^."")",113,0.975,1,no,pending,yes
kha-n1906-001762,jem,jem,adjective,word,"soft, easy. [Imit. jem-tiiid.J •",113,0.975,1,no,pending,yes
kha-n1906-001763,jem-nud,jem-nud,adjective,compound,"gentle, soft hearted, [/mit. jemnud-jemhin.]",113,0.975,1,no,pending,yes
kha-n1906-001764,jem-rngiew,jem-rngiew,verb,compound,"to be deprived of the essential of personality ; un- fortunate. J^r, V. to name, to christen. Jer-jer, ad, like a jelly. 101 JEW jI.",113,0.975,1,no,pending,yes
kha-n1906-001760,jeng,jeng,adverb,word,"hi^h up (to raise the foot), [as, "" u Sikh u kam j'eng ia ka kp6r.""] Jei, V. to lay eggs as fish ; to be plentiful.",113,0.975,1,no,pending,yes
kha-n1906-001773,jham,jham,adjective,word,"gluttonous. Jhan, V. to be in difficulty, to be in haste.",114,0.975,1,no,pending,yes
kha-n1906-001772,jhang-jhang,jhang-jhang,adverb,reduplication,"very (loud or clear), [as, "" nga ioh sngew ia ka ktien ba ka ipyrta jhang Jliang.""]",114,0.975,1,no,pending,yes
kha-n1906-001774,jhare,jhare,verb,word,to cure diseases by mantras.,114,0.975,1,no,pending,yes
kha-n1906-001775,jharon,jharon,noun,word,"a duster, ajharan.",114,0.975,1,no,pending,yes
kha-n1906-001776,jhep,jhep,noun,word,"the after-birth, placenta.",114,0.975,1,no,pending,yes
kha-n1906-001777,jhieh,jhieh,adjective,word,"wet. Jhop,",114,0.975,1,no,pending,yes
kha-n1906-001779,jhula,jhula,noun,word,"a bag, knapsack.",114,0.950,1,no,pending,yes
kha-n1906-001780,jhum,jhum,noun,word,vapour ; — v. to evaporate.,114,0.975,1,no,pending,yes
kha-n1906-001781,jhup-jhap,jhup-jhap,adverb,compound,"simultaneously, [as, ""bha ba'n ia b^m langjhup- jJiccp ha kawei ka por.""]",114,0.975,1,no,pending,yes
kha-n1906-001782,jhur,jhur,noun,word,"hei'b, vegetable. [/n>if. jhur-u jhep.] Jia, V. to happen ; come up.",114,0.975,1,no,pending,yes
kha-n1906-001785,ji-ei,ji-ei,noun,compound,"a good rough rider — (Jiei was a man who was notorious for catching stray ponies and riding on them) . * Ilindi, 102 JING JINGTAH Jing=preiixof an Abstract Noun ; — a. supreme {colloq.), beyond comprehension, (as, "" ka jingsniew jong u kaba ls> jiny"").",114,0.975,1,no,pending,yes
kha-n1906-002457,jiangwap,jiangwap,adverb,word,"very (weak) ; [as, "" u briew uba tlot niangwap u ia pyn-eh.""] Niah, V. to drive (cattle), to herd.",158,0.975,1,no,pending,yes
kha-n1906-001702,jianjri,jianjri,noun,word,a waterproof -sheet or cloak.,109,0.950,1,no,pending,yes
kha-n1906-001783,jiap-jiap,jiap-jiap,adjective,reduplication,"very young, [as, "" i syiar iba dang Inngjiaj^-fiaj).'^] Jiar, V. to drain oQ, to filter. Jik jik-jak jak (kynjah-), ad. very (lonely or dismal.) Jiedj V. to choose, to select.",114,0.975,1,no,pending,yes
kha-n1906-001784,jied-shiah,jied-shiah,verb,compound,to be overparticular or strict.,114,0.975,1,no,pending,yes
kha-n1906-001807,jilla-kliarit,jilla-kliarit,verb,compound,to banish from the country.,116,0.975,1,no,pending,yes
kha-n1906-001808,jillang,jillang,noun,word,a kind of Khasi white onion ; the shallot. {Bot.) Allium tuberosum.,116,0.975,1,no,pending,yes
kha-n1906-001809,jillei,jillei,adjective,word,too abundant.,116,0.975,1,no,pending,yes
kha-n1906-001810,jin,jin,noun,word,"saddle, — ad. to powder ; [as, "" tylliat ha b:i'n da Iwet ^ jin.'^] ; even to, up to ; [as, "" ngatharai ba u'n ioh tangkawei- ar hynrei u iohyi;^ 3 hali""; '^y'w haduh mynta-mynne nga'm tip shuh u poi shano.""] ; — u. n. a kind of fairy.",116,0.975,1,no,pending,yes
kha-n1906-002415,jinanti,jinanti,noun,word,"«n ear pendant. Nap, V. to devote oneself entirely to doing a thing ; — ka, w. tongs or pincers.",155,0.975,1,no,pending,yes
kha-n1906-001811,jindat,jindat,adverb,word,"at the same time; also ; [as, "" ka um ka la lam. jindat ia ka khoh ba nga iehnoh hariid wah.""]",116,0.975,1,no,pending,yes
kha-n1906-001812,jindei,jindei,adverb,word,"too ; too much ; too often ; [as, ""yndaiai kvenjindei u kylla ehnoh.""] Jingdeng, ) ka, n. jewel, ornament. \_Imit. jingdeng-jingkup.] Jindeng, ) Same d^^jyndeng. Jindem, ka^ n. the refuse of brewery. Same asjyndeift.",116,0.975,1,no,pending,yes
kha-n1906-001813,jindiang,jindiang,noun,word,"receptacle. Jindong, a, shallow, short.",116,0.975,1,no,pending,yes
kha-n1906-001814,jinduh,jinduh,adverb,word,"once for all, (as, "" u saheb u vajinduh la ka kot ha u."") [Imit. jinduh-jintan.] Jinhaw, ka. n. gas ; vapour, — v. to breathe on. *Jinis, hi^ n. yl. articles. Jinjdr, ka^ n. trouble. \Imit. jinjar-jintrah.] Same ^^jynjdr.",116,0.975,1,no,pending,yes
kha-n1906-001797,jing-iapait,jing-iapait,noun,compound,division (of people) ; split. [Imit. Jingiapait- jingiapiet.],115,0.975,1,no,pending,yes
kha-n1906-001796,jing-ngeit-biej,jing-ngeit-biej,noun,compound,"superstition. Jing hiar thma, ka, w.. expedition.",115,0.975,1,no,pending,yes
kha-n1906-001786,jingat phyllung,jingat phyllung,noun,phrase,a wave.,115,0.975,1,no,pending,yes
kha-n1906-001789,jingbib-u lasam,jingbib-u lasam,noun,phrase,an evil-spirit who causes disease of the mouth and teeth.,115,0.975,1,no,pending,yes
kha-n1906-001787,jingblei,jingblei,adjective,word,divine.,115,0.975,1,no,pending,yes
kha-n1906-001788,jingbriew,jingbriew,adjective,word,hamaU; proceeding out of man.,115,0.975,1,no,pending,yes
kha-n1906-001790,jingbuh-jingsat,jingbuh-jingsat,noun,compound,f urnitm^e.,115,0.975,1,no,pending,yes
kha-n1906-001798,jingiatip-lem,jingiatip-lem,noun,compound,"conscience. Jing-it, kat n. a strip of cloth for fastening a baby to the back, — adv. fasting ; without food.",115,0.975,1,no,pending,yes
kha-n1906-001799,jingjia,jingjia,noun,word,occurrence.,115,0.975,1,no,pending,yes
kha-n1906-001791,jingkha-ar-sien,jingkha-ar-sien,noun,compound,regeneration.,115,0.975,1,no,pending,yes
kha-n1906-001792,jingkhang,jingkhang,noun,word,"a door, prohibition.",115,0.975,1,no,pending,yes
kha-n1906-001793,jingkhang-iit,jingkhang-iit,noun,compound,a glazed window.,115,0.975,1,no,pending,yes
kha-n1906-001794,jingkhein,jingkhein,noun,word,"arithmetic ; reckoning, estimation. [Imif. jingkhein-jingdiah.] jing la, > T ^^ ^ bathinff or short trousers. *Ji-ngia, ) ' °",115,0.975,1,no,pending,yes
kha-n1906-001795,jingkit,jingkit,noun,word,"a load. [Imit. jingkit-jingbah.] Jingngan, d. to feel uneasiness or diflS.culty to pass food into the stomach.",115,0.975,1,no,pending,yes
kha-n1906-001800,jinglait-luid,jinglait-luid,noun,compound,"freedom ; liberty. Jingmihpat, ka^ n. resurrection.",115,0.975,1,no,pending,yes
kha-n1906-001801,jingpynbna,jingpynbna,noun,word,a notice ; proclamation.,115,0.975,1,no,pending,yes
kha-n1906-001802,jingpynbtid,jingpynbtid,noun,word,a sequel ; a supplement.,115,0.975,1,no,pending,yes
kha-n1906-001803,jingpyrsat-mynsiem,jingpyrsat-mynsiem,noun,compound,"inspiration {lit, exhalation.)",115,0.975,1,no,pending,yes
kha-n1906-001804,jingri,jingri,noun,word,cattle ; domestic animals. \_ImU. jingri-jingdiip.],115,0.975,1,no,pending,yes
kha-n1906-001805,jingriam,jingriam,noun,word,a dress. \Imit. jingriam-jingbeit.] ; snare. \lmit. jingriam- jingpah.],115,0.975,1,no,pending,yes
kha-n1906-001806,jingtah,jingtah,noun,word,"ointment ; a medicine for rubbing or smearing on the skin ; curry. [^Imlt. jingtah-jingber.] ^'— ■ ■ — ■ ' ■ — ""■ — * Hindi. • 103 JILL A JIW-JIW-JAW-JAW *Jilla, ka^ n. zillah, district.",115,0.975,1,no,pending,yes
kha-n1906-001815,jinjar-trah,jinjar-trah,adjective,compound,"cumbersome ; annoying. Jiniat, ka^ n. a feast, {esp, of pork and rice).",116,0.975,1,no,pending,yes
kha-n1906-001817,jinrein,jinrein,noun,word,"vermin on the human body. Jintang, u. n. the stalk. Same ^^jyntang. Jintah, ka^ n. curry. \Imit. jintah-jinber.] Jinthut, V. to stumble.",116,0.975,1,no,pending,yes
kha-n1906-001816,jinriam,jinriam,noun,word,a trap ; a snare. Same as jingriam.,116,0.975,1,no,pending,yes
kha-n1906-001819,jir-eh,jir-eh,verb,compound,"to feel nausea, to eructate. Same as jyr^eh. Jirthiaw, «7wto twist.",117,0.975,1,no,pending,yes
kha-n1906-001818,jira,jira,noun,word,a cumin seed.,117,0.975,1,no,pending,yes
kha-n1906-001820,jirwit-jirwat,jirwit-jirwat,adverb,compound,"in a round about way, not satisfactorily.",117,0.975,1,no,pending,yes
kha-n1906-001821,jiw,jiw,adverb,word,"in the habit of, used to ; same as *' ju"".",117,0.975,1,no,pending,yes
kha-n1906-001822,jiw-jiw-jaw-jaw,jiw-jiw-jaw-jaw,adjective,reduplication,"drizling, wet. — ^-^—^^ - 104 JIWNOM JOR",117,0.975,1,no,pending,yes
kha-n1906-001823,jiwnom,jiwnom,adverb,word,"eternally, forever ; same as "" junom.""",117,0.975,1,no,pending,yes
kha-n1906-001824,jiwtang or jutang,jiwtang or jutang,noun,phrase,"covenant ; arguments. \_Imit. ka nia-ka jutang.""] Jiang, «c?. for a long time ; greatly, deeply, [as,"" ula leit jah jlang sha Dkhar;"" ""sngew kynjah y/6^^/^<7 ;"" ""sngewkyllut /kmg:']",117,0.975,1,no,pending,yes
kha-n1906-001755,jkap,jkap,adverb,word,"snappishly, [as, "" u ksew udait /kap na ka khohwah.""]",113,0.975,1,no,pending,yes
kha-n1906-000402,jkaptan,jkaptan,noun,word,"a captain (same as Koptdn). Kar, V. to stir with, mix with, (said of rice when mixed and cooked with some other grains). * Hindi. I t Bengali. J English, | § Assamese, 22",27,0.975,1,no,pending,yes
kha-n1906-001756,jkar,jkar,adverb,word,"quiveringly, [as, "" u sum /kcir ia ka kait.""]",113,0.975,1,no,pending,yes
kha-n1906-001757,jkeng,jkeng,adverb,word,"tall and big, (as, *'u briow uba jvongjkeiig).'",113,0.975,1,no,pending,yes
kha-n1906-000767,jkhyrnit,jkhyrnit,noun,word,"the mantel-piece, the cornice.",47,0.975,1,no,pending,yes
kha-n1906-001758,jking,jking,adverb,word,"tall and slender, (as, "" u briew uba vitjkmg"").",113,0.950,1,no,pending,yes
kha-n1906-000810,jklas,jklas,noun,word,a class.,50,0.975,1,no,pending,yes
kha-n1906-000811,jklat,jklat,noun,word,"a glass, a tumbler ; — v . to turn abruptly to another direction. Klaw, (peit), ad. unremittingly, steadfastly (of big eyes, as, u peit klaw). Klek(b4m), «(Z. at once {2,%unguid klek.) ; flcaringly [as, ""ka ding ka la meh klek'",50,0.975,1,no,pending,yes
kha-n1906-000833,jkongor,jkongor,noun,word,"one who marries a princess, ^.^., a Syiem's sister or niece.",52,0.975,1,no,pending,yes
kha-n1906-000963,jkudam,jkudam,noun,word,a godown ; a button.,59,0.975,1,no,pending,yes
kha-n1906-001759,jkup,jkup,adverb,word,"all at once (to gobble up), [as, "" ka dohkha ka bam /kup iausoh""].",113,0.975,1,no,pending,yes
kha-n1906-001826,jl,jl,adjective,word,"long ; lengthy : wide. Jlaw, V. to howl. Same asjlew.",117,0.975,1,no,pending,yes
kha-n1906-001825,jlah,jlah,adjective,word,too sweet or bitter.,117,0.975,1,no,pending,yes
kha-n1906-001827,jlaw-nguid,jlaw-nguid,adjective,compound,"greedy, gluttonous. [Imif. jlawnguid-jlawhew.]",117,0.975,1,no,pending,yes
kha-n1906-001828,jlek,jlek,adverb,word,"up, at once (to gobble), [as, *' u bsein u la nguid j'lek la ka jak6id.""]",117,0.975,1,no,pending,yes
kha-n1906-001829,jlen,jlen,adverb,word,"big and tall, gigantic ; [as, "" ki ong ba ki Kossack ki long ki briw kiba",117,0.975,1,no,pending,yes
kha-n1906-001831,jlep,jlep,adjective,word,like the taste or smell of rotten fish ; — ad. too much.,117,0.975,1,no,pending,yes
kha-n1906-001832,jlep-dohnud,jlep-dohnud,verb,compound,"to feel bad, to faint.",117,0.975,1,no,pending,yes
kha-n1906-001833,jler,jler,adjective,word,"slanderous, vilifying, cavilling. Jli, V. to be sick of ; to be squeamish ; to feel nausea.",117,0.975,1,no,pending,yes
kha-n1906-001834,jliang,jliang,adverb,word,"far, deep, (as, "" u briew u ngam jliang hapoh thwei ; nga tharai ba ngi la laid jngai j/iang."") Jliah, V. to lick, to eat up.",117,0.975,1,no,pending,yes
kha-n1906-001835,jlih,jlih,adjective,word,"even, smooth.",117,0.975,1,no,pending,yes
kha-n1906-001836,jlin,jlin,adverb,word,"nicely, comely ; [as, "" ki da sad ki da khyllong bha jlin.Y' Jlop, 7^. to wither, to fall off (flower). Jltid (sawa-), ad. in a long continued tone ; [as, "" wei liaba la jlaw jhid u ksew, kata yn sa iap briew.""]",117,0.975,1,no,pending,yes
kha-n1906-002192,jlynten,jlynten,noun,word,"a lantern. Lynter, ka^ n. a line, a length. Lynter-tait, \ ad. all along, over and over the same state of Lynter-tuid, j things ; [as, "" ba'n shu iai leh ia kajuh-pa-kajuh lynter-tait ka'm long kaba i-tynnad""], careless. Lynthaw, i). to dash to pieces. Lyntheng, fxd. with big calves j [as, ""ubriewuba heh kakhohwah lyntheng,""",141,0.975,1,no,pending,yes
kha-n1906-002231,jmajistor,jmajistor,noun,word,a magistrate.,143,0.975,1,no,pending,yes
kha-n1906-001837,jmong,jmong,adverb,word,"out, (as, '' u mihjmong ha sla-um."")",118,0.975,1,no,pending,yes
kha-n1906-001838,jnang,jnang,verb,word,"to be choked (with a bone.) Jong, (sign of the Possessive casej of, pertaining to.",118,0.975,1,no,pending,yes
kha-n1906-001767,jngaiil-jngain,jngaiil-jngain,adverb,compound,very (deep water).,114,0.975,1,no,pending,yes
kha-n1906-001768,jngap,jngap,adverb,word,(sweet) like honey.,114,0.975,1,no,pending,yes
kha-n1906-001766,jngdi,jngdi,adjective,word,far. [Imit. ba jngai-ba rwang.],114,0.975,1,no,pending,yes
kha-n1906-001769,jngem,jngem,adjective,word,"discolouring of the skin ; black and blue. Jngi, V. to swim. Jngoh, V. to look at, to peep in.",114,0.975,1,no,pending,yes
kha-n1906-001770,jngum-jngum,jngum-jngum,adjective,reduplication,violet-like.,114,0.975,1,no,pending,yes
kha-n1906-001771,jngut,jngut,adjective,word,"muddy, dirty, obscure. Jhab-waifc, (shi-), a. sixteen (children.) ; quiverful. *Jhad, ka, /?. steamer, ship.",114,0.975,1,no,pending,yes
kha-n1906-001839,joit,joit,adverb,word,"at once, up, (used with ieng.) Jom, u. n. the king of Hades.",118,0.975,1,no,pending,yes
kha-n1906-001840,jonti,jonti,noun,word,"a net to catch vultures, etc. Jop, V. to conquer ; — ad. in drops, (as, "" ka um ka jmw joJ>-s hi- J op). J6r, ka, n. the essence or element, semen. * Hindi. 105 JOT JUM-JUM Jot, a^ destroyed, ruined. \Imit. ba jot-ba pei.]",118,0.975,1,no,pending,yes
kha-n1906-001841,jr,jr,adjective,word,lean (like a man who has just recovered from a severe illuess).,118,0.975,1,no,pending,yes
kha-n1906-001842,jrai-thied,jrai-thied,verb,compound,to suffer from a sprain.,118,0.975,1,no,pending,yes
kha-n1906-001843,jrain-jrain,jrain-jrain,adverb,reduplication,"with a crashing sound, like the sound made by volley firing ; [as, "" u shu noh jrain-jrain shapoh,"" "" ki la siat jrain-jram da ki sulci.""]",118,0.975,1,no,pending,yes
kha-n1906-001844,jran-um,jran-um,verb,compound,to become dried.,118,0.975,1,no,pending,yes
kha-n1906-001846,jrein,jrein,verb,word,"to fall in drops, to ooze, to drain.",118,0.975,1,no,pending,yes
kha-n1906-001845,jreng,jreng,adverb,word,"nicely (dressed up). Same as "" Jriang.""",118,0.975,1,no,pending,yes
kha-n1906-001847,jri,jri,noun,word,"India rubber, caoutchouc.",118,0.975,1,no,pending,yes
kha-n1906-001849,jri-sim,jri-sim,noun,compound,"a Banian tree. Jrong, a, long, tall, high.",118,0.975,1,no,pending,yes
kha-n1906-001848,jriang,jriang,adverb,word,"nicely, handsomely ; [as, "" u riam hhs, jriang ialade"".]",118,0.975,1,no,pending,yes
kha-n1906-001850,jrup,jrup,adverb,word,A dip cf. wieh /rup to immerse by a dip.,118,0.975,1,no,pending,yes
kha-n1906-001851,jrup-jrap,jrup-jrap,adverb,compound,"at the same time (eat) ; [as, "" ki ia bam jrup jrap.""]",118,0.975,1,no,pending,yes
kha-n1906-000444,jslein-noh,jslein-noh,verb,compound,"enough ;—«(?. vpry (coloquial), [as, "" ka jingrunar kaba la )^m-/2£^^.""] 24 KEM '^Tk... r,f,,.. KHAD-AR-BONGTHAI Kcm, V. to arrest, to seize ; to wrestle ; to resemble — when pre- ceded by ia ; tending to, showing the signs of, [as, ^^m-synrai, showing tj:ie signs of autumn, so also X-^m-tlang, kem-i^jvem, kem-lyiuY.] Kem-*bikar, v. to impress coolies, to arrest indiscriminately.",29,0.975,1,no,pending,yes
kha-n1906-003474,jsleit,jsleit,noun,word,a slate.,226,0.975,1,no,pending,yes
kha-n1906-001852,ju,ju,adverb,word,"same as "" jiw."" f",118,0.975,1,no,pending,yes
kha-n1906-001853,juar-bata,juar-bata,noun,compound,a tide.,118,0.975,1,no,pending,yes
kha-n1906-001854,jubab,jubab,noun,word,"a reply, an answer.",118,0.975,1,no,pending,yes
kha-n1906-001855,juban,juban,noun,word,"word, speech, word of honour.",118,0.975,1,no,pending,yes
kha-n1906-001856,jubor,jubor,adverb,word,"by force. fJuk, u. n. a kind of leech, — ka. n. an era, age, generation.",118,0.975,1,no,pending,yes
kha-n1906-001857,jukali,jukali,noun,word,"a common labourer (rare) ; a coolie who works in mortan. Juklia (leh-), ad. evasively, shufflingly ; [as, '* u leh fuklia ba'n slew ia ka bainong ki briw.""] Jung, V. to urinate. Juhai, w. ?2. a kind of sweet-scented rice. Juh, V. to like, to get tamed ; to feel quite at home. Julai, V. to plaster roughly with lime and sand.",118,0.975,1,no,pending,yes
kha-n1906-001858,julap,julap,noun,word,a purgative medicine ; jalap.,119,0.975,1,no,pending,yes
kha-n1906-001859,julor,julor,noun,word,"waste, loss.",119,0.975,1,no,pending,yes
kha-n1906-001860,julum,julum,adverb,word,"inconsiderately, oppressively ; zulum ; [as, leh jw/wm, kren julum.\ Jumai, u. n. earthquake.",119,0.975,1,no,pending,yes
kha-n1906-001861,jum-jum,jum-jum,adverb,reduplication,"full of juice ; [as, "" u sohkynphor uba ih u thiang jum jum.""] ^ Hindi, t Bengali, 106 JUNOM JYMPA Junom, ■) Junom-junom, > ad, for ever. Junom-la-juiioiD, j",119,0.975,1,no,pending,yes
kha-n1906-001862,jur,jur,adjective,word,"serious, strong,— ka, n. a descent (down lull). *Jurib, V. to survey. Jut (suh), n. false-pains.",119,0.975,1,no,pending,yes
kha-n1906-001863,juti,juti,noun,word,shoe.,119,0.975,1,no,pending,yes
kha-n1906-001864,juwari,juwari,noun,word,"a gambling ; a gambler. Jwai, ?'. to pinch. Jwar, ka^ n. a birth-mark ; a horizontal piece of wood attaxjhed to the plough.",119,0.975,1,no,pending,yes
kha-n1906-001865,jwat,jwat,adjective,word,tough.,119,0.975,1,no,pending,yes
kha-n1906-001866,jykang,jykang,adjective,word,"having long and thin legs ; (same hs,jkdng).",119,0.975,1,no,pending,yes
kha-n1906-001867,jykeng,jykeng,adjective,word,having loug and big legs; (same dbsjkeng).,119,0.975,1,no,pending,yes
kha-n1906-001869,jyllad,jyllad,adverb,word,"forcibly ; along with ; carelessly ; — u, n. a hangman ; [as, "" ka long kaba khlem akor ba'n kam jylldd ia ki briew.""] Jyllai (suh), n. neuralgia of the stomach.",119,0.975,1,no,pending,yes
kha-n1906-001870,jylleng,jylleng,noun,word,"the abdomen, — «. preponderating too much on one side of the balance — (thread of a paper-kite). Jyllei, V. to be abundant, to be overfull (see "" jillei "").",119,0.975,1,no,pending,yes
kha-n1906-001871,jylli,jylli,noun,word,"a circle, a circumference. Jylliam, I?, to wipe out the mouth v/ith the tongue, just as dogs, do after having eaten anything. [^Imit. jylliam-jylloit.] Jylliaw, V. to fondle, to caress.",119,0.975,1,no,pending,yes
kha-n1906-001872,jylliep,jylliep,adverb,word,"with drooping eye-lids ; shy-looking (as, peit jylliep ; leh jylliep) .",120,0.975,1,no,pending,yes
kha-n1906-001873,jylliep khap-ngain,jylliep khap-ngain,adverb,phrase,"with the eyes cast down ; [as, "" ka shad bad ka peit jylliep-khapngain kum ka dkoh.""] Jyllop, u. n. a kind of bird who cheers the valley vrith his song; — Jyllop V. to wither \-~ad. by drowning. Jyllud, V. to wax thread.",120,0.975,1,no,pending,yes
kha-n1906-001874,jyllun,jyllun,adverb,word,"gracefully, handsomely (said of persons.) [as, ka briew kaba bha briew jyllun.] [Imit. jylMn lymphlTiifi.] Jymbuifi, ka^ n. breast, paps. '",120,0.975,1,no,pending,yes
kha-n1906-001875,jymma,jymma,verb,word,"to add, to collect, — n. the sum ; total",120,0.950,1,no,pending,yes
kha-n1906-001877,jymmang,jymmang,noun,word,the month of May.,120,0.975,1,no,pending,yes
kha-n1906-001878,jympa,jympa,verb,word,"to swim. * Hiudi. 107 JYMPAN JYRWIT-JYRWAT Jympan, ka^ n. a girdle.",120,0.975,1,no,pending,yes
kha-n1906-001879,jymphan,jymphan,noun,word,a household deity {see u phan-u-kyrpad).,120,0.975,1,no,pending,yes
kha-n1906-001880,jymphong,jymphong,noun,word,"a sleeveless coat. Jyiiipien, ka^ n. an under garment worn about the loins by women. jjympor, ii, n. a jumper or lever. Jy ndam, r^fZ. once for all, finally ; [as, "" u la kren iynclam ba phi'n ym buhniid.""]",120,0.975,1,no,pending,yes
kha-n1906-001881,jyndat,jyndat,adverb,word,"while going past ; [as, "" ka masi ka la rong jyndat ia ka jain.""]",120,0.975,1,no,pending,yes
kha-n1906-001882,jyndei,jyndei,adverb,word,"much, too ; [as, "" nga la iaishah jyndei eh ia u la' u kren bein ""]. Jyndem, ka^ n. fermented rice ready for brewing. (Same as "" jindem ""). Jyudons:, a. shallow. (Same as jzV?^^??^.) Jynduh, ad, finally, once for all ; fas, ""la tangon haduh ba u'n da m^ jyudich.''^ {see ^ho ""jinduh""). [Iniit. jynduh-jyntan.]",120,0.975,1,no,pending,yes
kha-n1906-001868,jyngut,jyngut,adjective,word,"muddy, dirty, obscure; (same asjugiit).",119,0.975,1,no,pending,yes
kha-n1906-001883,jynlat,jynlat,noun,word,a feast {see jinlat).,120,0.975,1,no,pending,yes
kha-n1906-001884,jynrat,jynrat,adverb,word,"along (as, "" kal'er ka Id^mjynrat ia ka jain bathdd."") — V. to uproot. Jynreh, kaha, w. eructation. Jynsur, a, long, reaching down, loose,",121,0.975,1,no,pending,yes
kha-n1906-001885,jynteh,jynteh,noun,word,"a string, bamboo tie.",121,0.975,1,no,pending,yes
kha-n1906-001886,jyntia,jyntia,adjective,word,"to be full of. (Synonymous with, jyllei.) J}rmi, It. n. a creeping-plant, [/jjiit. u jyrmi-u jyrthah.]",121,0.975,1,no,pending,yes
kha-n1906-001887,jyrhiah,jyrhiah,verb,word,the effect produced by water passing into the air passage while <lrinking.,121,0.975,1,no,pending,yes
kha-n1906-001888,jyrhoh,jyrhoh,verb,word,"to cough. [Imit. jyrhoh-jyrham,]",121,0.975,1,no,pending,yes
kha-n1906-001889,jyrholi khlur,jyrholi khlur,noun,phrase,"a cough which brings out the phlegm ; a peculiar coughing. Jyrsieh, v, to get stuck or get the feet sunk down in mud.",121,0.975,1,no,pending,yes
kha-n1906-001890,jyrteng,jyrteng,adjective,word,"lazy, idle, lethargic.",121,0.975,1,no,pending,yes
kha-n1906-001891,jyrthiaw,jyrthiaw,adjective,word,to twist. (Same 2^&jirthiaw.),121,0.975,1,no,pending,yes
kha-n1906-001892,jyrtieng,jyrtieng,verb,word,to straighten the legs while sitting.,121,0.975,1,no,pending,yes
kha-n1906-001893,jyrwait,jyrwait,verb,word,"to pinch, to twist.",121,0.975,1,no,pending,yes
kha-n1906-001894,jyrwit-jyrwat,jyrwit-jyrwat,adverb,compound,"unwillingly, not in a straightforward manner. J English. 108 L 'LANGTHOHKHLIEH L. L — The eleventh letter in the Khasi alphabet. La— (1) sign of the Past Tense (as, n la leit noh) ; (2; sign of the Possessive Case, of, (as, u la shem la ka masi) ; (3) though, although, (as, Za' u raikhoh liynrei um tlot) ; {4i) plus ( + ); into ( X ) ; [as, 5 la 6 long 10, i.e., 5 + 5 = 10 ; ka kynroh kaba 5 la b la ]0 pruh, i.e., 5 X 5 X 10 pruh.] 'la, contr. of sla, a leaf, or of khla, a tiger. *ldb, u. n. contr. of khldb, the spleen.",121,0.975,1,no,pending,yes
kha-n1906-000489,k-ham katto-katne,k-ham katto-katne,adjective,phrase,"considerable (number, quantity, time).",32,0.975,1,no,pending,yes
kha-n1906-000491,k-hamtam,k-hamtam,adverb,compound,more especially.,32,0.975,1,no,pending,yes
kha-n1906-002936,k-idg kcngor,k-idg kcngor,verb,phrase,to compel formerly by force a man to marry a S'iem's female re]ati\-e.,193,0.975,1,no,pending,yes
kha-n1906-002798,ka,ka,noun,word,"The name of the day on which Mynso hat is held, in the Jaintia Hills.",183,0.975,1,yes,pending,yes
kha-n1906-000385,ka'm,ka'm,phrase,phrase,"she or it not, (contraction of ka-\-i/m).",26,0.975,1,no,pending,yes
kha-n1906-000395,ka'n,ka'n,phrase,phrase,"she will, it will or shall. K'an, V. to hold one's breath, to bear down, to strain.",27,0.975,1,no,pending,yes
kha-n1906-000360,kaba,kaba,pronoun,word,"who, which, what ; 2. (prefix) used before verbs and Adjectives to form Abstract Nouns meaning that which is ; as, kaba saw, kaba bha.",25,0.975,1,no,pending,yes
kha-n1906-000362,kaba-kdi,kaba-kdi,noun,compound,"plaything, sport, sham, not rea.. * Hindi. D a 20 KABO KALEW Kabo, V, to request, solicit importunately (Synteng origin).",25,0.975,1,no,pending,yes
kha-n1906-000361,kabab,kabab,noun,word,roasted flesh.,25,0.975,1,no,pending,yes
kha-n1906-000363,kabu,kabu,noun,word,"good luck, opportunity. |",25,0.975,1,no,pending,yes
kha-n1906-000365,kadjatdoh,kadjatdoh,noun,word,cracks on the underpart of the toes.,26,0.975,1,no,pending,yes
kha-n1906-000368,kaei,kaei,pronoun,word,who ? what ?,26,0.975,1,no,pending,yes
kha-n1906-000369,kaei-kaei,kaei-kaei,noun,reduplication,"a thing, anything, Kaei-kaei-ruh-em, pJir. nothing at all.",26,0.975,1,no,pending,yes
kha-n1906-000370,kaei-re-kaei,kaei-re-kaei,phrase,compound,"something or other, (wc know not). Rang, V. to jet out. K'ang, V. to cry, to scream. (Another form of kyang.)",26,0.975,1,no,pending,yes
kha-n1906-000372,kai,kai,adverb,word,"for pleasure, for fun, (as, leh kai).",26,0.975,1,no,pending,yes
kha-n1906-000375,kai-khlaw,kai-khlaw,verb,compound,to conduct a guerilla warfare.,26,0.975,1,no,pending,yes
kha-n1906-000376,kai-kynthei,kai-kynthei,adjective,compound,licentious.,26,0.975,1,no,pending,yes
kha-n1906-000373,kaia,kaia,noun,word,a Marwari.,26,0.975,1,no,pending,yes
kha-n1906-002882,kaibi,kaibi,noun,word,"hereditary taint. Raikhoh, a, lean, thin, reduced. Eaiain, a, big and having much foliage (said of a tree). Kai-eh, ka^ n. a waste land covered with thick jungle ; virgin soil- \Imit. rai-eh-rai-dam]",188,0.975,1,no,pending,yes
kha-n1906-000374,kaibri,kaibri,noun,word,"motions, stools; evacuations.",26,0.975,1,no,pending,yes
kha-n1906-000377,kain,kain,noun,word,"a kind of tree — the bark of which produces eruptions on the skin. 'kain {ahbrev. of skain), u, n. a fly.",26,0.975,1,no,pending,yes
kha-n1906-000380,kait,kait,noun,word,"a plantain, a banana; {Synteng) scissors.",26,0.975,1,no,pending,yes
kha-n1906-002889,kaitong,kaitong,noun,word,a j)oor lonely man. [Jmit. raitong rainot.],189,0.975,1,no,pending,yes
kha-n1906-000364,kak,kak,noun,word,"a cork. Kad, V. to tear, to rend ; — ka^ n. a place of meeting, a harbour. *Kada, ka, or u, n. an ass. Kadiang, ka^ n. left hand, left hand side.",25,0.975,1,no,pending,yes
kha-n1906-000381,kalai,kalai,noun,word,Matikalai ; — v. to tin. •,26,0.975,1,no,pending,yes
kha-n1906-000382,kalaifi,kalaifi,verb,word,"to whirl round (as with a torch), wield ; wag. a aw, ) ^ ^^ Y^ii^ without any success (as with the gums). * Hindi. I :j: English. 21 KALI KAR *Kali, ha, tl a carriage.",26,0.975,1,no,pending,yes
kha-n1906-000383,kali-bordi,kali-bordi,noun,compound,a bullock-cart.,26,0.975,1,no,pending,yes
kha-n1906-000384,kam,kam,noun,word,"work, necessity, need, \_/mzt. ka kam-ka jam] ;— z'. to claim. Kam, V. to stride, to pass over, (same nsj'dm).",26,0.975,1,no,pending,yes
kha-n1906-000394,kam -shnong-kam- thaw,kam -shnong-kam- thaw,noun,phrase,"politics. Kan, V. to reserve, to suppress, to hold, to keep silent.",27,0.975,1,no,pending,yes
kha-n1906-000388,kam-bah,kam-bah,noun,compound,"a miracle ; a big concern, \lmit. kambnh-kam- san.] Kam-karikor, ha,'n. mechanical works.",27,0.975,1,no,pending,yes
kha-n1906-000392,kam-ram,kam-ram,noun,compound,duty.,27,0.975,1,no,pending,yes
kha-n1906-000386,kamai,kamai,noun,word,"income, living. [Tmit. kamai-kajih] ; — v. to labour, to work for.",26,0.975,1,no,pending,yes
kha-n1906-000387,kamai-khynraw,kamai-khynraw,noun,compound,"what one earns while unmarried. *Kaman, (shong-), v. to be on duty in an outpost. tKamar, u, n. a blacksmith.",27,0.975,1,no,pending,yes
kha-n1906-000389,kamon,kamon,noun,word,right hand side.,27,0.975,1,no,pending,yes
kha-n1906-000390,kamon-u kadiang,kamon-u kadiang,noun,phrase,neighbours.,27,0.975,1,no,pending,yes
kha-n1906-000391,kamra,kamra,noun,word,a room.,27,0.975,1,no,pending,yes
kha-n1906-000393,kamra-shongkdi,kamra-shongkdi,noun,compound,a drawing-room.,27,0.975,1,no,pending,yes
kha-n1906-000397,kane,kane,adjective,word,this. §,27,0.975,1,no,pending,yes
kha-n1906-000371,kangar,kangar,adjective,word,"gluttonous. Kah, V. to shade, to darken, to screen. Kahait, ) ^ ^^ attempt to bite, to snap at. xLaliap, )",26,0.975,1,no,pending,yes
kha-n1906-000398,kani,kani,noun,word,opium ; a number containing 40 x 10 = 400 (betel nuts) .,27,0.975,1,no,pending,yes
kha-n1906-000399,kano,kano,pronoun,word,which ?,27,0.975,1,no,pending,yes
kha-n1906-000400,kano-kano,kano-kano,pronoun,reduplication,"any one, any.",27,0.975,1,no,pending,yes
kha-n1906-000401,kap,kap,noun,word,"a prong ; — v. to join in friendship, to match — invaria- bly preceded by the word ia (as, ia-kap). *Kaphur, u, n, camphor.",27,0.975,1,no,pending,yes
kha-n1906-000403,kara kaw-shiliang-kaw-arlianq kara,kara kaw-shiliang-kaw-arlianq kara,verb,phrase,to earth up.,27,0.975,1,no,pending,yes
kha-n1906-000404,karai,karai,noun,word,aa iron cooking vessel (for currie).,27,0.975,1,no,pending,yes
kha-n1906-004092,karikor,karikor,noun,word,a mechanic.,271,0.975,1,no,pending,yes
kha-n1906-000405,karo,karo,noun,word,the Garo. {,27,0.975,1,no,pending,yes
kha-n1906-000406,karod,karod,noun,word,"garrison, guard, guard house.",27,0.975,1,no,pending,yes
kha-n1906-000407,karta,karta,noun,word,age (more correctly ka rta).,27,0.975,1,no,pending,yes
kha-n1906-000409,kataij,kataij,adjective,word,that in sight but at a distance.,27,0.975,1,no,pending,yes
kha-n1906-000410,katba,katba,adverb,word,"while, as much as.",27,0.975,1,no,pending,yes
kha-n1906-000411,katba long,katba long,phrase,phrase,"be as it may, come what may.",28,0.975,1,no,pending,yes
kha-n1906-000412,katei,katei,adjective,word,"that (up there), the said, the aforesaid.",28,0.975,1,no,pending,yes
kha-n1906-000413,kathie,kathie,adjective,word,"that (down there), the following.",28,0.975,1,no,pending,yes
kha-n1906-000414,katne,katne,adverb,word,this much.,28,0.975,1,no,pending,yes
kha-n1906-000415,katne katne,katne katne,adverb,phrase,"as much as this, so much.",28,0.975,1,no,pending,yes
kha-n1906-000416,katno,katno,adverb,word,how much ? how many ?,28,0.975,1,no,pending,yes
kha-n1906-000417,katno-katno,katno-katno,adverb,reduplication,however much.,28,0.975,1,no,pending,yes
kha-n1906-000418,katta,katta,adverb,word,so much.,28,0.975,1,no,pending,yes
kha-n1906-000419,katta katta,katta katta,adverb,phrase,to such an extent.,28,0.975,1,no,pending,yes
kha-n1906-000421,kattai,kattai,adverb,word,"that much, (referring to a thing at some distance).",28,0.975,1,no,pending,yes
kha-n1906-000420,kattei,kattei,adverb,word,so much (up).,28,0.975,1,no,pending,yes
kha-n1906-000422,katthie,katthie,adverb,word,so much (down).,28,0.975,1,no,pending,yes
kha-n1906-000423,katto,katto,adverb,word,"that much (near you). Katto-katne, j^;^r. some, more or less, a certain amount.",28,0.975,1,no,pending,yes
kha-n1906-000424,kaw,kaw,noun,word,"a number= 1,280 ; (in address) I say, Ho ! hear me .",28,0.975,1,no,pending,yes
kha-n1906-000425,kawang,kawang,verb,word,"to throw. Kaw-kaw, (ia-), v. to make a noise or clamour.",28,0.975,1,no,pending,yes
kha-n1906-000427,kaweh,kaweh,verb,word,"to fan, to wave.",28,0.975,1,no,pending,yes
kha-n1906-000428,kawei,kawei,adjective,word,"one, certain. Kawei ka-ar, ^j. some other.",28,0.975,1,no,pending,yes
kha-n1906-000429,kawei-pat,kawei-pat,pronoun,compound,"another, other.",28,0.975,1,no,pending,yes
kha-n1906-000430,kawiat,kawiat,verb,word,"to beat with something small, to lash. Kdw-shiliaDg-k^w-arliang, ka, n. a fine. * Hindi. | % Eaglish. 23 KAWUT KEIN-NOH Kawut, V. same as haioiat. (An onomatopoetic form).",28,0.975,1,no,pending,yes
kha-n1906-000431,kba,kba,noun,word,"paddy, nnhusked rice. [Imit. u kba — u khaw.]",28,0.975,1,no,pending,yes
kha-n1906-000469,kbah,kbah,noun,word,"reed ; — a. close, thickly set ; to be tainted with (blood, dustj etc.), — ad. very often ; [as, "" Phim ju kham shem ^-hah ia ki dieng kseh shaphang",31,0.975,1,no,pending,yes
kha-n1906-000432,kbain,kbain,verb,word,"to scatter, to besmear with, (as a little child when eat- ing food).",28,0.975,1,no,pending,yes
kha-n1906-000466,kbangkdong,kbangkdong,verb,word,"to corner, to surround. [^Imit. khangdong-khang- Md.] Khangkhfii, (peit), v. to scan, to have an eye on, to scrutinize.",31,0.975,1,no,pending,yes
kha-n1906-000433,kbeit,kbeit,noun,word,"a kind of hawk. Kber, u^ n. a winged white ant. Kbon'o"" } ^' *° clutch, to claw.",28,0.975,1,no,pending,yes
kha-n1906-000434,kbin-kbin,kbin-kbin,adjective,reduplication,"small and well cut. Kboh, V. to scratch. Kbum, V. to close up the lips, to shut up, to keep something in the mouth.",28,0.975,1,no,pending,yes
kha-n1906-000599,kblab,kblab,noun,word,"a spleen, <^sp. an enlarged one. Kblak-khlak, (khxiiot), ad. gaggingly, throttlingly. [As, *' u wan^ ba'n kshot khlak-khlak ia nga na ka ryndang.""] Kblad, V. to part, separate, secede ; — ad. apart ; — n. parts.",38,0.975,1,no,pending,yes
kha-n1906-000745,kbyllie,kbyllie,verb,word,"to raise up, to turn out (stono).",46,0.975,1,no,pending,yes
kha-n1906-000746,kbyllieng,kbyllieng,noun,word,the inner soft part of a bamboo or a cane — the green part or bark having been peeled off.,46,0.975,1,no,pending,yes
kha-n1906-000436,kdait,kdait,noun,word,reed or ekra.,28,0.975,1,no,pending,yes
kha-n1906-000437,kdam,kdam,adverb,word,"violently, with a slam, (as, "" u khang kdam ia ka jing- khang""). Kdar, ad brightly, brilliantly, [as, ""kabneng ka la rang kdar mynta.""] Kdat, V. to turn sharp to another direction. Kdew, V. to point out or direct (with the hand).",29,0.975,1,no,pending,yes
kha-n1906-000435,kdang,kdang,verb,word,"to have enough (of food), to feel satisfied, to be replete.",28,0.975,1,no,pending,yes
kha-n1906-000438,kdiah,kdiah,verb,word,"to break, to snap (with the hand). Kdiap, V. to walk cautiously, to stalk game.",29,0.975,1,no,pending,yes
kha-n1906-000440,kdiar,kdiar,adverb,word,"transparently, uncloudedly, (said of water or weather). Kdik-kdik, wc^hrobbingly, (as, ""ka mynsiem ka khih kdik-Mik"") ; longingly, [as "" u kwah kdik kdik ban ioh-i ia phi""]. Kding-kdang, ad, at all, sincerely (used negatively) ; as, "" ngam tip kding-kdang ia u.""",29,0.975,1,no,pending,yes
kha-n1906-000439,kdier,kdier,verb,word,to straddle (bad sense).,29,0.975,1,no,pending,yes
kha-n1906-000441,kdong,kdong,noun,word,"a corner ; an opportunity. Kd6r, V. to bend, to curl. Kdup, V. to embrace ; to defend.",29,0.975,1,no,pending,yes
kha-n1906-000426,kdw-kaw-daw-daw,kdw-kaw-daw-daw,adverb,reduplication,clamorously ; — u. to make a clamour*,28,0.975,1,no,pending,yes
kha-n1906-000442,keh-keh,keh-keh,adverb,reduplication,stammeringly.,29,0.975,1,no,pending,yes
kha-n1906-000447,kem ksuid,kem ksuid,verb,phrase,to be affected by evil spirits.,30,0.975,1,no,pending,yes
kha-n1906-000445,kem-ka-lar,kem-ka-lar,noun,compound,(poojah term) pieces of broken egg-shell which lie on the left or right hand side of the central biggest broken egg-shell called ka lieng.,29,0.975,1,no,pending,yes
kha-n1906-000446,kem-khap,kem-khap,noun,compound,a kimkhap (cloth).,29,0.975,1,no,pending,yes
kha-n1906-000448,kem-ktien,kem-ktien,verb,compound,"to interrupt, to rejoin. Kem-iong-rein, kaha^ n, dusk.",30,0.975,1,no,pending,yes
kha-n1906-000449,kem-pang,kem-pang,verb,compound,to become ill.,30,0.975,1,no,pending,yes
kha-n1906-000450,kem-puri,kem-puri,verb,compound,"to become ill by the influence of a fairy. Ker, V. to surround, to enclose.",30,0.975,1,no,pending,yes
kha-n1906-002919,ken,ken,noun,word,"a sea-monster. E-ep, V. to cultivate, to plant. [Imit. rep-riang.]",190,0.975,1,no,pending,yes
kha-n1906-000452,ker-dam,ker-dam,verb,compound,"to hedge round leaving no opening. Kew, u. w, wheat ; — [voc. case), husband's sister or brother's wife- as addressed by the sister. Kha, V, to give birth ; — n. relation from the father's side, 'kha {case of address) ^i, n. 1. a paternal aunt ; 2. {abbrev. of doli-^ kha), fish. *khabniang, u, n. a pipe-fish,",30,0.975,1,no,pending,yes
kha-n1906-000451,ker-kut,ker-kut,verb,compound,to surround completely ; to erect a fort or stockdde.,30,0.975,1,no,pending,yes
kha-n1906-001478,kgain-ngain,kgain-ngain,adverb,compound,"very (dark) ; [as, '* dang dum n^ain-ngam du, ym pat shai.""] Ngam, V. to sink, to plunge. Nga'm {contr. of ""nga ym ""), phr. I not.",87,0.975,1,no,pending,yes
kha-n1906-001500,kgoi-ngoi,kgoi-ngoi,adverb,compound,"languidly, weakly ; [as, "" nga sngew tlot ngoi ngoi mynta.""] 79 NGON HAEI-RE-HAEI Ngon, ad, down, to the ground, attentively ; [as, ** u la nguli vgon shapliang 'mihngi.""] Ngop, V. to sink down. Ng6r, V. to prune ; to lop off.",89,0.975,1,no,pending,yes
kha-n1906-000471,kha-ii,kha-ii,verb,compound,"to trade, to buy and sell. [Imit. kha-ii-pateng.]",31,0.975,1,no,pending,yes
kha-n1906-000522,kha-u-man,kha-u-man,noun,compound,one related by marriage.,34,0.975,1,no,pending,yes
kha-n1906-000455,khad-ar,khad-ar,adjective,compound,twelve.,30,0.975,1,no,pending,yes
kha-n1906-000456,khad-ar-blang,khad-ar-blang,noun,compound,"the name of a part of the Khyrim State in the War country. Elhad-ar-bongthai, Jca^ n. a portion of the Kamrup district on the Khasi Hills border and formerly under the subjection of the Khasis. * Hindi. 25",30,0.975,1,no,pending,yes
kha-n1906-000457,khad-ar-kur khait-khait khad-ar-kur,khad-ar-kur khait-khait khad-ar-kur,noun,phrase,"the twelve electoral clans of tlie Clierra State. *kha-dki, ka, n. one of the pieces of fish fried and preserved in closed jars.",30,0.975,1,no,pending,yes
kha-n1906-000459,khad-ja,khad-ja,verb,compound,to serve out boiled rice. [Imit. khadja-khadjhur.],31,0.975,1,no,pending,yes
kha-n1906-000461,khad-tyr-ut,khad-tyr-ut,verb,compound,"to drive away an evil-spirit called ka "" Tyrut"" by means of sacrifices ; to shun, to dislike. [Imlt. khad-da-ka-tyr* ut-da-ka-smer.]",31,0.975,1,no,pending,yes
kha-n1906-000458,khadduh,khadduh,adverb,word,"lastly. [Imii. khadduh-khadwai] ; — a. youngest, last. Khat, "") ad. but, I see (used as a sort of digressive expression), Khad-ei, > [as, "" Phi ong u'm don khad-ei, udon du"".]",30,0.975,1,no,pending,yes
kha-n1906-000460,khadlai,khadlai,adjective,word,thirteen.,31,0.975,1,no,pending,yes
kha-n1906-000462,khadu,khadu,noun,word,bracelet. ^ ^'^'^ ^,31,0.975,1,no,pending,yes
kha-n1906-000472,khain,khain,adjective,word,"rough, coarse.",31,0.975,1,no,pending,yes
kha-n1906-000474,khairim,khairim,noun,word,the Nongkrem State.,31,0.975,1,no,pending,yes
kha-n1906-000476,khajanslii,khajanslii,noun,word,"a treasurer. fKbala-khala, ad. immediately, at once, (as, ""wan kkala khala''). Klialah, V. to throw up as with a shovel.",31,0.975,1,no,pending,yes
kha-n1906-000454,khak,khak,adverb,word,"tightly, firmly, [as, "" u bat khak na ka kti.""] Kha-ki-man, ki^ n. neighbours, not being members of one's clan. Khad, V. to shovel ; — khdd, to perform a sacrifice for the repulsion of an evil-sprit.",30,0.975,1,no,pending,yes
kha-n1906-000477,khalai,khalai,verb,word,"to gamble, to jjlay ; to throw the dice.",32,0.975,1,no,pending,yes
kha-n1906-000478,khalai-wait,khalai-wait,verb,compound,to display one's skill in the wielding of a sword.,32,0.975,1,no,pending,yes
kha-n1906-000479,khalas,khalas,verb,word,"to let loose ; to dismiss, to get discharged.",32,0.975,1,no,pending,yes
kha-n1906-000480,khalasi,khalasi,noun,word,"coolies sent to a distance, especially those used for expeditions.",32,0.975,1,no,pending,yes
kha-n1906-000482,khalek,khalek,verb,word,to dance round and round a group of dancing damsels (by men only).,32,0.975,1,no,pending,yes
kha-n1906-000483,khali,khali,adjective,word,vacant.,32,0.975,1,no,pending,yes
kha-n1906-000484,khalisha,khalisha,noun,word,a carpet.,32,0.975,1,no,pending,yes
kha-n1906-000485,khalor,khalor,verb,word,"to give birth prematurely, to have an abortion.",32,0.975,1,no,pending,yes
kha-n1906-000486,kham,kham,verb,word,"to close the fist ; — adj. comp. deg. corresponding to the English adj. ending in -er ; more. (As, M<:f//<bha=better, /;/m^;ijrong^taller.)",32,0.975,1,no,pending,yes
kha-n1906-000490,kham-kynrei,kham-kynrei,adjective,compound,more abundant.,32,0.975,1,no,pending,yes
kha-n1906-000487,khamakha,khamakha,adverb,word,without reason; for nothing.,32,0.950,1,no,pending,yes
kha-n1906-000488,khambynriew,khambynriew,adjective,word,better off.,32,0.975,1,no,pending,yes
kha-n1906-000492,khamti,khamti,noun,word,"a measurement from the elbow to the end of the little finger of the closed hund {i.e., about 13 inches). fKha-mukur, u, n. small fish. {Beng. magul-mash).",32,0.975,1,no,pending,yes
kha-n1906-000493,khan,khan,verb,word,"to think out ; to consult the spirits by means of an q^^^ rice, stone, etc.",32,0.975,1,no,pending,yes
kha-n1906-000496,khan-ktem,khan-ktem,verb,compound,to divine as to the track of hunted game.,32,0.975,1,no,pending,yes
kha-n1906-000500,khan-shanam,khan-shanam,verb,compound,"to divine by the swing of the lime-case. ' * Hiudi. I t Bcugan. 27 kHAP KHAS Kliap, ha^ n. a big drain in a liali land or a ditch round a fence ; border, side. Khap, X). to fasten, to close ; to border on, to gripe. Khap (bam), v. to partake of a feast given to the surrounding land-holders for witnessing the sale of land. \Ijuit. bamkhap- bam-khum.]",32,0.975,1,no,pending,yes
kha-n1906-000494,khanasamari,khanasamari,noun,word,"house-tax list, census.",32,0.975,1,no,pending,yes
kha-n1906-000495,khanatang,khanatang,verb,word,to relate one's personal experiences ; to recount^ to rehearse.,32,0.975,1,no,pending,yes
kha-n1906-000463,khang,khang,verb,word,"to shut, to hinder, to forbid, to prohibit,",31,0.950,1,no,pending,yes
kha-n1906-000465,khangai,khangai,noun,word,the yolk of an egg.,31,0.975,1,no,pending,yes
kha-n1906-000467,khangkhnam,khangkhnam,verb,word,"(in an archery contest) to prevent an arrow from. hitting the target by invoking some deities,",31,0.975,1,no,pending,yes
kha-n1906-000498,khanpylleug,khanpylleug,verb,word,to divine by breaking an egg with a grain of rice.,32,0.975,1,no,pending,yes
kha-n1906-000499,khanryntieh,khanryntieh,verb,word,to div^ine by the swing of a bow.,32,0.975,1,no,pending,yes
kha-n1906-000501,khap-bria,khap-bria,adjective,compound,having partially closed eyes.,33,0.975,1,no,pending,yes
kha-n1906-000502,khapngiali,khapngiali,adjective,word,"crammed, overfull. \Imit. khapnglah-khap-uin.] 'khapiah, ka^ n. a kind of dried fish. \_Tnnt.",33,0.975,1,no,pending,yes
kha-n1906-000504,khaprip,khaprip,verb,word,to close the eyes ; to wink. ^*^ ^ ' / f,33,0.975,1,no,pending,yes
kha-n1906-000505,khar,khar,noun,word,a mixture of the ashes of burnt plantain folds with some other things used by the Bhoi people to salt their curry.,33,0.975,1,no,pending,yes
kha-n1906-000506,khar,khar,verb,word,"to gather, to pick up ; to have looseness of the bowels. 'khar, {ahhrev. of dkhar), n. a foreigner from the plains; one of the clans among the Khasis bearing that name, e.g. 'Khar- kongor, 'Khar-ngap-kynta, 'Khar-sawian, 'Khar-shi-iing, etc.",33,0.975,1,no,pending,yes
kha-n1906-000513,khar-kpoh,khar-kpoh,noun,compound,diarrhoea or looseness of the bowels.,33,0.975,1,no,pending,yes
kha-n1906-000507,khara,khara,adjective,word,"of the same good size. ""^'^'^ ""^ ' '",33,0.975,1,no,pending,yes
kha-n1906-000508,kharabak,kharabak,noun,word,the fever-demon.,33,0.950,1,no,pending,yes
kha-n1906-000510,kharai,kharai,noun,word,"a ditch, a trench.",33,0.975,1,no,pending,yes
kha-n1906-000514,khariew,khariew,noun,word,"a kind of wild climbing plant used for poisoning fi.sh ; Beng. Bislot; — (Bot.) Milletia Pacchycarpa {Bth.).-^£vi v/V Kharoi, v. to multiply, to increase in population. Kharpaid, n, men mustered for an occasion.",34,0.975,1,no,pending,yes
kha-n1906-000515,kharsohlah,kharsohlah,noun,word,"a dwarf. fKhas, ka, n. a land which has not been brought under a regular settlement, a waste land. * Hindi. I t Bengali. E 2 28 'KHA-S'\W KHAW-OT 'kha-saw, ka^ n. a very common fish in the streams of the Khasi and Jaintia Hills. Khaseng, w, w. a species of reed. *Khash6r, ha or m, n. a mule.",34,0.975,1,no,pending,yes
kha-n1906-000516,khashra,khashra,adjective,word,"imperfect ; preliminary, rough ; — ka, n. a land which borders on the plain districts. Khasi, n. an inhabitant of the Khasi Hills. [^Imit. u",34,0.975,1,no,pending,yes
kha-n1906-001239,khasi wome,khasi wome,noun,phrase,"*Dai, ka^ n. a wet nurse, — ka ddi, n. a fine. Hindi ddl.",73,0.975,1,no,pending,yes
kha-n1906-000517,khasi-u- khar,khasi-u- khar,adjective,phrase,] 'Icb ■ ^' \ ^^» ^^' ^^^^^ fi^^ ponnded and mixed with ginger.,34,0.975,1,no,pending,yes
kha-n1906-000518,khasynrop,khasynrop,verb,word,"to give birth to twins ; to be twin-born. Khat, copj. but, {see khad-ei) ; — v. to drive away devils by divina- tion, as, khat-tyr-ut.",34,0.975,1,no,pending,yes
kha-n1906-000520,khat-ei,khat-ei,conjunction,compound,see khad-ei.,34,0.975,1,no,pending,yes
kha-n1906-000521,khat-um,khat-um,verb,compound,to massage by nsing water and oil.,34,0.975,1,no,pending,yes
kha-n1906-000519,khate,khate,verb,word,to deduct.,34,0.975,1,no,pending,yes
kha-n1906-000497,khauia,khauia,adjective,word,"stingy, hard to pay off one's dues.",32,0.975,1,no,pending,yes
kha-n1906-000523,khaw,khaw,noun,word,unboiled rice ; unhusked rice. [Imit. khaw-u- kba.],34,0.975,1,no,pending,yes
kha-n1906-000527,khaw-iang,khaw-iang,noun,compound,"a certain plant used in fermentation, fermented liquov-^ {dei-), phr. affected with wine.",35,0.975,1,no,pending,yes
kha-n1906-000525,khaw-khaw-daw-daw,khaw-khaw-daw-daw,adjective,reduplication,"penniless, very poor. Khawduh (ai-), v. to outcast (see kynther jymbuin). [Imt't. kha wduh-khawtan .]",34,0.975,1,no,pending,yes
kha-n1906-000531,khaw-pet khejur khdw-pet,khaw-pet khejur khdw-pet,noun,phrase,"rice purchased with money as distinguished from that collected from the field. Khawpud, a, cowardly, timid.",35,0.975,1,no,pending,yes
kha-n1906-000533,khaw-rneng,khaw-rneng,noun,compound,rice carried to be used on the way.,35,0.975,1,no,pending,yes
kha-n1906-000524,khawa,khawa,verb,word,"to ferry. fKhawai, v. to feast, to entertain. [Imif. khawai-dawai.] Khawait, ) v. to ply the hands like a duck while swimming, to Khwait, ) paddle.",34,0.975,1,no,pending,yes
kha-n1906-000528,khawiah,khawiah,verb,word,to reach at and to pull a thing by means of a long stick (such as a rubber ball that has fallen in a well and that cannot be reached with the- hand).,35,0.975,1,no,pending,yes
kha-n1906-000529,khawoh,khawoh,verb,word,to bale out (water) ; to bring down or drag a thing with some crooked instrument.,35,0.975,1,no,pending,yes
kha-n1906-000530,khawoit,khawoit,verb,word,"to beckon with the hand ; to paddle. Khaw-ot, kahaf n. rice not properly boiled. * Hindi. ] f Bengali. 29",35,0.975,1,no,pending,yes
kha-n1906-000534,khawshira,khawshira,noun,word,"parched rice ; {Hind, chiwra).",35,0.975,1,no,pending,yes
kha-n1906-000535,khawtyndep,khawtyndep,noun,word,"rice of a yellowish colour supposed to haye the power of stupefying people when thrown by the "" Nongshoh- noh"" or Thlen -keepers.",35,0.975,1,no,pending,yes
kha-n1906-000475,khdit,khdit,noun,word,"ring-worm; ia-, equal (match), ending in a draw. Khait, af?. entirely, at once, [as, "" u la bam lut Maiu'.""] [Imit. khait-khiej.] Khait-khait, a' very poor ; no margin to leave, [as, "" u briew u long ubaduk khait-khait'^\ 26 KHAJANSHI KHAN-SHANAM",31,0.975,1,no,pending,yes
kha-n1906-000526,khdw-eit,khdw-eit,verb,compound,to be afraid of.,34,0.975,1,no,pending,yes
kha-n1906-000532,khdwpyrsit,khdwpyrsit,noun,word,fine particles of rice left after having hoen crushed and sifted ; broken rice.,35,0.975,1,no,pending,yes
kha-n1906-000546,kheiii-doh-ksew,kheiii-doh-ksew,verb,compound,to become obstinate or desperate.,36,0.975,1,no,pending,yes
kha-n1906-000549,kheiii-poh,kheiii-poh,verb,compound,"to under value, to under-rate ; to look down upon.",36,0.975,1,no,pending,yes
kha-n1906-000544,khein -kylliiid,khein -kylliiid,verb,phrase,to make a liberal estimate of. [Iniit. khcin kylluid- khein kyrwa.],36,0.975,1,no,pending,yes
kha-n1906-000541,khein kor,khein kor,verb,phrase,"to value highly, to prize ; to esteem.",35,0.975,1,no,pending,yes
kha-n1906-000538,khein-ba'n khai,khein-ba'n khai,verb,phrase,"to proi)itiate the evil-spirits , {seekJiem/csiiid).",35,0.975,1,no,pending,yes
kha-n1906-000539,khein-briew,khein-briew,verb,compound,to have some regard for.,35,0.975,1,no,pending,yes
kha-n1906-000540,khein-burom,khein-burom,verb,compound,"to be dishonoured, to be put to shame. [Imit. kheinburom -kh einsurom.]",35,0.975,1,no,pending,yes
kha-n1906-000545,khein-dewthala,khein-dewthala,verb,compound,to reckon as worthless.,36,0.975,1,no,pending,yes
kha-n1906-000547,khein-dohiap,khein-dohiap,verb,compound,to become desperate.,36,0.975,1,no,pending,yes
kha-n1906-000548,khein-duh,khein-duh,verb,compound,"to become reckless, to give oneself up as lost.",36,0.975,1,no,pending,yes
kha-n1906-000550,khein-sbai,khein-sbai,verb,compound,"to give an account of an expenditure ; to take into consideration (used with a negative expression ; as, ""nga'm shym kheinsbai ia phi."")",36,0.975,1,no,pending,yes
kha-n1906-000551,khein-snep,khein-snep,verb,compound,"to care for (used with ym). Kheit, V. to pluck, to gather. . f",36,0.975,1,no,pending,yes
kha-n1906-000542,kheinksuid,kheinksuid,verb,word,to find out by divination the devil who causes the disease or misfortune and to cure that disease or remove that misfortune by propitiating him. [ImzL kheinksjuid-khein-khrei.],35,0.975,1,no,pending,yes
kha-n1906-000543,kheiu-kupar,kheiu-kupar,verb,compound,to be dishonoured.,36,0.975,1,no,pending,yes
kha-n1906-000552,khejur,khejur,noun,word,"date, * Hindi | j- Bengali. m",36,0.975,1,no,pending,yes
kha-n1906-000536,khek,khek,adverb,word,"abruptly, suddenly ; [as, u ieng kheJc^",35,0.975,1,no,pending,yes
kha-n1906-000554,khemdut,khemdut,verb,word,to milk.,36,0.975,1,no,pending,yes
kha-n1906-000555,khemmet,khemmet,verb,word,"to massage. [Imif. khem met-khem phad.] Kher, 7ca, n. a stockade for capturing elephants ; an enclosure for catching fish ; a place or district. *Kheshwan, «, n. a driver, a coachman.",36,0.975,1,no,pending,yes
kha-n1906-000537,khengkheng,khengkheng,adverb,word,"resistingly ; [as, "" u.pyn-eh khengkheng,""] Kheifij V. to break ; to reckon, to value ; to have a regard for ; to care.",35,0.975,1,no,pending,yes
kha-n1906-000556,khet,khet,noun,word,"a throne. \_Imit. ka khet-ka bishna.] — -v. to cut down, to sever. iKhet-tiah, v. to cut the trees or bamboos and leave them to rot in the same place. fKhi, ka, n. ghee ; — v. to shave.",36,0.975,1,no,pending,yes
kha-n1906-000557,khia,khia,adjective,word,"heavy, — ad. with a revengeful spirit, [as, "" u la buhmid khia ia u namar ba u la kren pynjah burom.""]",36,0.975,1,no,pending,yes
kha-n1906-000562,khia-thew,khia-thew,adjective,compound,"graceful, elegant, dignified. Khie, T). {iniper. only) go away ; get up (from a recumbent posi- tion) ; to take place, to recur, (as, "" La khie ka jingpang, la khie ka thma ha pdeng u",37,0.975,1,no,pending,yes
kha-n1906-000558,khiah,khiah,adjective,word,healthy. [Tmit. khiah-nang.],36,0.975,1,no,pending,yes
kha-n1906-000559,khiah-krac,khiah-krac,verb,compound,to be in a very sound health.,36,0.975,1,no,pending,yes
kha-n1906-000560,khiar,khiar,verb,word,"to be mindful, to pay attention to.",36,0.975,1,no,pending,yes
kha-n1906-000561,khiat,khiat,noun,word,a moss-deer.,37,0.975,1,no,pending,yes
kha-n1906-000564,khie-bhang,khie-bhang,verb,compound,to become mad as if from the effect of hJiang.,37,0.975,1,no,pending,yes
kha-n1906-000565,khie-bhur,khie-bhur,verb,compound,to have epileptic fits. •,37,0.975,1,no,pending,yes
kha-n1906-000566,khie-ka rasong,khie-ka rasong,verb,phrase,"to be fortunate, to be in the height of prosperity.",37,0.975,1,no,pending,yes
kha-n1906-000567,khie-khlam,khie-khlam,verb,compound,to become epidemic (used especially with reference to cholera).,37,0.975,1,no,pending,yes
kha-n1906-000568,khie-khlieh,khie-khlieh,verb,compound,"to keep one's head above water, (as "" u la dap ram eh u'm lah khie-kJiUeh shuh "").",37,0.975,1,no,pending,yes
kha-n1906-000570,khie-kieh,khie-kieh,verb,compound,"to stir up suddenly as if for action or on account of some impending danger, generally followed by "" buk.",37,0.975,1,no,pending,yes
kha-n1906-000573,khie-lapeh,khie-lapeh,verb,compound,"to have abundant leaves but without grain ; to grow prematurely. * Hindi. ( f Bengali. kiiip:-luxg khir Kliie-lung, «?. to bring forth a new shoot.",37,0.975,1,no,pending,yes
kha-n1906-000574,khie-rih,khie-rih,verb,compound,"to be attacked with fever. Khie-sarumut, v, to have a fancy for ; to be capriciously inclined to.",37,0.975,1,no,pending,yes
kha-n1906-000576,khie-sboh,khie-sboh,verb,compound,to have fever.,37,0.975,1,no,pending,yes
kha-n1906-000577,khie-shylluit,khie-shylluit,verb,compound,to bud.,37,0.975,1,no,pending,yes
kha-n1906-000578,khie-step,khie-step,verb,compound,to rise early. [,37,0.975,1,no,pending,yes
kha-n1906-000575,khiesboh,khiesboh,verb,word,to be unusually liberal or kind.,37,0.975,1,no,pending,yes
kha-n1906-000580,khiew,khiew,noun,word,"a vessel, a pot. \Imit. u khiew-u siang.] 'khiew, u^ n. {abhrev. of dykhiew) ant, as, u ""khiew seiiiiong."" 'khiew-dieugbai, u, n, a big red ant (generally living in a nest on a tree).",37,0.975,1,no,pending,yes
kha-n1906-000585,khiew ranei,khiew ranei,noun,phrase,a black earthen vessel (so called from its being made in the village of Larnai or Larnei in the Jaintia Hills).,38,0.975,1,no,pending,yes
kha-n1906-000581,khiewja,khiewja,noun,word,a pot for cooking rice. \Imit. khiewja-khiew- jyntah.],38,0.975,1,no,pending,yes
kha-n1906-000582,khiewja-kiii,khiewja-kiii,noun,compound,a toy used by childron for cooking.,38,0.975,1,no,pending,yes
kha-n1906-000583,khiewmutlop,khiewmutlop,noun,word,"{lit, an obstinate pot) ; a thick and wide- mouthed earthen vessel.",38,0.975,1,no,pending,yes
kha-n1906-000584,khiewphiang,khiewphiang,noun,word,a brazen water vessel.,38,0.975,1,no,pending,yes
kha-n1906-000586,khiewrynsong,khiewrynsong,noun,word,another kind of brazen cooking pot.,38,0.975,1,no,pending,yes
kha-n1906-000589,khiewsla,khiewsla,noun,word,"a thin brazen cooking pot, Khing, (ia-), v. to resist. Khih, «?. to start, to move, to shake. S^Imit. khih-ksar.]",38,0.975,1,no,pending,yes
kha-n1906-000591,khih map-map,khih map-map,verb,phrase,"to quiver. Khi-Mi-nuid, -y. to shave the head in three patches (this refers to a Khasi custom of punishing an evil-doer before his banish- ment from his country or village), fKhilki, ka^ n. (same as khalki).",38,0.975,1,no,pending,yes
kha-n1906-000590,khih-lyngkhum,khih-lyngkhum,verb,compound,"to be unrest by reason of excitement,",38,0.975,1,no,pending,yes
kha-n1906-000710,khiiit-khuit,khiiit-khuit,adjective,compound,offensive ; not well ripe or well cooked.,44,0.975,1,no,pending,yes
kha-n1906-000713,khiim-kpoh,khiim-kpoh,verb,compound,incapable of deling active work owing to pregnancy.,44,0.975,1,no,pending,yes
kha-n1906-000725,khiinlung,khiinlung,noun,word,"a baby, an infant. [Imit. khunlung-khunjiap.]",45,0.975,1,no,pending,yes
kha-n1906-000726,khiinmaitnia,khiinmaitnia,adverb,word,"very (small quantity or degree) [as, ""tang khu7i maitnia ruh u'm sngap ia nga""]. * Hindi. 38",45,0.975,1,no,pending,yes
kha-n1906-000728,khiinrei,khiinrei,noun,word,"a cliiki of a wklow or widower. Khim-ruid, n, a step-cliikl ; nephew or niece. \Jmit. khunruit- khunjien.] Khun-soh syiem, %i or ka, n. a suhject or citizen who belongs to another Syiem or Chief \e.g.^ Bun na kiba shongha Mawkhar ki long ki khnn khiin-soh syiem].",45,0.975,1,no,pending,yes
kha-n1906-000653,khiioit-khsoit,khiioit-khsoit,adverb,compound,"slowly, [as, ""balei phi idid khnoit-khnoit kumba pangkhrew ?""]",41,0.975,1,no,pending,yes
kha-n1906-000718,khiln-binong bishon,khiln-binong bishon,noun,phrase,respectable or honourable persons.,45,0.975,1,no,pending,yes
kha-n1906-000592,khilon,khilon,noun,word,"an arch. *Khilonshi, ha^ n. a scaffolding.",38,0.975,1,no,pending,yes
kha-n1906-000593,khim,khim,adjective,word,narrow.,38,0.975,1,no,pending,yes
kha-n1906-000717,khim-ki raiot,khim-ki raiot,noun,phrase,"subjects. Khun, V, to bend or drag a thing to one self ; — ka, n. murder case.",45,0.975,1,no,pending,yes
kha-n1906-000719,khimkha,khimkha,noun,word,a descendant of a male relative. [Imit. khunkha- khunlong.],45,0.975,1,no,pending,yes
kha-n1906-000594,khir u,khir u,noun,phrase,a screw. * liiudi. I t Beugali. 32,38,0.975,1,no,pending,yes
kha-n1906-000596,khir-shi-khir,khir-shi-khir,adverb,compound,"constantly seek a cause far quarrel ; [as, *' balei phi shu wad dong kfdr'",38,0.975,1,no,pending,yes
kha-n1906-000598,khla,khla,noun,word,"a tiger, a leopard, [/nn't. u khla-u tblen.] Kh la wait, w, w. an expert warrior.",38,0.975,1,no,pending,yes
kha-n1906-000601,khlais,khlais,adjective,word,"strong, coarse, rough. Khlait, V. to break^off, to be dislocated.",39,0.975,1,no,pending,yes
kha-n1906-000602,khlait-khlait,khlait-khlait,adverb,reduplication,"in tears (bathed). [As, "" ei ba kren ba phi"" ia.yn-khlait-khlait kumne.""]",39,0.975,1,no,pending,yes
kha-n1906-000603,khlam,khlam,noun,word,"a pestilence, a plagiie esp. cholera ; a she-devil causing cholera. [J?7«i^. ka khlam- kangoh.]",39,0.975,1,no,pending,yes
kha-n1906-000604,khlam-suid-iap,khlam-suid-iap,adjective,compound,having the appearance of one who has lately recovered from an attack of cholera.,39,0.975,1,no,pending,yes
kha-n1906-000600,khlang,khlang,adverb,word,"vacantly (looking, as, ""u peit khlang ia nga""). Khlai, V. to pluck with the thumb or nails (as the grains of maize) .",39,0.975,1,no,pending,yes
kha-n1906-000605,khlaw,khlaw,noun,word,"jungle. [Imit. khlaw-ka btap] ; — v. to draw out,, to extract, to dig out.",39,0.975,1,no,pending,yes
kha-n1906-000606,khleb-khleb,khleb-khleb,adverb,reduplication,"flickeringly, as, ""ka sharak ka long khledr- kiiuhr",39,0.975,1,no,pending,yes
kha-n1906-000609,khlein,khlein,noun,word,"lard, fat ;— a. fatty, rich, oily. [Imit. ka khlein-ka. sbuh.]",39,0.975,1,no,pending,yes
kha-n1906-000610,khlej-khlej,khlej-khlej,adverb,reduplication,"tearfully, (as, "" u iam khlej kJdef). Khlem, prep, without. |",39,0.975,1,no,pending,yes
kha-n1906-000607,khlek,khlek,adverb,word,"glaring with a flash, (as, '*ka leilieh ka hd khUk'"").",39,0.975,1,no,pending,yes
kha-n1906-000611,khlem-akor,khlem-akor,adjective,compound,"careless, reckless, unmannerly, rude.",39,0.975,1,no,pending,yes
kha-n1906-000612,khlem-da-pud,khlem-da-pud,adverb,compound,"unceasingly, always, [as, "" u Daniel u duwai: khlerri'da-ptid.^']",39,0.975,1,no,pending,yes
kha-n1906-000613,khlemrcaie,khlemrcaie,adjective,word,"shameless- [Imit, khlcmraiii-khlemsuin.] 33",39,0.975,1,no,pending,yes
kha-n1906-000614,khlen-khlen khmihlynti khlen-khlen,khlen-khlen khmihlynti khlen-khlen,adjective,phrase,"muscular, strong. [As, u ""briew uba hhUn-hUen ruh ""11 leit klirong.""]",39,0.975,1,no,pending,yes
kha-n1906-000608,khleng,khleng,adverb,word,"showing the white of the eye, (as, "" u peit matsehi khleng'') Khleh, V. to mix, to pound ;-— a. mixed. [As, "" une u briew u y^/^Ze/i-lamwir, mo.""] Khlei, V. to cast out of the mouth ; to spue.",39,0.975,1,no,pending,yes
kha-n1906-000615,khlew-khlew,khlew-khlew,adverb,reduplication,"staringly, (said of big eyes, as, '* u khla u peit khlew khlew"").",40,0.975,1,no,pending,yes
kha-n1906-000618,khliah,khliah,verb,word,"to break off, to pluck.",40,0.975,1,no,pending,yes
kha-n1906-000616,khliak,khliak,adverb,word,"momentarily, (said of small objects, as, ""nga ioh-i khliak ia ka skei"").",40,0.975,1,no,pending,yes
kha-n1906-000617,khliang,khliang,noun,word,the stomach of a fowl or bird.,40,0.975,1,no,pending,yes
kha-n1906-000619,khlib-khlib,khlib-khlib,adverb,reduplication,"looking fixedly, (as, ""u peit khlih khiib""). Khlik-khlik, (lieh-), ad. cleanly white and tidy. [As, ""uriam da ki jain kiba lieh khlik-khlik.""]",40,0.975,1,no,pending,yes
kha-n1906-000621,khlieng,khlieng,verb,word,"to clean the inside (of a vessel or well) ; — ka, n. kite, eagle. Khlieng-ka-tyngab, ka, jihr. hearsay, rumour.",40,0.975,1,no,pending,yes
kha-n1906-000626,khliir,khliir,noun,word,"a star. Khlur, V. to come off (as hair.)",40,0.975,1,no,pending,yes
kha-n1906-000622,khling-khling-khlang-khlang,khling-khling-khlang-khlang,adverb,reduplication,"(look) round about. Khlir=khlir, ad. clearly, transparently, (as, "" ka um ka sngur khltr-khlir^) . Khlok khl6k, ad. snortingly. Khlong, V. to pull out of a narrow place.",40,0.975,1,no,pending,yes
kha-n1906-000620,khlleh,khlleh,noun,word,"the head, the top. \^lmit. ka khlieh-ka reng.]",40,0.975,1,no,pending,yes
kha-n1906-000623,khlop,khlop,adverb,word,"there and then (fall), [as, *'nga kawang shidieng iau ksew bad u kyllon khlop.""]",40,0.975,1,no,pending,yes
kha-n1906-000624,khluit,khluit,adjective,word,"hot, boiling hot, scorching ; — v. to burn.",40,0.975,1,no,pending,yes
kha-n1906-000625,khlup,khlup,adverb,word,"completely, (as, tap khliip) — a. well covered (wrapper),",40,0.975,1,no,pending,yes
kha-n1906-000627,khmat,khmat,noun,word,"eye, face, appearance, end of a thread, subject ; one of the points or issues of an argument ; eveiy (as, "" khmat u rangbah briew u dei ba'n mih."" Also spelt as ' khymat').",40,0.975,1,no,pending,yes
kha-n1906-000628,khmat briew,khmat briew,phrase,phrase,"every person. Khmia-khmia, (sngaid-), ad. like a person having a short and thick neck. [As, "" ki Babu Dkhar kiba ioh tulop bun ki kylla sngaid khmia-khmia.^']",40,0.975,1,no,pending,yes
kha-n1906-000629,khmied,khmied,verb,word,"to look up, to lift up the head.",40,0.975,1,no,pending,yes
kha-n1906-000630,khmih,khmih,verb,word,"to look, to behold.",41,0.975,1,no,pending,yes
kha-n1906-000633,khmih-matdong khongpong klimili-matdong,khmih-matdong khongpong klimili-matdong,verb,phrase,to eye with suspicion.,41,0.975,1,no,pending,yes
kha-n1906-000634,khmih-shain,khmih-shain,verb,compound,to gaze.,41,0.975,1,no,pending,yes
kha-n1906-000635,khmih-sian,khmih-sian,verb,compound,to watch.,41,0.975,1,no,pending,yes
kha-n1906-000636,khmih-syntiat,khmih-syntiat,verb,compound,to spy.,41,0.975,1,no,pending,yes
kha-n1906-000631,khmihkai,khmihkai,verb,word,to look on as a spectator.,41,0.975,1,no,pending,yes
kha-n1906-000632,khmihlynti,khmihlynti,verb,word,"to expect, to look for. 34.",41,0.975,1,no,pending,yes
kha-n1906-000637,khmihthuh,khmihthuh,verb,word,"to examine, to make out.",41,0.975,1,no,pending,yes
kha-n1906-000638,khmot-khmot,khmot-khmot,adverb,reduplication,"angrily, (as, ""u kren khmot khmof).",41,0.975,1,no,pending,yes
kha-n1906-000639,khmud,khmud,noun,word,a squirrel.,41,0.975,1,no,pending,yes
kha-n1906-000640,khmuin,khmuin,noun,word,"Si bud, a protuberant object.",41,0.975,1,no,pending,yes
kha-n1906-000641,khmut,khmut,noun,word,the nose ; the tip of anything.,41,0.975,1,no,pending,yes
kha-n1906-000644,khnai,khnai,noun,word,"a mouse ; — u, n. biceps.",41,0.975,1,no,pending,yes
kha-n1906-000645,khnam,khnam,noun,word,an arrow; a small trap for catching fish (Synteng).,41,0.975,1,no,pending,yes
kha-n1906-000642,khnang,khnang,adverb,word,"purposely, intentionally.",41,0.975,1,no,pending,yes
kha-n1906-000643,khnangkhning,khnangkhning,adverb,word,"without fail, [as, "" wallam soh ia nga khnang-khning, ho.""]",41,0.975,1,no,pending,yes
kha-n1906-000646,khnap,khnap,noun,word,cloven hoof ; — v. to squeeze between the legs.,41,0.975,1,no,pending,yes
kha-n1906-000647,khnap-dpei,khnap-dpei,noun,compound,the wooden frame of a hearth ; a fender.,41,0.975,1,no,pending,yes
kha-n1906-000648,khnek-khnek,khnek-khnek,adverb,reduplication,"with a hop, lamely, (as, "" u iaid khnek-khnek kumba dkoh""). Khni, 17. to be on the point of crying.",41,0.975,1,no,pending,yes
kha-n1906-000649,khniang,khniang,noun,word,"worm, insect ; eruptions ; parasite. Khniot, V. to squeeze, to gripe ; to rape.",41,0.975,1,no,pending,yes
kha-n1906-000650,khnium,khnium,verb,word,"to grumble, to murmur, to mumble.",41,0.975,1,no,pending,yes
kha-n1906-000651,khnok-khnok,khnok-khnok,adverb,reduplication,"limpingly, [as, '\u iaid khnok-khnok ba pang kakhohsiew.""]",41,0.975,1,no,pending,yes
kha-n1906-000652,khnong,khnong,noun,word,a beam supporting the planks of a floor. [Imit. u khnong-u rijied.],41,0.975,1,no,pending,yes
kha-n1906-000662,khoh,khoh,noun,word,"a conical native basket ; — v. to skin, to peel.",42,0.975,1,no,pending,yes
kha-n1906-000663,khohluh,khohluh,adverb,word,"big and round, [as, "" u phan uba heh khohluh- khohluh.'']",42,0.975,1,no,pending,yes
kha-n1906-000664,khohruhram,khohruhram,adjective,word,"rugged, full of stones.",42,0.975,1,no,pending,yes
kha-n1906-000665,khohshain,khohshain,verb,word,"to come off, (as from the effect of rubbing against a stone, etc.).",42,0.975,1,no,pending,yes
kha-n1906-000666,khohsiew,khohsiew,noun,word,the knee. [^Imit. ka khohsiew — ka khohniib.],42,0.975,1,no,pending,yes
kha-n1906-000667,khohwah,khohwah,noun,word,the calf of a leg.,42,0.975,1,no,pending,yes
kha-n1906-000668,khoi,khoi,noun,word,parched rice mixed with molasses.,42,0.975,1,no,pending,yes
kha-n1906-000669,khoi khoi,khoi khoi,adjective,phrase,"easily provoked. Khoit, ■ ad. wholly, entirely. \Imit. k hoit-khiaj] ; — contr. of kyrklioit^^Si cartillage.",42,0.975,1,no,pending,yes
kha-n1906-000670,khoitkait,khoitkait,noun,word,the inner part of the banana tree used for curry.,42,0.975,1,no,pending,yes
kha-n1906-000654,khong,khong,adjective,word,"resembling, taking the likeness of, [As, ""une u khynnah u kliong kpa shibun.""]",41,0.975,1,no,pending,yes
kha-n1906-000658,khong-ieng,khong-ieng,verb,compound,"to open (by means of a lever, etc.).",42,0.975,1,no,pending,yes
kha-n1906-000656,khongdong,khongdong,noun,word,"a turn, a corner ; — a. zigzag. \Imit. khong- dong-mongdong. ]",41,0.975,1,no,pending,yes
kha-n1906-000657,khongdong-jat,khongdong-jat,noun,compound,the heel.,42,0.975,1,no,pending,yes
kha-n1906-000655,khongkhong,khongkhong,adjective,word,"irritable, hot-tempered.",41,0.975,1,no,pending,yes
kha-n1906-000659,khongpong,khongpong,adverb,word,"contrariwise, topsy-turvy. [ImiL khongpong- khongdeh.] — n. a bundle containing QO pan leaves. 35 KHONG-SHI KHRIANG Kliong-shi, w. 20 pan leaves.",42,0.975,1,no,pending,yes
kha-n1906-000660,khongtoi,khongtoi,noun,word,the buttock.,42,0.975,1,no,pending,yes
kha-n1906-000671,khor,khor,adjective,word,"hard, strong (mixture) ; — ka, n. a silk, (Assamese=G^^^Mz,- cheng) .",42,0.975,1,no,pending,yes
kha-n1906-000672,khorsha,khorsha,noun,word,"expenditure; cost of law suit. [Imit. ka khorsha-ka borsha.] Khot, V. to call, admit, to accept as a lodger or a husband.",42,0.975,1,no,pending,yes
kha-n1906-000673,khra,khra,noun,word,"a pitcher, an earthen water vessel.",42,0.975,1,no,pending,yes
kha-n1906-000674,khrai,khrai,verb,word,"to cut across, sever; — klirai, ad. many and small (used with rzY) [As, "" kine ki kliun doh kha ki dap kh^^ai ha ka pung.""]",42,0.975,1,no,pending,yes
kha-n1906-000675,khrai khlieh,khrai khlieh,verb,phrase,to behead.,42,0.950,1,no,pending,yes
kha-n1906-000676,khram,khram,adverb,word,"with a crash, violently (as, u kyllon khram).",42,0.975,1,no,pending,yes
kha-n1906-000677,khran,khran,adverb,word,"very (healthy), [as, u la koit khran=^h.^, has reco- vered completely].",42,0.975,1,no,pending,yes
kha-n1906-000678,khraw,khraw,adjective,word,"great, big, large ; — adv. proudly, arrogantly",43,0.975,1,no,pending,yes
kha-n1906-000679,khraw-batri,khraw-batri,noun,compound,"the great, nobles.",43,0.975,1,no,pending,yes
kha-n1906-000680,khreh,khreh,verb,word,"to prepare, to be ready. [ImiL khreh-khrum.]",43,0.975,1,no,pending,yes
kha-n1906-000681,khrei,khrei,noun,word,"used with kmid, in u ksuid-ii khrei=:sin evil spirit.",43,0.975,1,no,pending,yes
kha-n1906-000682,khrew,khrew,adjective,word,"sickly ; to be in a chronic state of illness, [/mit. khrew-khriap.] Khria-khria, (rit-), «<:Z. many and small. [As, "" ki sla u dieng- kseh ki long kiba rit khria-kJiria.''^'",43,0.975,1,no,pending,yes
kha-n1906-000683,khriang,khriang,noun,word,"a rapid, a shallow current. * Hindi, f3 36",43,0.950,1,no,pending,yes
kha-n1906-000684,khriat khung khriat,khriat khung khriat,adjective,phrase,cold.,43,0.975,1,no,pending,yes
kha-n1906-000686,khriem,khriem,noun,word,the people of the Nongkhlaw State. Same as Khyr- iem.,43,0.975,1,no,pending,yes
kha-n1906-000685,khrik-khrik,khrik-khrik,adverb,reduplication,"twinkling, sparkling. [As, "" ki khlur ki phyrnai khrik-khrik.^^l",43,0.975,1,no,pending,yes
kha-n1906-000688,khrim,khrim,adverb,word,with a crash.,43,0.975,1,no,pending,yes
kha-n1906-000687,khring,khring,verb,word,to pull up or draw out by the hand.,43,0.975,1,no,pending,yes
kha-n1906-000690,khroi,khroi,adverb,word,"a few in number, (as, '* ki ia don tang khroi).''",43,0.975,1,no,pending,yes
kha-n1906-000691,khron,khron,verb,word,te become stiff with cold (especially of the hand); to be benumbed.,43,0.975,1,no,pending,yes
kha-n1906-000689,khrong,khrong,verb,word,"to beg, to tax, to take a toll ; — ka, n. a tax, a toll. [^Imit. ka khrong-ka tlieng.] Khroh, V. to humour, to entice, to cajole, limit, khroh kjor,]",43,0.975,1,no,pending,yes
kha-n1906-000692,khru,khru,adverb,word,"like the sound of tumbling, (as, "" u ur kkru""). Khrud, V. to scrape.",43,0.975,1,no,pending,yes
kha-n1906-000696,khru-shi-khru,khru-shi-khru,adverb,compound,"repeatedly [as, "" ki iakhih khrii-shikhru.''^']",43,0.975,1,no,pending,yes
kha-n1906-000693,khrum,khrum,noun,word,"a vault, a cellar ; the space under the floor.",43,0.975,1,no,pending,yes
kha-n1906-000694,khrum-khrum,khrum-khrum,adverb,reduplication,"in a business like manner. [As, *' u shu leit, klirum klirum ba'n kem na iing ia ka syiar.""]",43,0.975,1,no,pending,yes
kha-n1906-000695,khrun-khrun,khrun-khrun,adjective,reduplication,of good size (said of fruits and tubers).,43,0.975,1,no,pending,yes
kha-n1906-000697,khu,khu,noun,word,a craw or crop.,43,0.975,1,no,pending,yes
kha-n1906-000703,khub,khub,noun,word,the width of 4 fingers joined together.,44,0.975,1,no,pending,yes
kha-n1906-000704,khublei,khublei,verb,word,"Imper, God bless you, peace be with you; — n. thanks.",44,0.975,1,no,pending,yes
kha-n1906-000705,khubor,khubor,noun,word,"news, tidings. [Imit. ka khubor-ka antor.] """,44,0.975,1,no,pending,yes
kha-n1906-000707,khui khonmaitxnia kliui,khui khonmaitxnia kliui,adverb,phrase,"very (generally used with Jchia, at) [as, ""u la khia kind''].",44,0.975,1,no,pending,yes
kha-n1906-000709,khuid-ksdid,khuid-ksdid,verb,compound,to be entirely free from blame.,44,0.975,1,no,pending,yes
kha-n1906-000712,khulom-sner,khulom-sner,noun,compound,"a quill pen. Khulwia, v, to waste, to undermine. Khiim, -v. to fasten, to tie, to bind. KhCim-ka jingit, ph\ to be stunted. - Khum khum, ai. actively (engaged) ; in a business like attitude [as, "", ki shu wan khum-khum ban shoh ia u ha ing.""] [Imit. khum khum-kham kham ; as, "" phi trei a-iu kumne khum khum kham kham^]",44,0.975,1,no,pending,yes
kha-n1906-000714,khum-pyrdet,khum-pyrdet,verb,compound,to bind the hands behind one's back. [/mif. khumpyrdet-khum pyrdang.],44,0.975,1,no,pending,yes
kha-n1906-000715,khum-sknm,khum-sknm,verb,compound,to bind a bundle of grass to be used as a target or butt for shooting arrows.,45,0.975,1,no,pending,yes
kha-n1906-000716,khun,khun,noun,word,"a child; subject, [/mit. khun-u-ksiew= child j u khi'm-u-haj ar = subject .]",45,0.975,1,no,pending,yes
kha-n1906-000720,khun-khlieng-kpoh,khun-khlieng-kpoh,noun,compound,a pet child.,45,0.975,1,no,pending,yes
kha-n1906-000730,khun-tamsneng,khun-tamsneng,noun,compound,a disobedient child.,45,0.975,1,no,pending,yes
kha-n1906-000731,khun-thepmynsiem,khun-thepmynsiem,noun,compound,"a pet child. Khuntrai, jz. one's own child ; a legitimate child. Khur, 7J. to gather up together ; to scrape.",45,0.975,1,no,pending,yes
kha-n1906-000723,khundir-khunti,khundir-khunti,noun,compound,"in Sheila/^ a legal term, meaning children of the first and second wife.",45,0.975,1,no,pending,yes
kha-n1906-000724,khunjeh,khunjeh,noun,word,a very young calf.,45,0.975,1,no,pending,yes
kha-n1906-000721,khunkliar wait,khunkliar wait,noun,phrase,conquered subjects.,45,0.975,1,no,pending,yes
kha-n1906-000722,khunksiew,khunksiew,noun,word,a grand-child. Khunkur. n. respectable and influential people. [Imit. khun- kur-khun kmie.],45,0.975,1,no,pending,yes
kha-n1906-000727,khunpongka khylliah klfmpongka,khunpongka khylliah klfmpongka,noun,phrase,"a bastard, a child of an unknown father.",45,0.975,1,no,pending,yes
kha-n1906-000729,khunswet,khunswet,noun,word,"an orphan, [/mit. khnnswet-khunmyllung.]",45,0.975,1,no,pending,yes
kha-n1906-000733,khur-khur,khur-khur,noun,reduplication,the sound of laboured breathing of a dying man.,46,0.975,1,no,pending,yes
kha-n1906-000735,khur-met u,khur-met u,noun,phrase,"the outer part of a bamboo or a cane. Khuslai, 'v. to be anxious, to be aggrieved, to be troubled. *Khusnam, ha^ n. a name, honour, reputation. Khuti, -w, n. a short post, a peg ; — v. (lam-) to play draughts.",46,0.975,1,no,pending,yes
kha-n1906-000732,khura,khura,verb,word,to search.,46,0.975,1,no,pending,yes
kha-n1906-000734,khuri,khuri,noun,word,"a cup, a bowl ; ka lei khuri=ih.Q household demon of a certain clan (jaid-Dkhar) of these Hills.",46,0.975,1,no,pending,yes
kha-n1906-000736,khutia,khutia,noun,word,"(pi.) odds and ends. [Imit. khutia-khulain.] — ad. in a very small amount at a time, [as, u "" siew khutia ia ka ram jong nga""].",46,0.975,1,no,pending,yes
kha-n1906-000706,khvik,khvik,adverb,word,"suddenly, (as, "" ia kynduh k/iuk""). Khiid, V. to scrape off (with a sharp instrument). Khung, w, 71. a cross-beam in a house ^ — v. to wrap or tie up in a cloth. * Hindi. 37",44,0.975,1,no,pending,yes
kha-n1906-000699,khwai,khwai,noun,word,"a hook (fish); — v. to fish, to wind up (a path).",44,0.975,1,no,pending,yes
kha-n1906-000698,khwak,khwak,noun,word,"a small bird about the size of a dove, the cry of which is believed to portend some evil thing about to happen* in the village.",44,0.975,1,no,pending,yes
kha-n1906-000701,khwan,khwan,verb,word,"to covet, to hanker after.",44,0.975,1,no,pending,yes
kha-n1906-000702,khwar,khwar,verb,word,"to clean the inside of a hole (as, ^^hliwar ia n khiewja"").",44,0.975,1,no,pending,yes
kha-n1906-000737,khwiang,khwiang,verb,word,"to wind or turn round (when walking). Khwoh, V. to pull a thing by means of a hook or claws.",46,0.975,1,no,pending,yes
kha-n1906-000738,khyllad,khyllad,verb,word,"to lop off the branches, to prune ; {laid-), phr. to pass by heedlessly. Khyllah.. a. strange, queer, odd. \_Imit. khyllah-khylliang.]",46,0.975,1,no,pending,yes
kha-n1906-000739,khyllai,khyllai,noun,word,"the kidneys. Khyllait, (ha), adv. out of sight ; [as, "" ynda khyllait ma u ei ban kylli ia nga""] ; in the absence of.",46,0.975,1,no,pending,yes
kha-n1906-000740,khyllem,khyllem,verb,word,to fall on the side (as a wall) ; to collapse.,46,0.975,1,no,pending,yes
kha-n1906-000742,khylliah,khylliah,verb,word,"to break off, (as, a twig) ; {kliem-), to dislocate. — — — 39",46,0.975,1,no,pending,yes
kha-n1906-000743,khylliap khyrwang khylliap,khylliap khyrwang khylliap,verb,phrase,"to fold or wrap ; — ka, n. a fold.",46,0.975,1,no,pending,yes
kha-n1906-000747,khyllong,khyllong,verb,word,to dress the hair into a knot.,47,0.975,1,no,pending,yes
kha-n1906-000749,khyndai-pateng-fiiamra,khyndai-pateng-fiiamra,noun,compound,"an infernal abyss, hell.",47,0.975,1,no,pending,yes
kha-n1906-000750,khyndat,khyndat,verb,word,"to throw, to jostle, to push, (same as kytidat). uEhyndew, ka, n. dust, the earth, [/mit. ka khyndew-ka shyiap.]",47,0.975,1,no,pending,yes
kha-n1906-000748,khyndcli,khyndcli,adjective,word,nine.,47,0.975,1,no,pending,yes
kha-n1906-000751,khyndiat,khyndiat,adjective,word,"a little, few, very little. [ImiL khyndiat-khynsoit.]",47,0.975,1,no,pending,yes
kha-n1906-000752,khyndiet,khyndiet,verb,word,to lift up; to raise (of a lid) ; to uncover.,47,0.975,1,no,pending,yes
kha-n1906-000753,khyndit,khyndit,adjective,word,(same as khyndiat).,47,0.975,1,no,pending,yes
kha-n1906-000754,khynnah,khynnah,noun,word,"a child, a boy or girl. \_Imit. khynnah-khynluug.]",47,0.975,1,no,pending,yes
kha-n1906-000755,khynniat,khynniat,verb,word,to push.,47,0.975,1,no,pending,yes
kha-n1906-000756,khynning,khynning,adjective,word,squeamish.,47,0.975,1,no,pending,yes
kha-n1906-000757,khynniuh,khynniuh,verb,word,"to tremble, to shake, — it, n. earthquake.",47,0.975,1,no,pending,yes
kha-n1906-000758,khynniuh-rih,khynniuh-rih,noun,compound,shiverings caused by fear ; paroxysm of fever.,47,0.975,1,no,pending,yes
kha-n1906-000759,khynniuh-u-jumai,khynniuh-u-jumai,noun,compound,an earthquake shock.,47,0.975,1,no,pending,yes
kha-n1906-000760,khynra,khynra,verb,word,"to pull down, to break down.",47,0.975,1,no,pending,yes
kha-n1906-000763,khynra w,khynra w,noun,phrase,"a young man or woman ; shongJchynrdw, to lead a bachelor's or spinster's life.",47,0.975,1,no,pending,yes
kha-n1906-000761,khynrai,khynrai,verb,word,"to cut and fashion, (generally said of pieces of wood, as, khynrai latom).",47,0.975,1,no,pending,yes
kha-n1906-000762,khynrat,khynrat,adverb,word,"in a hurry, while in a state of confusion, [as, ""uphet bad iehnoh khynrat ia la ki tiar baroh.""]",47,0.975,1,no,pending,yes
kha-n1906-000764,khynwin,khynwin,verb,word,to be boisterous or tumultuous.,47,0.975,1,no,pending,yes
kha-n1906-000765,khyrdep,khyrdep,verb,word,"to shut or slam (a door) without fastening it. Khyrdong, -w, n. what remains after the grain has been sifted.",47,0.975,1,no,pending,yes
kha-n1906-000766,khyrdop,khyrdop,noun,word,"a gate, a portal.",47,0.975,1,no,pending,yes
kha-n1906-000769,khyrwain kino- kino khyrwain,khyrwain kino- kino khyrwain,adverb,phrase,"tall and handsome (in stature) ; [as, "" ii briew nba bha brieAV khyrwatu'']. [/mit. khynvaiii-khyrweh.]",47,0.975,1,no,pending,yes
kha-n1906-000768,khyrwang,khyrwang,noun,word,a kind of eri cloth with red and white stripes ; the name of a Bhoi tribe who inhabit the country near Mynser. X Eliglisli. 40,47,0.975,1,no,pending,yes
kha-n1906-000771,khyrwiang,khyrwiang,verb,word,to go round.,48,0.975,1,no,pending,yes
kha-n1906-000772,khyrwit,khyrwit,verb,word,"to strike, to beat forcibly (with a stick). Ki, art. pi. they.",48,0.975,1,no,pending,yes
kha-n1906-002250,ki ja,ki ja,pronoun,phrase,bad ki Rus. ki la ialeh fnarkti ha,144,0.975,1,no,pending,yes
kha-n1906-000805,ki tum-ki-tam,ki tum-ki-tam,noun,phrase,"pi. things, furniture. K'iuh, V. to be afraid of, to tremble, (same as kyiuh).",49,0.975,1,no,pending,yes
kha-n1906-001472,kia,kia,noun,word,") Giri (see Kiri.) JGospel, ka, n, the Gospel.",87,0.975,1,no,pending,yes
kha-n1906-002458,kiai,kiai,noun,word,"solder for tin utensils ; lead. fNiam, ka, n. religion, religious usages, customs. Niam-kn-rukoin, ka. n. religious cnstoms'and ceremonies, I^iamra, ka, n. an abyss, a hole ; khyndai pateng niamra — hell.",158,0.975,1,no,pending,yes
kha-n1906-000773,kiak-kiak,kiak-kiak,adverb,reduplication,titteriugly.,48,0.975,1,no,pending,yes
kha-n1906-000775,kiar,kiar,verb,word,"to avoid, to keep clear of. K'iar (jain ), t;. to spread over, to extend., same as kyiar,",48,0.975,1,no,pending,yes
kha-n1906-000776,kiat,kiat,adjective,word,"rebellious, wayward.",48,0.975,1,no,pending,yes
kha-n1906-000778,kiaw-ngap,kiaw-ngap,noun,compound,"queen-bee. Xie, 'u. to be carried away by water ; to drift . Kie-berong, 'd. to be entirely in the power of (bad sense).",48,0.975,1,no,pending,yes
kha-n1906-000774,kidd,kidd,noun,word,"liquor. \Imit. ka kiad-ka um.] Kian, ka^ n. a charm, a magic ; keenness of intelect.",48,0.975,1,no,pending,yes
kha-n1906-000781,kiei-kiei,kiei-kiei,noun,reduplication,"things, articles. Kiew, V. to ascend, to go up.",48,0.975,1,no,pending,yes
kha-n1906-000780,kiel,kiel,pronoun,word,who ? what ? •,48,0.975,1,no,pending,yes
kha-n1906-000779,kieng,kieng,verb,word,"to wear across the shoulder or about the waist as weapons, to sling. Kieh, V. to be excited ; to be in an uproar.",48,0.975,1,no,pending,yes
kha-n1906-000782,kiewkhet,kiewkhet,verb,word,"to be enthroned or crowned. Kiew-langtylli, plir. to be so much carried away by flattery as to forget one's real position. King, ""v. to row ; to stir ; to be giddy (head). K'ing, u^n, a wasp, a hornet ; also spelt as kyieng. *Kil, u^ n. a vakil, a pleader. Ki'n, phf. they will. {Hi + yn^",48,0.975,1,no,pending,yes
kha-n1906-000783,kine,kine,pronoun,word,these.,48,0.975,1,no,pending,yes
kha-n1906-000784,kino,kino,pronoun,word,which (/>/.) ?,48,0.975,1,no,pending,yes
kha-n1906-000785,kino-kino,kino-kino,pronoun,reduplication,"any. * Hindi. 41 RIR KJAP-KA STAr. Kir, V. to strike with a clenched hand (especially vertically) ; — adv. at once (as, ""la khie katlima kir""). *Kirani, ?i. an",48,0.975,1,no,pending,yes
kha-n1906-000787,kir-kir,kir-kir,adverb,reduplication,very tender.,49,0.975,1,no,pending,yes
kha-n1906-000788,kiri,kiri,noun,word,the title of a king's son (also spelt Giri).,49,0.975,1,no,pending,yes
kha-n1906-000789,kirniit,kirniit,noun,word,"an agreement. fKiro, ka n. a cloth measurement =2^ inches.",49,0.975,1,no,pending,yes
kha-n1906-000790,kismis,kismis,noun,word,a raisin.,49,0.975,1,no,pending,yes
kha-n1906-000794,kit-bru,kit-bru,noun,compound,an owl.,49,0.975,1,no,pending,yes
kha-n1906-000799,kit-iapar,kit-iapar,noun,compound,a very heavy load; {lit. to carry so much as i& make one walk on all fours).,49,0.975,1,no,pending,yes
kha-n1906-000792,kitab,kitab,noun,word,a book.,49,0.975,1,no,pending,yes
kha-n1906-000793,kitai,kitai,pronoun,word,those (in sight but farther off).,49,0.975,1,no,pending,yes
kha-n1906-000797,kitei,kitei,pronoun,word,up there ; those ; above mentioned.,49,0.975,1,no,pending,yes
kha-n1906-000798,kithie,kithie,pronoun,word,those (below) ; down there ; the following.,49,0.975,1,no,pending,yes
kha-n1906-000800,kitjingkit,kitjingkit,verb,word,"to carry loads, [/mif. kitjingkit-bahjingbah.]",49,0.975,1,no,pending,yes
kha-n1906-000801,kitjingmut,kitjingmut,verb,word,"to have the meaning of ; to bear the meaning of,",49,0.975,1,no,pending,yes
kha-n1906-000795,kitkhia,kitkhia,verb,word,to take deep interest in ; to be responsible for.,49,0.975,1,no,pending,yes
kha-n1906-000796,kitkhlieh,kitkhlieh,verb,word,to be responsible for.,49,0.975,1,no,pending,yes
kha-n1906-000802,kitnong,kitnong,verb,word,"to carry a load for hire. [Imif :. kitnong-kitni.] Kito, p, those (in sight).",49,0.975,1,no,pending,yes
kha-n1906-000803,kitpop or kitpap,kitpop or kitpap,verb,phrase,to be responsible for one's wrong doing.,49,0.975,1,no,pending,yes
kha-n1906-000804,kitram,kitram,verb,word,to be in debt.,49,0.975,1,no,pending,yes
kha-n1906-000806,kjai,kjai,adverb,word,"well (dressed) ; — [as, '* haba ki leit khmih kai, ki da riam bha kjai.^^l Kjam, a, cold. Kjap, V. to sip, to suckle; — a. bitterly cold; — v. absorb. iKjap-ka star, ka, n. (a poojah term) part of the entrails of a fowl which is not full. * Hindi. "" | t Beugali. 42 KJAT ' KLEW Kjat, ka^ n. a foot, a leg. Kjat-sugi, ha^ n. sun's ray. Kj4ng, ad. high up, to a full height, [as, "" u kulai uba jrong hjeng ""]. Kjeh, 17. to snivel. Kjit, 7;. to suck, absorb.",49,0.975,1,no,pending,yes
kha-n1906-000807,kjit-sim,kjit-sim,noun,compound,"a disease of an arecanut which appears as small black patches in the kernel, probably caused by sucking of birds. Kj^ng-kjong, ad. lightly (as the frisking of a deer). Kjoin-kjoin, \ ad. aloft, high up. [As, "" u shong hjoin kjoiti halor KjCiin-kJLiin, J ka rynsan.""] Kjor, V. to coax, cajole. Kjuh, V. to fondle, to caress (of an animal). Kjup, V. to suck, draw in by suction. Kla (sang-), ka, n. a religious observance of a certain class of the people of the southern lowlands of the Khasi Hills, by which they abstain from all intercourse with outsiders.",50,0.975,1,no,pending,yes
kha-n1906-001205,kjrshan,kjrshan,verb,word,"to uphold, help, to support.",71,0.975,1,no,pending,yes
kha-n1906-000808,klak-klak,klak-klak,adverb,reduplication,"chatteringly. [As, ""ka briew kaba kren klak-kla'k.^^'\ Klang, V. to blaze, to flare. Klang klang, ad, glitteringly. [As, "" ha ri Dkhar, ha ka por I'iur, dap da ka um klang klang.""] Klah, ka^ n. (generally used with Numeral Adjectives), a full arm's length.",50,0.975,1,no,pending,yes
kha-n1906-000809,kldi,kldi,adjective,word,"fit, suitable. KMn, V. to ford, to cross (a stream) .",50,0.975,1,no,pending,yes
kha-n1906-000812,klep,klep,adverb,word,"unawares (as, '*u hap klep ha ka thliew""). Kler, V. to go beyond the bound or limit. Klet, V. to forget, to omit.",50,0.950,1,no,pending,yes
kha-n1906-000813,klew,klew,noun,word,a peacock. X Euglish. I i 43,50,0.975,1,no,pending,yes
kha-n1906-000814,klew-klew kmie-san klew-klew,klew-klew kmie-san klew-klew,adverb,phrase,"glitteringly. [As, '*ioh-itaiig ki khmat ba phyrndi klew klew.""] Kli, V, to roll up.",51,0.975,1,no,pending,yes
kha-n1906-000481,klialki,klialki,noun,word,a window.,32,0.975,1,no,pending,yes
kha-n1906-000815,kliar,kliar,noun,word,the top.,51,0.975,1,no,pending,yes
kha-n1906-000816,kliaw,kliaw,adverb,word,"steadfastly, unremitlingly (of small eyes), as, khmili k^iaw.",51,0.975,1,no,pending,yes
kha-n1906-000817,kling-lingling,kling-lingling,adverb,compound,"all oyer, [as, "" ka madan kaba la dap da ka um kling-lingling'' ^'\. Klim, V. to commit adultery. Klit (jing), ka^ n. sleight of hands : — ad. very quickly, [as, leh klif\ Kliw-kliw, (ioDg), ad. rery (black). [As, "" ki Negro ki long ki briew kiba iong-synfiia kliw kliw.'*] Klong, w, w. the heart; a bottle-gourd. [Imit. u klong-u skaw.] Kloh, V. to push the hand into a hole.",51,0.975,1,no,pending,yes
kha-n1906-000661,kliongweng,kliongweng,adjective,word,like a part of the circumference.,42,0.975,1,no,pending,yes
kha-n1906-000708,kliuid,kliuid,adjective,word,"clean, lioly.",44,0.975,1,no,pending,yes
kha-n1906-000711,kliulom,kliulom,noun,word,"a pen, a pen-holder ; a wooden sandal. """,44,0.975,1,no,pending,yes
kha-n1906-000744,kliylliat,kliylliat,noun,word,"an instrument for pounding a mixture of betel- nut, pan and lime, much used by the olcl people of the Khasi and Jaintia Hills.",46,0.975,1,no,pending,yes
kha-n1906-000770,kliyrwait,kliyrwait,verb,word,"to twist, to wring, to strangle. [Imit. khyrwait- khyrwiang.]",48,0.975,1,no,pending,yes
kha-n1906-000818,kloi,kloi,adjective,word,"ready. K16i-kl6i, ad. quickly, sharp.",51,0.975,1,no,pending,yes
kha-n1906-000819,kloi-lan,kloi-lan,adverb,compound,"very quickly ; [as, "" Nga tang shu ioh-i ia u, u la buhrih ia ka wait kloi-lan.'""'] Klop, V. to deceive, to cheat. Klum, V. to roll up, gather up, to jumble. Klim, V, to gulp, to swallow up. fKlur, ktti n. one crore. Kma, V. to wander, to roam about.",51,0.975,1,no,pending,yes
kha-n1906-000821,kmai,kmai,adverb,word,"at least, if not.,,... at all (as, "" kmai bym lah eh ruh, ai tang shi paisa"").",51,0.975,1,no,pending,yes
kha-n1906-000820,kmang,kmang,adverb,word,"agape, eagerly (as, "" u ksew u peit kmang'*).",51,0.975,1,no,pending,yes
kha-n1906-000823,kmen,kmen,verb,word,"to rejoice ; — a. joyful, rejoicing \-^n. joy. Kmie, ^a, w. a mother. Kmiekha, kat n. grand-mother (father's side). Kmie-ki-kpa, ki^ n. parents. Kmie-raT' \ ^^* ^' g^^^^d-mother (mother's side). Kmie-nah, ka) n. aunt (mother's younger sister).",51,0.975,1,no,pending,yes
kha-n1906-000822,kmeng,kmeng,adverb,word,"eagerly, (as, when a dog having a long snout is looking at something).",51,0.975,1,no,pending,yes
kha-n1906-000824,kmie-san,kmie-san,noun,compound,aunt (mother's elder sister). t Bengali. ~ 6 2 u,51,0.975,1,no,pending,yes
kha-n1906-000825,kmir-kmir koit kmir-kmir,kmir-kmir koit kmir-kmir,adverb,phrase,"very (yellow) [as, "" balei ba stem kumne kmir- kmir kumba dang lali pang?""] Knang(ia), v. to make a bargain for bringing in goods to a place and at a time agreed upon. Knah, ka^ n. the cross stick in a bird-trap ; the scaffold. Kneng, (ieng), «r/. prominently. [As, ""ngaioh-iia u briew ba ti ieng kneng halor u maw.""]",52,0.975,1,no,pending,yes
kha-n1906-000826,kner,kner,verb,word,"to stretch forth a hand. Knep-knep, (jhieh-), ad. very (wet clothes). -",52,0.975,1,no,pending,yes
kha-n1906-000827,knia,knia,verb,word,to sacrifice; \Imit. kfiia^khriam]. — ha^n. maternal uncle's wife.,52,0.975,1,no,pending,yes
kha-n1906-000828,kniakha,kniakha,noun,word,"aunt (father's side.) Knia kyntiew, ka^ n. a sacrifice which the Khasis performed at home to u hlei Synteng called u Mahet. Kniah-kniah, (iaid-), ad. like the gait of a well-dressed damsel. Kni,",52,0.975,1,no,pending,yes
kha-n1906-000830,knieh,knieh,verb,word,"to snatch away, ta confiscate. \_Imit. knieh-kndn.]",52,0.975,1,no,pending,yes
kha-n1906-000831,kobja,kobja,noun,word,"a hinge. Kok, inter), there you are ! it serves you right I Kong, i, n. an elder brother or sister.",52,0.975,1,no,pending,yes
kha-n1906-000837,kohlyngkai w,kohlyngkai w,noun,phrase,the rhinoceros horn-bill.,52,0.975,1,no,pending,yes
kha-n1906-000835,kohnguh,kohnguh,verb,word,"to obey, to nod, to acknowledge.",52,0.975,1,no,pending,yes
kha-n1906-000836,kohnguh-samthiah,kohnguh-samthiah,verb,compound,to be drowsy; sleepy; to nod (in sleep).,52,0.975,1,no,pending,yes
kha-n1906-000838,koi,koi,noun,word,"a fence in the bed of a stream to catch fish, a weir. *K6id, V. to confine.",52,0.975,1,no,pending,yes
kha-n1906-000839,koidi,koidi,noun,word,"a prisoner. fKoina, ka, n. a virgin ;",53,0.975,1,no,pending,yes
kha-n1906-002974,koiii-ioin,koiii-ioin,adverb,compound,"full of holes ; riddled with small holes, [as, '* ba'n lait Iyer, ki tap da ka tin kaba poi roiii-roiTi.'""",194,0.975,1,no,pending,yes
kha-n1906-000841,komj,komj,adjective,word,"less, defective. fKonopad, m, n, a kind of necklace. K6p, kay n. the ear (of corn), the cover ; the cuff. *K6p, V. to vaunt ; to be proud of ; to challenge. {Imit. kop-sop.] K6p, V. (followed by da) to deserve, it serves right. *K6r, ka, n. machine, an engine ; a resting place built of stones on both sides of a path ; — a, valuable, precious; — iakort to bid. Kor, «, 01. a mole cricket ; a kind of reed. K6r-k6r. (iaid), ad. to walk about like a beggar. Korbar, ^. to meddle ; — w. business, concern. \_Imit. ka korbar- ka sorbar.] Kordit, ka>i n. woe, calamity.",53,0.975,1,no,pending,yes
kha-n1906-002967,kong-jyrngum,kong-jyrngum,noun,compound,a blackish green colour.,194,0.975,1,no,pending,yes
kha-n1906-002964,kong-ka-tarasa,kong-ka-tarasa,noun,compound,"a show, a display ; tamasha,",194,0.975,1,no,pending,yes
kha-n1906-000832,kongbah,kongbah,noun,word,the eldest brother.,52,0.975,1,no,pending,yes
kha-n1906-000834,kongsan,kongsan,adjective,word,"chief, greatest. Koh, V. to give chewed food to a child \-^u^ n. an old man {fern, =ka law). K'oh, ka, 11. a concave cut at the head of an arrow to fit the bowstring. Same as kyoh.",52,0.975,1,no,pending,yes
kha-n1906-000842,kordor,kordor,adjective,word,valuable.,53,0.975,1,no,pending,yes
kha-n1906-000843,korhajir,korhajir,verb,word,"to be absent (from duty). Korni, ka^ n. a trowel. fKot, ka^ n. a paper, book ; a yard ; — v. to reach. [Imii. ka kot- ka-sla.] Kotbah, ka^ n. the Bible.",53,0.950,1,no,pending,yes
kha-n1906-000844,kot-kot,kot-kot,adjective,reduplication,"illtempered, easily provoked. Kotkudi, kUi n. a circular paper kite. Kot-sada, ka^ n. a blank paper.",53,0.975,1,no,pending,yes
kha-n1906-000845,kot-shini,kot-shini,noun,compound,"a very thin paper, generally used in makino- kites and flowers or other ornamentals. Kot-shonsia, ka^ n. blotting paper.",53,0.975,1,no,pending,yes
kha-n1906-000846,kot-thalyngka,kot-thalyngka,noun,compound,a square-kite.,53,0.975,1,no,pending,yes
kha-n1906-000847,kpa,kpa,noun,word,"a father. Kpa-kha, m, w. grandfather (paternal side).",53,0.975,1,no,pending,yes
kha-n1906-000848,kpa-hep,kpa-hep,noun,compound,grandfather (mother's side).,54,0.975,1,no,pending,yes
kha-n1906-000850,kpa-san,kpa-san,noun,compound,"uncle (father's elder brother). * Hindi. | t Bengali. 46 KPEP KREN-BYTHER Kpep, ka^ n. the burning place of a family. Kp^r, ka^ n. a garden. \_Imit. ka kper-ka phrah.] Kpieng, u^ n. a string of beads, [/mii. u kpieng-u-ksab.] Kpong, V. to excavate, make a hole ; — ». A;a, a goddess of luck. Kpoh, ka^ n. the abdomen, the stomach, family, house. Kpu, w, w. a cake, a loaf. Kpu-im,",54,0.975,1,no,pending,yes
kha-n1906-000849,kpait,kpait,noun,word,"track of an animal. Kpa-nah, w, n, step-father, uncle (father's younger brother).",54,0.975,1,no,pending,yes
kha-n1906-000852,kpu-rew,kpu-rew,noun,compound,flour.,54,0.975,1,no,pending,yes
kha-n1906-000853,kput,kput,noun,word,"revenge, vengeance. Krak (Hat-), ad. down (slip into a hole). [As, ""ka blang ka liat krak ha krem.""]",54,0.975,1,no,pending,yes
kha-n1906-000854,krad,krad,verb,word,"to scratch, to scatter ; — ad. in every direction, off, (as, "" u la phet krad^').",54,0.975,1,no,pending,yes
kha-n1906-000856,krai,krai,noun,word,a millet. — v. to spread.,54,0.975,1,no,pending,yes
kha-n1906-000857,kram,kram,adverb,word,"with a crash (fall) ; [as, ""u la kyllon kram.""] Kram-kram, ) (kylltiid-), ad. very (roomy or spacious). [As, Krum-krum, ) "" hapoh pubon ki ong ka kylluid kram-kram.""]",54,0.975,1,no,pending,yes
kha-n1906-000855,krang,krang,verb,word,"to bore, to undermine.",54,0.975,1,no,pending,yes
kha-n1906-000859,krei,krei,verb,word,to scatter.,54,0.975,1,no,pending,yes
kha-n1906-000860,kreit,kreit,noun,word,a hard durable kind of wood.,54,0.975,1,no,pending,yes
kha-n1906-000858,krek,krek,adverb,word,"suddenly, (as, "" ka ding ka la phyrnai khrek'^). Kreng-kreng, (fiiar-), ad. having big holes in a net work. [A8> ""kane ka jaifi kaba fiiar kreng-kreng.""]",54,0.975,1,no,pending,yes
kha-n1906-000861,krem,krem,noun,word,a cave. \_ImU. ka krem-ka-kroh.],54,0.975,1,no,pending,yes
kha-n1906-000862,kren,kren,verb,word,to speak. \Imit. kren-khana.],54,0.975,1,no,pending,yes
kha-n1906-000874,kren kbyllab,kren kbyllab,verb,phrase,to speak in an unusual or awkward manner. [Imit. kren kbyllah-kren kbylliang.],55,0.975,1,no,pending,yes
kha-n1906-000871,kren khnium-khnium,kren khnium-khnium,verb,phrase,to mumble. [Imit. kren khnium- khnium-kren khniam-khniam.],55,0.975,1,no,pending,yes
kha-n1906-000876,kren kunok,kren kunok,verb,phrase,to speak as a seer.,55,0.975,1,no,pending,yes
kha-n1906-000888,kren myntbi,kren myntbi,verb,phrase,to speak sarcastically.,56,0.975,1,no,pending,yes
kha-n1906-000863,kren-bein,kren-bein,verb,compound,"to revile, to abuse. {Imit. krenbein-krenkhoh.],",54,0.975,1,no,pending,yes
kha-n1906-000864,kren-bein-blei,kren-bein-blei,verb,compound,to blaspheme.,54,0.975,1,no,pending,yes
kha-n1906-000865,kren-blei,kren-blei,verb,compound,to be a spokesman for some god (spirit).,54,0.975,1,no,pending,yes
kha-n1906-000866,kren-blom-blom,kren-blom-blom,verb,reduplication,to mutter.,55,0.975,1,no,pending,yes
kha-n1906-000867,kren-bok-bok,kren-bok-bok,verb,reduplication,"to jabber. Kren-briew, {v. to be sociable ; to imitate the speech (like 'a parrot).",55,0.975,1,no,pending,yes
kha-n1906-000868,kren-bynfiiaw,kren-bynfiiaw,verb,compound,to speak in a sorrowful or mournful tone.,55,0.975,1,no,pending,yes
kha-n1906-000869,kren-byrtong,kren-byrtong,verb,compound,"to speak as a sorcerer. Kren-byther, kren-bther, v. to speak at random ; to hint at. 47",55,0.975,1,no,pending,yes
kha-n1906-000877,kren-dathew,kren-dathew,verb,compound,"to speak by pondering over tbe matter, to speak after proper deliberation.",55,0.975,1,no,pending,yes
kha-n1906-000878,kren-hangamei,kren-hangamei,verb,compound,to speak arrogantly. \_Imif. kren bangamei- kren hangapa.],55,0.975,1,no,pending,yes
kha-n1906-000879,kren-jakter,kren-jakter,verb,compound,"to talk senselessly like an intoxicated person. Kren-japnej, tj. to drawl.",55,0.975,1,no,pending,yes
kha-n1906-000880,kren-jler,kren-jler,verb,compound,to tell stories. -,55,0.975,1,no,pending,yes
kha-n1906-000881,kren-jli,kren-jli,verb,compound,to speak offensively. -,55,0.975,1,no,pending,yes
kha-n1906-000870,kren-kai kren-siar kren-k,kren-kai kren-siar kren-k,verb,phrase,"to chat, to gossip.",55,0.975,1,no,pending,yes
kha-n1906-000872,kren-khraw,kren-khraw,verb,compound,"to boast, to talk big. [Imit. kren khraw-kren hangamei.]",55,0.975,1,no,pending,yes
kha-n1906-000873,kren-khutia,kren-khutia,verb,compound,to speak about unnecessary and trifling tbings.,55,0.975,1,no,pending,yes
kha-n1906-000875,kren-kulmar,kren-kulmar,verb,compound,to speak as if one is in a confused state of mind. \_/mif. kren kulmar-kren kulmit.],55,0.975,1,no,pending,yes
kha-n1906-000882,kren-laitluid,kren-laitluid,verb,compound,to speak out freely.,55,0.975,1,no,pending,yes
kha-n1906-000883,kren-lamwir,kren-lamwir,verb,compound,to speak as one wbo is in a deranged state of mind. [Imit. kren lamwir-kren lamtbam.],55,0.975,1,no,pending,yes
kha-n1906-000884,kren-laplab,kren-laplab,verb,compound,"to speak witbout due deliberation, to overstate.",55,0.975,1,no,pending,yes
kha-n1906-000885,kren-lkbit,kren-lkbit,verb,compound,to dwell on minor or useless details.,55,0.975,1,no,pending,yes
kha-n1906-000886,kren-lyngkut,kren-lyngkut,verb,compound,to speak bluntly.,55,0.975,1,no,pending,yes
kha-n1906-000887,kren-madan,kren-madan,verb,compound,to speak whatever comes before one's mind.,55,0.975,1,no,pending,yes
kha-n1906-000889,kren-nang-ang,kren-nang-ang,verb,compound,"to have a bad tongue. [Imit. kren-nangang- kren-nangbap,]",56,0.975,1,no,pending,yes
kha-n1906-000890,kren-pankwab,kren-pankwab,verb,compound,to speak as if one courts for an evil tbing.,56,0.975,1,no,pending,yes
kha-n1906-000891,kren-patbdr,kren-patbdr,verb,compound,to speak at random or inconsiderately.,56,0.975,1,no,pending,yes
kha-n1906-000892,kren-sa,kren-sa,verb,compound,to speak sulkily.,56,0.975,1,no,pending,yes
kha-n1906-000893,kren-said-lab,kren-said-lab,verb,compound,to continue to press a point after one has been beaten in argument.,56,0.975,1,no,pending,yes
kha-n1906-000894,kren-salia,kren-salia,verb,compound,to tease. [Imit. kren-salia-kren-salait.],56,0.975,1,no,pending,yes
kha-n1906-000895,kren-satia,kren-satia,verb,compound,"to vex, to annoy.",56,0.975,1,no,pending,yes
kha-n1906-000896,kren-siar,kren-siar,verb,compound,to back-bite. 48,56,0.975,1,no,pending,yes
kha-n1906-000897,kren-sih krum kren-sih,kren-sih krum kren-sih,verb,phrase,to use indecent language. [Imit. krensih-krentla.],56,0.975,1,no,pending,yes
kha-n1906-000898,kren-tain tain,kren-tain tain,verb,phrase,"to rate, to chide.",56,0.975,1,no,pending,yes
kha-n1906-000899,kren-thala,kren-thala,verb,compound,"to speak vainly, to speak thonghtlessly. \_lmit. krenthala-krenthalein.]",56,0.975,1,no,pending,yes
kha-n1906-000900,kren-thanmla,kren-thanmla,verb,compound,"to joke, to jest. \_Imit. kren thamula-kren- thamulein.]",56,0.975,1,no,pending,yes
kha-n1906-000901,kren-thawdur,kren-thawdur,verb,compound,to speak jocosely. [Imit. kren tliawdur-kren thawdar.],56,0.975,1,no,pending,yes
kha-n1906-000904,kren-thuhkhana,kren-thuhkhana,verb,compound,to carry tales about a person. {^Iniit. kren thuh khana-kren thuh khadeh.],56,0.975,1,no,pending,yes
kha-n1906-000905,kren-thurmur,kren-thurmur,verb,compound,to speak thoughtlessly.,56,0.975,1,no,pending,yes
kha-n1906-000902,kren-tlilia,kren-tlilia,verb,compound,same as,56,0.975,1,no,pending,yes
kha-n1906-000906,kren-wai-wot,kren-wai-wot,verb,compound,to give a final and blunt answer.,56,0.975,1,no,pending,yes
kha-n1906-000907,kren-wei-briew,kren-wei-briew,verb,compound,to soliloquize.,56,0.975,1,no,pending,yes
kha-n1906-000908,kren-woh-nia,kren-woh-nia,verb,compound,"to find fault in an argument. Krep-krep, (im-), ad. fresh (as, ""u jhur u dang im krep-krep'').",56,0.975,1,no,pending,yes
kha-n1906-000909,kria,kria,verb,word,to sharpen a daw with a small piece of whet-stone.,56,0.975,1,no,pending,yes
kha-n1906-000910,kriah,kriah,noun,word,"a sieve, a basket. \_ImU. ka kriah-ka shang.] Krik-krik (phyrnai), ad. brilliantly. [iVs, "" ka rong kaba dang phyrndi krik ^/e^.""]",56,0.975,1,no,pending,yes
kha-n1906-000912,krim,krim,adverb,word,with a crash (as the fall of a wall or a tree).,57,0.975,1,no,pending,yes
kha-n1906-000911,kring-kring,kring-kring,adverb,reduplication,"sparklingly (like the surface of water); shining black, [as, "" phi sleh aiu kumne ba ka khmat ka phyrnai A?/'^«<7- kring''], < Krih, V. to spread.",56,0.975,1,no,pending,yes
kha-n1906-000913,krip-krip,krip-krip,adverb,reduplication,"twitteringly, (as, "" u khfiiang u par krip-krij)''). *Krit, ka, n, a sword.",57,0.975,1,no,pending,yes
kha-n1906-003027,krjnsun,krjnsun,noun,word,garlic.,197,0.975,1,no,pending,yes
kha-n1906-000915,kroh,kroh,noun,word,"crevices, holes. {Jmit. ka kroh-ka kram.] Krop-krop, \ (jem-) ad. like a broken egg-shell or like a ball Krup-krup, ) made of paper. Krtid, V. to scrape the earth lightly for high-land cultivation.",57,0.975,1,no,pending,yes
kha-n1906-000914,krong,krong,noun,word,a bier.,57,0.975,1,no,pending,yes
kha-n1906-000917,kruin,kruin,noun,word,a white ant.,57,0.975,1,no,pending,yes
kha-n1906-000918,krum,krum,adverb,word,"with a crash (of large things). * Hindi, 49 KSANG KSUIT Ksang, iL^ n. bile.",57,0.975,1,no,pending,yes
kha-n1906-000916,krung,krung,noun,word,"the side, the rip. \Imit. krung- ka knab.]",57,0.975,1,no,pending,yes
kha-n1906-000921,ksah,ksah,noun,word,a ring; — a. muscular.,57,0.975,1,no,pending,yes
kha-n1906-000923,ksan-rumpei,ksan-rumpei,phrase,compound,to win the case at home or when not brought before the court.,57,0.975,1,no,pending,yes
kha-n1906-000920,ksang-lbong,ksang-lbong,noun,compound,the muscle of the thigh.,57,0.975,1,no,pending,yes
kha-n1906-000919,ksangkti,ksangkti,noun,word,the arm.,57,0.975,1,no,pending,yes
kha-n1906-000924,ksar,ksar,noun,word,"a fox. Ksaw, V. to be accustomed to ; — a. to be lucky ; — ka, n. the goddess of good luck who brings in success in every enterprise, esp. in hunting animals.",57,0.975,1,no,pending,yes
kha-n1906-000925,kseb,kseb,noun,word,"a pine tree ; — u, a resinous pine wood.",57,0.975,1,no,pending,yes
kha-n1906-000926,kseh-blei,kseh-blei,noun,compound,"{Bot.) taxus haccata', a kind of pine tree.",57,0.975,1,no,pending,yes
kha-n1906-000927,ksem,ksem,noun,word,"flatus, wind.",57,0.975,1,no,pending,yes
kha-n1906-000928,ksew,ksew,noun,word,"a dog. Kshait, ka, ti. a waterfall, a cascade. Ksheit-ksheit, (lieh), adv. yqvj {\Yhite),['a>s, ""lieh ksheit-ksheit kum ka khoit-kait""].",57,0.975,1,no,pending,yes
kha-n1906-000929,kshong,kshong,noun,word,"fat next to the skin, (as, "" kshong sniang""). Kshot, V. to squeeze, to press.",58,0.975,1,no,pending,yes
kha-n1906-000930,ksi,ksi,noun,word,"louse, vermin of the head.",58,0.975,1,no,pending,yes
kha-n1906-000931,ksiang,ksiang,noun,word,an umpire ; a mediator ; a go-between.,58,0.975,1,no,pending,yes
kha-n1906-000932,ksiar,ksiar,noun,word,gold ; — a. golden.,58,0.975,1,no,pending,yes
kha-n1906-000935,ksiew,ksiew,noun,word,"a grand-child {see khun-ksiew, para-ksiew, pyrsaksiew).",58,0.975,1,no,pending,yes
kha-n1906-000936,ksiew-tun,ksiew-tun,noun,compound,a child of a grand-child.,58,0.975,1,no,pending,yes
kha-n1906-000933,ksing,ksing,noun,word,a drum. [Imit. ka ksing-ka dhah.],58,0.975,1,no,pending,yes
kha-n1906-000934,ksing-ngap,ksing-ngap,noun,compound,a bee-hive.,58,0.975,1,no,pending,yes
kha-n1906-000922,kstii,kstii,noun,word,"thread, fibre. Ksain, u. n, a maggot, a grub. Ksaid, V. to roll on the ground, to sprawl, to make an effort. Ksam, V. to claw, \_lmit. ksam-kbia.] Ksan, V. to justify, win.",57,0.975,1,no,pending,yes
kha-n1906-000938,ksuid,ksuid,noun,word,"a demon. [Imit, u ksuid-u-khrei.] Ksuit, ka^ n. matter, pus. 50 KTAK-KTAK ' KUAR Ktak-ktak, (ioni^'-), «<:?. black and aclliesiyc. [As, "" na u sh'ing solipieiig ngi lali ba'n ioh ka rong kaba long ktak-Matc.""",58,0.975,1,no,pending,yes
kha-n1906-000940,ktah-kti,ktah-kti,verb,compound,"to lay hands on. Ktait, V. to scatter about.",58,0.975,1,no,pending,yes
kha-n1906-000939,ktang,ktang,noun,word,"a bamboo pipe in which water is kept ; a chimga. Ktah, V. to loach. [Iinit. ktah-shoi.]",58,0.950,1,no,pending,yes
kha-n1906-000941,ktar-ktar,ktar-ktar,adjective,reduplication,"muddy. [As, ""ka ktieli kaba klr.{r-]dar''''",58,0.975,1,no,pending,yes
kha-n1906-000948,ktbik,ktbik,adverb,word,"still and upright [as, ""u ieng kthik''",58,0.975,1,no,pending,yes
kha-n1906-000942,ktem,ktem,noun,word,"a track (of game). Ktha, 'V. to chew ; to have a gnawing pain.",58,0.950,1,no,pending,yes
kha-n1906-000943,kthang,kthang,adjective,word,bitter.,58,0.975,1,no,pending,yes
kha-n1906-000944,kthang-kti,kthang-kti,noun,compound,one with a heavy hand {lit. bitter).,58,0.975,1,no,pending,yes
kha-n1906-000946,kthaw kurim u,kthaw kurim u,noun,phrase,a father-in-law.,58,0.975,1,no,pending,yes
kha-n1906-000947,kthem,kthem,adverb,word,"well, handsomely (dressed) [as, ""u pynnohbohkbaila noh teh Uhem kein""].",58,0.975,1,no,pending,yes
kha-n1906-000945,kthtii,kthtii,adverb,word,"w^ell (dressed) ; [as, "" u riam bha noh kthai keiil""]. Kthaw, ?/, n. a grand-father, a father-in-law.",58,0.975,1,no,pending,yes
kha-n1906-000949,kti,kti,noun,word,a hand.,59,0.950,1,no,pending,yes
kha-n1906-000950,ktiar,ktiar,noun,word,"a centipede. Ktik, V. to tickle.",59,0.975,1,no,pending,yes
kha-n1906-000366,ktidlongbneng,ktidlongbneng,verb,word,to shoot upward (with an arrow).,26,0.975,1,no,pending,yes
kha-n1906-000951,ktieh,ktieh,noun,word,mud ; paddy-field. [Imit^ ktieh-ka Iwer.],59,0.975,1,no,pending,yes
kha-n1906-000952,ktien,ktien,noun,word,"a mouth, a word. [Irnit. ka ktien-ka thylliej.] Ktub, ktuk, V. to mumble. Ktud, V. to crawl slowly and with effort as one who is helpless. Ktuk-ktuk, (iong), ad. of a dark and dirty colour, [as, "" u bricAV uba iong ktuk-ktuk^''].",59,0.975,1,no,pending,yes
kha-n1906-000954,ktui ktui,ktui ktui,adjective,phrase,very muddy or dirty (said of water or dress).,59,0.975,1,no,pending,yes
kha-n1906-000953,ktung,ktung,noun,word,a small preserved fish ; a vetch. [Imit. ka ktung- ka ktap.],59,0.975,1,no,pending,yes
kha-n1906-000955,ktur-ktur,ktur-ktur,adverb,reduplication,"like a sulphurous glow [as, ""phyrnai ktiir-ktnr']. Kuang, V. to roam about. Same as kwang. Kuah, V. to court, to wish for anything. Same as Jcicah. Kuah, (pan-), v. to court a wrong or bad thing.",59,0.975,1,no,pending,yes
kha-n1906-000957,kuar,kuar,noun,word,"a fish trap, generally put in rapids ; — u, a milkman. Same as kioar. 51",59,0.975,1,no,pending,yes
kha-n1906-000958,kubi kumno-re-kumno kubi,kubi kumno-re-kumno kubi,noun,phrase,a cabbage.,59,0.975,1,no,pending,yes
kha-n1906-000959,kublot,kublot,noun,word,a form of agreement ; a kahulyat.,59,0.975,1,no,pending,yes
kha-n1906-000960,kuboit,kuboit,noun,word,"a small case, a charm ; a talisman, amulet. *Kiibur, V. to admit , confess. Kuki, ??. tbe Kukis who are also called Radem in the Khasi and Jaintia Hills district.",59,0.975,1,no,pending,yes
kha-n1906-000962,kuda,kuda,noun,word,"a cyst. ,.. ; i",59,0.975,1,no,pending,yes
kha-n1906-000956,kudi,kudi,noun,word,areca nut. Same as kwai.,59,0.975,1,no,pending,yes
kha-n1906-000964,kudim-kudim,kudim-kudim,adjective,reduplication,"very ancient. Kudom, V. to gallop, trot.",59,0.975,1,no,pending,yes
kha-n1906-000965,kudu,kudu,adjective,word,tolerably big. •,59,0.975,1,no,pending,yes
kha-n1906-000966,kuhiw,kuhiw,adjective,word,shrewish.,59,0.975,1,no,pending,yes
kha-n1906-000967,kui,kui,noun,word,"a lynx. Kuju, ka n. a sort of flageolet made from young bamboo.",59,0.975,1,no,pending,yes
kha-n1906-000961,kukri,kukri,noun,word,"a dagger, a khukri.",59,0.975,1,no,pending,yes
kha-n1906-000968,kulai,kulai,noun,word,"a horse, a pony.",59,0.975,1,no,pending,yes
kha-n1906-000969,kulam,kulam,noun,word,"a slave. Kular, V. to promise ; — ka, n. a promise, [/mit. ka kular-ka madar.]",59,0.975,1,no,pending,yes
kha-n1906-000970,kulbut,kulbut,noun,word,an arched wooden frame used for supporting a masonry work in an arch.,60,0.975,1,no,pending,yes
kha-n1906-000971,kuli,kuli,noun,word,"a porter, a bullet, a pill.",60,0.975,1,no,pending,yes
kha-n1906-000972,kulia,kulia,noun,word,gonorrhoea {see fiiangkulia).,60,0.975,1,no,pending,yes
kha-n1906-000973,kulmar,kulmar,adverb,word,"confusedly, disorderly. [Imit. kulmar-kuhnit.]",60,0.975,1,no,pending,yes
kha-n1906-000974,kulong,kulong,adjective,word,very ancient. [_Iinit. kulong kumah ; kulong-kulong.],60,0.975,1,no,pending,yes
kha-n1906-000975,kum,kum,adverb,word,"like, as, unintentionally, [as, "" nga kuin kren bakla.""] ; — v, n. a pitcher.",60,0.975,1,no,pending,yes
kha-n1906-000976,kuman,kuman,adjective,word,sullen ; obstinate.,60,0.975,1,no,pending,yes
kha-n1906-000977,kumba,kumba,adverb,word,"as if, about, [as, "" ki briew ki don kumha 100 ne""],",60,0.975,1,no,pending,yes
kha-n1906-000978,kumjuh,kumjuh,adverb,word,"the same, all the same, [as, leh — , kren — , kam — kiimjuh\",60,0.975,1,no,pending,yes
kha-n1906-000979,kumne,kumne,adverb,word,thus ; like this.,60,0.975,1,no,pending,yes
kha-n1906-000980,kumne kumne,kumne kumne,adverb,phrase,"at once, immediately.",60,0.975,1,no,pending,yes
kha-n1906-000981,kumno,kumno,adverb,word,how ? by what means ?,60,0.975,1,no,pending,yes
kha-n1906-000982,kumno kumno,kumno kumno,adverb,phrase,"anyhow, somehow.",60,0.975,1,no,pending,yes
kha-n1906-000983,kumno-re-kumno,kumno-re-kumno,adverb,compound,somehow or other. * Hindi. [ X Euglisli. 11% 52 KUSHIA KYLLABADUR §,60,0.975,1,no,pending,yes
kha-n1906-000985,kumta,kumta,adverb,word,"like that, so, accordingly.",60,0.975,1,no,pending,yes
kha-n1906-000986,kumto,kumto,adverb,word,like that (as 1 said).,60,0.975,1,no,pending,yes
kha-n1906-000988,kumwei,kumwei,adverb,word,"otherwise, [as, nga ''ong ia u ba'n leh kumue, hynrei n leh da kumwei^^'\. Kun, V. to reserve, to hold one's breath.",60,0.975,1,no,pending,yes
kha-n1906-000989,kuna,kuna,noun,word,"a fine, an atonement. [Iniit. ka kuna-ka kait.]",60,0.975,1,no,pending,yes
kha-n1906-000990,kunai,kunai,verb,word,"to be parsimonious, to keep. [Imit. knnai-kutin.]",60,0.975,1,no,pending,yes
kha-n1906-000991,kunjari,kunjari,noun,word,a tambourine.,60,0.975,1,no,pending,yes
kha-n1906-000992,kunok,kunok,noun,word,"a seer, a Ganak. Kup, V. to put on ; attributable to some demons (in pnjali) ; — ka^ n. a suit (of clothes). \_Imit. ka kup-ka sem.] *Kupar, ka^ n. the forehead, the fate. Kupar-kad, ka^ n. an ill luck. Kur, 11. a relative (on the mother's side). [Imit. ka kur-ka kmie, u kur-u kmie, ki kur-ki kmie].",60,0.975,1,no,pending,yes
kha-n1906-000993,kura,kura,noun,word,"a European soldier. *""Kuran, ka^ n. the",61,0.975,1,no,pending,yes
kha-n1906-000995,kurat,kurat,noun,word,a saw.,61,0.975,1,no,pending,yes
kha-n1906-000996,kurattia,kurattia,noun,word,a crocodile. <,61,0.975,1,no,pending,yes
kha-n1906-000987,kurcto-kumne,kurcto-kumne,noun,compound,"persons of less importance, persons of no position.",60,0.975,1,no,pending,yes
kha-n1906-000997,kuri,kuri,noun,word,niimber=20.,61,0.975,1,no,pending,yes
kha-n1906-000998,kurim,kurim,noun,word,"a wife. [Imit. Kurim-kupai.] fKuro, ka, n. a league [used with sMP\ Kurup, V. to distrain, to confiscate, to rob. Kut, V. to come to an end, to resolve, to agree ; — ka, n. a stockade, a fort. Kut-jingmut, xi. to decide, to resolve. Kut-lad, xi. to be at one's wit's end.",61,0.975,1,no,pending,yes
kha-n1906-000984,kushia,kushia,noun,word,an eel (big kind).,60,0.975,1,no,pending,yes
kha-n1906-000999,kutok,kutok,adjective,word,very old. \Imit. kutok-kutok ;^kutok-kudim.],61,0.975,1,no,pending,yes
kha-n1906-001000,kya,kya,noun,word,"simul tree. Kylla, V. to turn, to change. Kylla-lieng, «). to capsize, to be ruined.",61,0.975,1,no,pending,yes
kha-n1906-001050,kyiijak,kyiijak,verb,word,"to express regret and surprise (by making a sound oij'k-j'k). [Imit. kynjak-kynjik.] Kynjang, ka, u. elevation, beight. Kynjab, a, lonely.",63,0.975,1,no,pending,yes
kha-n1906-001006,kylla-jain-nep,kylla-jain-nep,phrase,compound,to bo destroyed or annihilated.,61,0.975,1,no,pending,yes
kha-n1906-001007,kylla-jutang,kylla-jutang,verb,compound,"to be changing, to be capricious.",61,0.975,1,no,pending,yes
kha-n1906-001008,kylla-lyngkot,kylla-lyngkot,noun,compound,January.,61,0.975,1,no,pending,yes
kha-n1906-001010,kylla-prah,kylla-prah,verb,compound,to perform a somersault.,61,0.975,1,no,pending,yes
kha-n1906-001003,kyllain,kyllain,verb,word,"to wind, to be inconstant. [^Imit. kyllain-kyrjaw.]",61,0.975,1,no,pending,yes
kha-n1906-001004,kyllain-kyrjaw,kyllain-kyrjaw,adverb,compound,in a zigzag way.,61,0.975,1,no,pending,yes
kha-n1906-001005,kyllain-mongor,kyllain-mongor,adverb,compound,cross-legged.,61,0.975,1,no,pending,yes
kha-n1906-001001,kyllaladur,kyllaladur,noun,word,"a large bat, a flying fox. * Hindi. I t Bengali. ] § Assamese. 53",61,0.975,1,no,pending,yes
kha-n1906-001009,kyllan,kyllan,verb,word,"to rub, smear.",61,0.975,1,no,pending,yes
kha-n1906-001011,kylleng,kylleng,adverb,word,everywhere.,61,0.975,1,no,pending,yes
kha-n1906-001012,kyllep,kyllep,noun,word,"a lonely place; — a. capable of covering the whole length — ad. unknowingly. Kylli, V. to ask ; {j)liali kylU) to ask for marriage. [Imit. kylli- pyr-thew.]",61,0.975,1,no,pending,yes
kha-n1906-001013,kylliang,kylliang,adverb,word,"as a loan, in return ; — ka, n. a loan. \Imit. kylliang- palat.] Kylliang-ktien, \i. to retort. Ky]lon, V. to fall.",61,0.975,1,no,pending,yes
kha-n1906-001015,kylliiid,kylliiid,adjective,word,"plenty of space, spacious. \Imit. kylluid-kyrwa.]",62,0.975,1,no,pending,yes
kha-n1906-001014,kyllong,kyllong,adjective,word,very big.,62,0.975,1,no,pending,yes
kha-n1906-001016,kyllum,kyllum,adverb,word,"in a lumpsum, as a whole ; — v. to gather up in a heap.",62,0.975,1,no,pending,yes
kha-n1906-001017,kyllut,kyllut,adjective,word,deaf.,62,0.975,1,no,pending,yes
kha-n1906-001018,kyn-ad,kyn-ad,verb,compound,to become swollen (as a boil).,62,0.975,1,no,pending,yes
kha-n1906-001161,kyn-tid,kyn-tid,verb,compound,"to sing, to hum ; to intone ; to chant.",69,0.975,1,no,pending,yes
kha-n1906-001162,kyn-um,kyn-um,noun,compound,a brother-in-law. [Imit. u kyn-um-u iing.],69,0.975,1,no,pending,yes
kha-n1906-001019,kynbat,kynbat,noun,word,"herb, weed, medicinal plant.",62,0.975,1,no,pending,yes
kha-n1906-001023,kyndad,kyndad,noun,word,a mole.,62,0.975,1,no,pending,yes
kha-n1906-001026,kyndah-kyndong kyn-ieb kyndah-kyndong,kyndah-kyndong kyn-ieb kyndah-kyndong,noun,phrase,creek and corner.,62,0.975,1,no,pending,yes
kha-n1906-001024,kyndang,kyndang,noun,word,a string of flesh or fish ; — v. to raise or turn over as with a lever.,62,0.975,1,no,pending,yes
kha-n1906-001025,kyndang-kwah,kyndang-kwah,phrase,compound,a person who takes a fancy to what it is impossible for him to get. § Assamese.,62,0.975,1,no,pending,yes
kha-n1906-001028,kyndat,kyndat,verb,word,to push away forcibly.,62,0.975,1,no,pending,yes
kha-n1906-001029,kyndeb,kyndeb,verb,word,"to palpitate, to pant ; — ii, n. grounded corn or rice.",62,0.975,1,no,pending,yes
kha-n1906-001031,kyndiah,kyndiah,verb,word,"to abstain. Kyndiap, ■??. to be particular in collecting small things or small gain. [Imit. kyndiap-kynbiang.]",62,0.975,1,no,pending,yes
kha-n1906-001030,kyndians,kyndians,adverb,word,"distinctly, clearly, [as, "" nga ioh sngew kyndiajig liaba phi la khot""].",62,0.975,1,no,pending,yes
kha-n1906-001032,kyndiep,kyndiep,adverb,word,"like a cope, [as, *' une u maw u shong kyndiep kumba un hap""].",62,0.975,1,no,pending,yes
kha-n1906-001039,kyndiip,kyndiip,noun,word,two palm-fuls (made like a bowl).,63,0.975,1,no,pending,yes
kha-n1906-001033,kyndit,kyndit,verb,word,"to be startled, to be surprised.",62,0.975,1,no,pending,yes
kha-n1906-001034,kyndit-bynriew,kyndit-bynriew,verb,compound,"to regain consciousness, to come to oneself.",62,0.975,1,no,pending,yes
kha-n1906-001035,kyndok,kyndok,noun,word,"sulphur, a lucifer match.",62,0.975,1,no,pending,yes
kha-n1906-001036,kyndong,kyndong,noun,word,"a corner ; — ad. carefully (wrapped, said of small things as, ""u khung ia ki jain kyndong'') •,—{nong=) n. ^ villager, a person from an out of -the- way place. \Imit. kyndong-kynshrot.] Kyndoi-jakpoh, ?;. to go about from place to place in search of work or food. Kyndon, ha^ n. step, grade, shelf. \Imit. kyndon-ka kynnah.]",62,0.975,1,no,pending,yes
kha-n1906-001037,kyndop,kyndop,adverb,word,"like a small projecting coping, [as, "" i ing iba rifT 'kyndo][)'\ Kyndung, <]^(i3 carefully (wrapped, said of a load), [as, "" u bah kyndung ia lai khun""].",63,0.975,1,no,pending,yes
kha-n1906-001040,kyndrip,kyndrip,adjective,word,"over-hanging. Kyndiir, ka^ n. an oven or stove (for baking).",63,0.975,1,no,pending,yes
kha-n1906-001038,kynduh,kynduh,verb,word,"to meet with, to strike against.",63,0.975,1,no,pending,yes
kha-n1906-003008,kyngkew-u-basa u,kyngkew-u-basa u,noun,phrase,a village patron God.,196,0.975,1,no,pending,yes
kha-n1906-001041,kynha,kynha,verb,word,"to shout exaltingly, hurraing ; to surprise.",63,0.975,1,no,pending,yes
kha-n1906-001042,kynham,kynham,verb,word,to give a warning by shouting hdm-hdm.,63,0.975,1,no,pending,yes
kha-n1906-001043,kynhied,kynhied,verb,word,"to rebuke, to scold, to command.",63,0.975,1,no,pending,yes
kha-n1906-001044,kynhoi,kynhoi,verb,word,to shout by saying hoi-hoi.,63,0.975,1,no,pending,yes
kha-n1906-001045,kynhun,kynhun,noun,word,"a flock, a herd, a band, a group. Ivyn-i^n, ka, n. the breadth of a cloth.",63,0.975,1,no,pending,yes
kha-n1906-001047,kynieli,kynieli,verb,word,to take by foi'ce. Also splet kuleh.,63,0.975,1,no,pending,yes
kha-n1906-001049,kynja,kynja,noun,word,"sort, kiucl, nature ; — u^ ganja.",63,0.975,1,no,pending,yes
kha-n1906-001051,kynjai,kynjai,adverb,word,"peacefully, at ease, tranquilly.",63,0.975,1,no,pending,yes
kha-n1906-001052,kynjat,kynjat,verb,word,to kick ; — n. a pace (used with Numeral Adjective).,63,0.975,1,no,pending,yes
kha-n1906-001054,kynjib,kynjib,verb,word,"to raise one self by standing on the toes, to skip ; — ad. with a springy step, (as, iaid kynjih).",63,0.975,1,no,pending,yes
kha-n1906-001065,kynjiih,kynjiih,verb,word,to jolt ; to try (the weight or heaviness of a load).,64,0.975,1,no,pending,yes
kha-n1906-001053,kynjing,kynjing,verb,word,to be fastidious (iaid) ; — ad. carefully and on tip-toe (walk).,63,0.975,1,no,pending,yes
kha-n1906-001055,kynjlar,kynjlar,adverb,word,"with a tapering snout, (as, "" u kf0Bw uba nep ka klimut kynjlar^).",64,0.975,1,no,pending,yes
kha-n1906-001058,kynjoh,kynjoh,verb,word,"to aim at, to reach, to be ambitious.",64,0.975,1,no,pending,yes
kha-n1906-001059,kynjoh-khaskain,kynjoh-khaskain,verb,compound,"to perform a poojah ceremony before occupy- ing a newly built house ; — n. Khasi housewarming. Kynjoifi (jrong-), ad. up, aloft. , As, ""u shong kynjoin halor u hati.""]",64,0.975,1,no,pending,yes
kha-n1906-001057,kynjong,kynjong,adverb,word,"high up, on the top, (as, '' u ieng halor u mawbah kynjong').",64,0.975,1,no,pending,yes
kha-n1906-001060,kynjrait,kynjrait,verb,word,"to pull with a jerk, (as, "" u Tcynjrait ia ka kti haba ia khublei"").",64,0.975,1,no,pending,yes
kha-n1906-001061,kynjri,kynjri,noun,word,a chain.,64,0.975,1,no,pending,yes
kha-n1906-001062,kynjri-tabah,kynjri-tabah,noun,compound,a silver or gold chain worn across the shoulders.,64,0.975,1,no,pending,yes
kha-n1906-001063,kynjri-wahdong,kynjri-wahdong,noun,compound,a kind of earing.,64,0.975,1,no,pending,yes
kha-n1906-001064,kynjrot,kynjrot,verb,word,to pull off bit by bit.,64,0.975,1,no,pending,yes
kha-n1906-001066,kynjuin,kynjuin,adverb,word,"safely, aloft, (as, ""u don kynjuin halor u hati""). Kynjut, V. to pull out, to feel a throbbing pain.",64,0.975,1,no,pending,yes
kha-n1906-001056,kynjuot,kynjuot,adverb,word,"the appearance of a slender and thin woman [as, "" ka tymmen kaba jrong kynjnot""^].",64,0.975,1,no,pending,yes
kha-n1906-001067,kynjut-kti,kynjut-kti,verb,compound,to shake hand.,64,0.975,1,no,pending,yes
kha-n1906-001021,kynkhlek,kynkhlek,verb,word,"to brandish, flourish. Kynkhlok, x). to sniff or snore.",62,0.975,1,no,pending,yes
kha-n1906-001022,kynkok,kynkok,verb,word,"to crow over a person. §Kynda, n\ a.number=4 ; a rhinoceros ; a form of corporal punish- ment in the old Khasi Penal Code. \Imit. ka nar-ka kynda.]",62,0.975,1,no,pending,yes
kha-n1906-001068,kynmaw,kynmaw,verb,word,"to remember ; to recollect ; — n. awake, (as, ""ynda la shi kyvmdw hynne mynmiet nga ioh sngew ba ka lymiiar ka briew""). [^ImU. kynmaw-kyndit.] 56 KYNMAW-BYNRIEW KYNRONG SH'ING Kynmaw-bynriew, v, to regain consciousness ; to come to oneself.",64,0.975,1,no,pending,yes
kha-n1906-001069,kynnit,kynnit,adverb,word,"like a tail lifted up (as, "" ka sini ka deni kynnit ha katnat""). Kymiet, | (jrong-), ad. like a long protuberant object. [As Kyn-nut, J "" katdong kaba jroiig X-^^we^.""]",64,0.975,1,no,pending,yes
kha-n1906-001070,kynnoh,kynnoh,verb,word,"to pronounce ; to blame, to find fault with. [Imif. kynnoh-kynta.] Kyn-6i, v. to hush, to lull a child.",65,0.975,1,no,pending,yes
kha-n1906-001071,kynpha,kynpha,verb,word,to address a male as if he were a female (by using personal pronouns in the feminine gender).,65,0.975,1,no,pending,yes
kha-n1906-001072,kynphara,kynphara,verb,word,"to help, to assist.",65,0.975,1,no,pending,yes
kha-n1906-001073,kynphat,kynphat,noun,word,cotton.,65,0.975,1,no,pending,yes
kha-n1906-001074,kynphia,kynphia,verb,word,to bluster.,65,0.975,1,no,pending,yes
kha-n1906-001075,kynphot,kynphot,adverb,word,"like a fop. [As, "" u leh ialade kynpliot.'""']",65,0.975,1,no,pending,yes
kha-n1906-001076,kynphui,kynphui,verb,word,"to wish to be unlucky, (especially in arrow-shoot- ing),— a. bushy.",65,0.975,1,no,pending,yes
kha-n1906-001077,kynphuit,kynphuit,verb,word,"to spit violently, to decry.",65,0.975,1,no,pending,yes
kha-n1906-001079,kynphur,kynphur,adverb,word,"loosely, (as, "" ki mem ki riam phew kynphiir ha mg ).",65,0.975,1,no,pending,yes
kha-n1906-001080,kynplam,kynplam,verb,word,to dabble.,65,0.975,1,no,pending,yes
kha-n1906-001081,kynrad,kynrad,noun,word,"a master, a lord. . ,",65,0.975,1,no,pending,yes
kha-n1906-001083,kynran,kynran,verb,word,"to retire, to go backwards.",65,0.975,1,no,pending,yes
kha-n1906-001082,kynrang,kynrang,verb,word,"to undermine, to dig violently. Kynram, "") ad. with long horns pointing in opposite directions or Kynrem, ) with long moustaches.",65,0.975,1,no,pending,yes
kha-n1906-001085,kynrei,kynrei,adjective,word,"abundant, common.",65,0.950,1,no,pending,yes
kha-n1906-001084,kynreng,kynreng,adverb,word,"with long horns as those of a stag, obstructingly [as, "" nga ioh-ili ia u masi ba u ieng kynreng. """,65,0.975,1,no,pending,yes
kha-n1906-001087,kynriah,kynriah,verb,word,"to remove, to shift.",65,0.975,1,no,pending,yes
kha-n1906-001086,kynriang,kynriang,adjective,word,"crooked, leaning to one side.",65,0.975,1,no,pending,yes
kha-n1906-001088,kynrih,kynrih,verb,word,to sift with a sieve.,65,0.975,1,no,pending,yes
kha-n1906-001089,kynro,kynro,verb,word,to grope.,65,0.975,1,no,pending,yes
kha-n1906-001092,kynroh kynta kynroh,kynroh kynta kynroh,noun,phrase,"a wall ; — v, to build a wall. \Im%i. ka kynroh-ka kynram.]",65,0.975,1,no,pending,yes
kha-n1906-001093,kynroi,kynroi,verb,word,"to stir, agitate.",65,0.975,1,no,pending,yes
kha-n1906-001094,kynroi-prie,kynroi-prie,verb,compound,to have nausea.,65,0.975,1,no,pending,yes
kha-n1906-001090,kynrong,kynrong,verb,word,to raise oneself a little from the seat while sitting ; to prop.,65,0.975,1,no,pending,yes
kha-n1906-001091,kynrong-sh'ing,kynrong-sh'ing,verb,compound,to perform a ceremony for depositing the bones in the common ancestral cairn. 67,65,0.975,1,no,pending,yes
kha-n1906-001095,kynruh,kynruh,verb,word,"to rinse, churn, rumble, shake. \Imit. kynruh- kynrang.] Kynrum, ac?. confusedly (like debris) . \Imit. kynrum-kynram.]",66,0.975,1,no,pending,yes
kha-n1906-001096,kynrum-kynram,kynrum-kynram,noun,compound,things lying about in confusion.,66,0.975,1,no,pending,yes
kha-n1906-001097,kynrup,kynrup,verb,word,"to pounce upon, to seize.",66,0.975,1,no,pending,yes
kha-n1906-001098,kynsah,kynsah,verb,word,to strike or push with the elbow.,66,0.975,1,no,pending,yes
kha-n1906-001099,kynsai,kynsai,adjective,word,"of the best kind, selected, choice, sterling.",66,0.975,1,no,pending,yes
kha-n1906-001100,kynsan,kynsan,adverb,word,"forcibly, suddenly, [as, "" ka miaw ka kynrup kynsan trait ia ka khnai.""]",66,0.975,1,no,pending,yes
kha-n1906-001101,kynsat,kynsat,verb,word,"to insert, to stick to.",66,0.975,1,no,pending,yes
kha-n1906-001102,kynsha,kynsha,adjective,word,"lonely, horrid, dangerous.",66,0.975,1,no,pending,yes
kha-n1906-001103,kynshah,kynshah,verb,word,"to side with ; to be close to. Kynshait, v, to syringe. Kvnshdiit' \ ^^' shrewishly, [as, ""balei phi \q\i kynshdiit'kMnmQ.'*'",66,0.975,1,no,pending,yes
kha-n1906-001104,kynshew,kynshew,verb,word,"to collect, gather together ; to store up. [^Imit. ky nshew-kyndiap. ]",66,0.950,1,no,pending,yes
kha-n1906-001105,kynshin,kynshin,verb,word,to dislike eatable things.,66,0.975,1,no,pending,yes
kha-n1906-001106,kynshoit,kynshoit,verb,word,"to instigate ; to abet. Kynshriang, «. graceful, elegant (form).",66,0.975,1,no,pending,yes
kha-n1906-001107,kynshu,kynshu,verb,word,to set a dog on.,66,0.975,1,no,pending,yes
kha-n1906-001108,kynshur,kynshur,verb,word,to move forward.,66,0.975,1,no,pending,yes
kha-n1906-001110,kynsia,kynsia,verb,word,to hiss.,66,0.975,1,no,pending,yes
kha-n1906-001111,kynsit,kynsit,verb,word,to close the mouth of a pouch by drawing its thread on both sides.,66,0.975,1,no,pending,yes
kha-n1906-001112,kynslut,kynslut,verb,word,"to sniff, snuff.",66,0.975,1,no,pending,yes
kha-n1906-001113,kynsnok,kynsnok,verb,word,"to snore. *Kynta, ka^ n. hour, — v. to make an unnecessary mention of details. * Hindi. "" 58",66,0.975,1,no,pending,yes
kha-n1906-001117,kynta-lyngkor,kynta-lyngkor,noun,compound,the part of a plough from which the farmer holds and directs the plough-share.,67,0.975,1,no,pending,yes
kha-n1906-001114,kyntait kynthong kyntait,kyntait kynthong kyntait,verb,phrase,"to reject, to throw aside.",66,0.975,1,no,pending,yes
kha-n1906-001115,kyntang,kyntang,adjective,word,"consecrated, holy ; — v. to finish up the fringe of a net- work.",66,0.975,1,no,pending,yes
kha-n1906-001118,kyntar,kyntar,adverb,word,like a fox (with a drooping tail).,67,0.975,1,no,pending,yes
kha-n1906-001120,kyntcm,kyntcm,noun,word,the bed of a garden or fi.eld ; threshing floor.,67,0.975,1,no,pending,yes
kha-n1906-001119,kynteitj,kynteitj,verb,word,to speak or scold with a loud voice.,67,0.975,1,no,pending,yes
kha-n1906-001121,kyntem-uiuh-mat,kyntem-uiuh-mat,adjective,compound,"lazy, slothful, {lit. having long drooping eye-lasbes). Kvnter \ ^^' ^^^^ drooping tail like a frightened dog or fox.",67,0.975,1,no,pending,yes
kha-n1906-001123,kynthah,kynthah,verb,word,"to foment, to sear ; to sting.",67,0.975,1,no,pending,yes
kha-n1906-001124,kynthai,kynthai,adverb,word,"beautifully (clothed), [as, "" u pynnoh ia ka tdong bohkhaiia kijntliM''^ ; flowingly.",67,0.975,1,no,pending,yes
kha-n1906-001122,kynthak,kynthak,adverb,word,"lively, friskily, [as, "" ine i khynnah iba smat noh teh kynthak.^^l",67,0.975,1,no,pending,yes
kha-n1906-001125,kynthap,kynthap,verb,word,to be close to or against any object.,67,0.975,1,no,pending,yes
kha-n1906-001126,kynthei,kynthei,noun,word,female. \Im%t. kynthei-khynnah.],67,0.975,1,no,pending,yes
kha-n1906-001127,kynthem,kynthem,adverb,word,with overlapping dhoti ; flourishing. \Imit. kynthem-kynjai.],67,0.975,1,no,pending,yes
kha-n1906-001128,kynthen,kynthen,adverb,word,"with a big calf, (as, ""u Khasi u don ka khohwah kaba lieh kynthen'^).",67,0.975,1,no,pending,yes
kha-n1906-001129,kynther,kynther,verb,word,"to throw off, to shake.",67,0.975,1,no,pending,yes
kha-n1906-001130,kynther-jymbnin,kynther-jymbnin,verb,compound,"to disown a child (by a mother). Kynthet, «d violently, carelessly, [as, "" wat ju ^\\\m. kynfhet ia kaei kaei ba {?ang""] ; — v. to shake off or break off (friendship).",67,0.975,1,no,pending,yes
kha-n1906-001131,kynthew,kynthew,adverb,word,"with a long tail ; in ragged clothes, [as, "" u sim uba JL'ong u tdong kynthew.'^'",67,0.975,1,no,pending,yes
kha-n1906-001132,kynthiak,kynthiak,adverb,word,"like a well dressed little girl, [as, "" ine i khynnah iba bha briew kynthiak y]",67,0.950,1,no,pending,yes
kha-n1906-001133,kynthiap,kynthiap,adverb,word,"modestly, (as, ""i kliynnah i iengkynthiaj)'').",67,0.975,1,no,pending,yes
kha-n1906-001135,kynthlap,kynthlap,verb,word,"to flap, splasb.",68,0.975,1,no,pending,yes
kha-n1906-001137,kynthoh kyntop kyntlioh,kynthoh kyntop kyntlioh,verb,phrase,"to make a blotch or mark, to criticise ; to comment on, Kynthr^in-, } '''^' ^''^^^■^^^^' ^-""^^^ ^ ^P^^o ^nthrong:] Kyntliii, V. tc give out as decided with a view to win the game.",68,0.975,1,no,pending,yes
kha-n1906-001136,kynthong,kynthong,adverb,word,conspicuously (like a small solitary tree). 69,68,0.975,1,no,pending,yes
kha-n1906-001139,kynthun,kynthun,adverb,word,"with big, fat calves, (as, "" u biiew uba heh ka khohwah kynthun'^).",68,0.975,1,no,pending,yes
kha-n1906-001138,kynthung,kynthung,adverb,word,conspicuously (like a ])ig solitary tree).,68,0.975,1,no,pending,yes
kha-n1906-001140,kynthup,kynthup,adverb,word,"modestly, well covered, [as, "" nga ioh-i ia u shipai ba u kup la ka brandi kyntlmp""'] ; — v. to embrace, clasp, com- prise.",68,0.975,1,no,pending,yes
kha-n1906-001141,kynthur,kynthur,adverb,word,"with loose garments, (as, "" u phong ka sopti kaba kyutliur'"").",68,0.975,1,no,pending,yes
kha-n1906-001142,kynti,kynti,verb,word,"to strike with a clenched fist on the back ; — n. times, (as, shikynti^ once ; a>r kyiiH, twice) ;--ad. entirely, (as, iohkyutiy inherited) .",68,0.975,1,no,pending,yes
kha-n1906-001143,kyntiak,kyntiak,adjective,word,well-formed but small ; smart.,68,0.975,1,no,pending,yes
kha-n1906-001144,kyntiang,kyntiang,verb,word,to make a clinging noise.,68,0.975,1,no,pending,yes
kha-n1906-001146,kyntien,kyntien,noun,word,"a morsel ; a word (generally joined with numerals. Adjectives shi — , dr— , lai — ).",68,0.975,1,no,pending,yes
kha-n1906-001147,kyntiew,kyntiew,verb,word,"to lift, to impose, to promote.",68,0.975,1,no,pending,yes
kha-n1906-001149,kyntiew-iing,kyntiew-iing,verb,compound,to admit in the house. [Imit. kyntiew-iicg kyntiew-sem.],68,0.975,1,no,pending,yes
kha-n1906-001148,kyntiew-kurim,kyntiew-kurim,verb,compound,"to perform a marriage ceremony. Kyntiew-doh, ?;. to be healed (of a wound).",68,0.975,1,no,pending,yes
kha-n1906-001159,kyntiip,kyntiip,adverb,word,with a long drooping tail like that of a fox.,69,0.975,1,no,pending,yes
kha-n1906-001145,kyntik,kyntik,verb,word,"to make a dull sound, as if treading heavily on the ground.",68,0.975,1,no,pending,yes
kha-n1906-001150,kynting,kynting,verb,word,to throw upwards.,68,0.975,1,no,pending,yes
kha-n1906-001151,kyntip,kyntip,verb,word,to ask one whether he knows what one is holding or thinking about ; to disavow.,68,0.975,1,no,pending,yes
kha-n1906-001152,kyntir,kyntir,adverb,word,"with a small tail, (as, ""u khniang uba don tdong kyutlr'). Kynto, V. to urge ; press.",68,0.975,1,no,pending,yes
kha-n1906-001154,kyntoi,kyntoi,adverb,word,like a small protuberance.,69,0.975,1,no,pending,yes
kha-n1906-001155,kyntoit,kyntoit,noun,word,"a cluster of houses, a village, a quarter. [Tmit, kyntoit-kyntiaj.] Kynton, v, to heave i-^ka, n. a heap, a mound, earthen wall. Kyntop (jrong-), ad. like a pig tail. [As, "" ki Blue-jac/cefs ki long ki shipai -lieng ba phong i tupia iba kyntop"".'] 60 KYNTU KYRDEM Kyntu, V. to urge, persuade.",69,0.975,1,no,pending,yes
kha-n1906-001153,kyntong,kyntong,adjective,word,"like a? hillock, [as, '* don iwei i lum iba hyntong hajan Mawsmai.""]",69,0.975,1,no,pending,yes
kha-n1906-001157,kyntui,kyntui,adverb,word,largely.,69,0.975,1,no,pending,yes
kha-n1906-001158,kyntuit,kyntuit,verb,word,"to urge (bad sense), to instigate.",69,0.975,1,no,pending,yes
kha-n1906-001156,kyntung,kyntung,adjective,word,"like a hill or mound, [as, "" don uwei u marok uba kyntmig hangtai.""]",69,0.975,1,no,pending,yes
kha-n1906-001160,kyntur,kyntur,verb,word,to push with the nose ; to burrow.,69,0.975,1,no,pending,yes
kha-n1906-001163,kyoh,kyoh,noun,word,{vide k'oh).,69,0.975,1,no,pending,yes
kha-n1906-001165,kyr-ah,kyr-ah,adjective,compound,ring-shaped (like the ring seen in the tail of a rattle- snake).,69,0.975,1,no,pending,yes
kha-n1906-001166,kyr-an,kyr-an,adjective,compound,short but stout.,69,0.975,1,no,pending,yes
kha-n1906-001164,kyr-ang,kyr-ang,verb,compound,to crack. Saw kyrang^ reddish.,69,0.975,1,no,pending,yes
kha-n1906-001184,kyr-eit,kyr-eit,adjective,compound,"vain, foppish.",70,0.975,1,no,pending,yes
kha-n1906-001192,kyr-iah,kyr-iah,verb,compound,"to cut a fish horizontally at short intervals for frying or cooking ; to cut at short intervals. Kyr-iap, "") ad, standing like a diseased fowl. [As, "" balei utai u Kyr-iep, j 'khar-kaw u ieng kyriap ha lyeit dieng ?""]",70,0.975,1,no,pending,yes
kha-n1906-001193,kyr-iat,kyr-iat,verb,compound,to gnash.,71,0.975,1,no,pending,yes
kha-n1906-001194,kyr-iaw,kyr-iaw,adjective,compound,"seasoned, full-grown.",71,0.975,1,no,pending,yes
kha-n1906-001195,kyr-ih,kyr-ih,verb,compound,to turn round and round while in a sitting posture ; to turn as on a hinge.,71,0.975,1,no,pending,yes
kha-n1906-001198,kyr-ot kyrtong kyr-ot,kyr-ot kyrtong kyr-ot,adjective,phrase,"stubborn, easily provoked. KyrpiUl, V. to pray, beg, supplicate. [Imii. kyrpad-kyrpon.]",71,0.975,1,no,pending,yes
kha-n1906-001201,kyr-sa,kyr-sa,verb,compound,"to undermine, {esp. in soft earth or sand as a mola does).",71,0.975,1,no,pending,yes
kha-n1906-001167,kyrbam,kyrbam,verb,word,to bite the nether lip.,69,0.975,1,no,pending,yes
kha-n1906-001168,kyrbei,kyrbei,noun,word,a mantis.,69,0.975,1,no,pending,yes
kha-n1906-001169,kyrbeit,kyrbeit,adjective,word,"warped, distorted ; — v, to strain, to exert, \lmit. kyr- beit-kyrthing.]",69,0.975,1,no,pending,yes
kha-n1906-001176,kyrda,kyrda,verb,word,"to exert, strive, to use one's strength.",70,0.975,1,no,pending,yes
kha-n1906-001177,kyrdan,kyrdan,noun,word,"step, degree, shelf. \Imit. kyrdan-kyrnah]. Kyrdap,') ad. as if wearing something hanging, (as, **u kieng ia Kyrdep, > 'ksiim^ kyr dap"").",70,0.975,1,no,pending,yes
kha-n1906-001178,kyrdat,kyrdat,adverb,word,"dangling, (as, "" ka iarong ka sdien kyrdat ha katyr* peng"").",70,0.975,1,no,pending,yes
kha-n1906-001180,kyrdoh kyr-oh kyrdoh,kyrdoh kyr-oh kyrdoh,verb,phrase,"to exert. Kyrdon, kay n. stair, step, degree. [^Imit. ka kyrdon-ka kyrnah.]",70,0.975,1,no,pending,yes
kha-n1906-001181,kyrdot,kyrdot,adverb,word,"hangingly (like a small ball). [As, ""biin ki Khasi ki deng kyrdot da ki 'siar-tylli.""]",70,0.975,1,no,pending,yes
kha-n1906-001182,kyrduh,kyrduh,adjective,word,"needy, poor, wanting. [Jm?7. kyrduh-kyrtan.]",70,0.975,1,no,pending,yes
kha-n1906-001183,kyrdut,kyrdut,adverb,word,"like a big ball haDging. [As, "" nga ioh-i ba ka don kaba atsohkhliamg kyrdut ha ka shkor u War.""]",70,0.975,1,no,pending,yes
kha-n1906-001190,kyrhai,kyrhai,adjective,word,abundant ; — ad. abundantly.,70,0.975,1,no,pending,yes
kha-n1906-001191,kyrhieh,kyrhieh,verb,word,to speak or threaten aloud like a drunkard.,70,0.975,1,no,pending,yes
kha-n1906-004093,kyrhuh,kyrhuh,verb,word,"to roar, to thundet. fwjit, V. to have the small of boiled food which has been left for a long time. Lyngknep, ka. n. the area. S'HILLONG : Printed and published by E. Hili, Superintendent, Eastern Bengal and Assam Secretariat Printing Office : (Genl.) No. 475 — 500—26.1-1906. FOURTEEN DAY USE RETURN TO DESK FROM WHICH BORROWED This book is due on the last date stamped below, or on the date to which renewed. Renewed books are subject to immediate recall. U3o'55EO >ij L 2 2 1975 I l5Apr'6W ST/^ ;KS ~m^'^ Rt£C'D LtF f'i; 15:64 -9 PM j2m^g^:^C^^ A^ \j.V' ^# ^ Dueendo?^NTtR Quarter subject to f§<;fi>^i ^^*^r FEB S^^* RFC niR. JUL 20 7. OCT 2 3 ^00» LD 21-100m-2,'55 (B139s22)476 General Library University of California Berkeley U.C.BERKELEY LIBRARIES CD^7DD^^al",271,0.975,1,no,pending,yes
kha-n1906-001170,kyrkait,kyrkait,verb,word,"to shout exultingly. Kyrkhah, ha^ n. phlegm ; — v. to clear the throat,",69,0.975,1,no,pending,yes
kha-n1906-001171,kyrkhait,kyrkhait,verb,word,"to gnaw with zest. Kyrkhoit, ha^ n. a cartilage.",69,0.975,1,no,pending,yes
kha-n1906-001172,kyrkhu,kyrkhu,verb,word,"to bless ; to produce a particular sound {khu), [/mit. kyrkhu-kyrdoh.]",69,0.975,1,no,pending,yes
kha-n1906-001173,kyrkieh,kyrkieh,verb,word,to be in a hurry ; — ad. hastily. [Imit. kyrkieh-kyrda.],69,0.975,1,no,pending,yes
kha-n1906-001174,kyrking,kyrking,adverb,word,"like a small connecting link or portion between two large bodies ; slender (as, ka "" Isthmus Panama ka sah sa kyr- king''). JKyrkit, kat n. a cricket, play-ground.",70,0.975,1,no,pending,yes
kha-n1906-001175,kyrkoh,kyrkoh,verb,word,to crow over a person.,70,0.975,1,no,pending,yes
kha-n1906-001196,kyrmen,kyrmen,verb,word,to hope.,71,0.975,1,no,pending,yes
kha-n1906-001197,kyrn,kyrn,adverb,word,"in the same place, [as, "" u shu shonff kyrndi haiuh hi.""] . t> ^ J Kyrni, a. addicted to, accustomed to. Kyrniom, v, to roll up (like a cloth when washed) ; to spoil by rough handling. Kyrnot, a, stubborn, hard, lasting. Kyr-oh, V, to carve in a concave shape, (as the head of an arrow to fit the bow-string). 62",71,0.975,1,no,pending,yes
kha-n1906-001185,kyrngah,kyrngah,verb,word,to sLake the head as a sign of disapproval ; to be nnwiUing; to decline. \^lmit. kyrngah-kyrngang.],70,0.975,1,no,pending,yes
kha-n1906-001187,kyrngaid,kyrngaid,verb,word,to eat with zest.,70,0.975,1,no,pending,yes
kha-n1906-001186,kyrngang,kyrngang,adverb,word,like a lonely boy or truant.,70,0.975,1,no,pending,yes
kha-n1906-001188,kyrngem,kyrngem,noun,word,"a fruit-pigeon. Kyrngiang, ka^ n. a piece of skin of a pig with the fat adhering to it.",70,0.975,1,no,pending,yes
kha-n1906-001189,kyrngong,kyrngong,adverb,word,"like a modest boy, (as, "" u khynnah u shong tipsngi kyrngong^^).",70,0.975,1,no,pending,yes
kha-n1906-001199,kyrpang,kyrpang,adverb,word,"aside, separately ; — a. separate, set ajtart, particu- lar,",71,0.975,1,no,pending,yes
kha-n1906-001200,kyrpong,kyrpong,noun,word,the back of the house.,71,0.975,1,no,pending,yes
kha-n1906-001202,kyrsan-kyrbah,kyrsan-kyrbah,verb,compound,to call on the gods for the restoration of one's good health or prosperity.,71,0.975,1,no,pending,yes
kha-n1906-001203,kyrsan-rngiew,kyrsan-rngiew,verb,compound,to call back one's good luck or life by invoking the gods.,71,0.975,1,no,pending,yes
kha-n1906-001204,kyrsbah,kyrsbah,verb,word,"tr^ put on a piece of cloth in front, (being a part of the dress of women).",71,0.975,1,no,pending,yes
kha-n1906-001206,kyrshung,kyrshung,adjective,word,"having the appearance of a wedge, (as, "" u sniang u iaid kyrshung"").",71,0.975,1,no,pending,yes
kha-n1906-001207,kyrshut,kyrshut,adjective,word,"to rub, scour.",71,0.975,1,no,pending,yes
kha-n1906-001208,kyrsia,kyrsia,verb,word,to squirt ; to spurt.,71,0.975,1,no,pending,yes
kha-n1906-001209,kyrsiew,kyrsiew,verb,word,"to call up, to wake up.",71,0.975,1,no,pending,yes
kha-n1906-001210,kyrsih,kyrsih,verb,word,"to go on the haunches, to crawl (as a child).",71,0.975,1,no,pending,yes
kha-n1906-001212,kyrsoi,kyrsoi,verb,word,"to ooze, to come out.",72,0.975,1,no,pending,yes
kha-n1906-001211,kyrsong,kyrsong,verb,word,to be swollen (like a boil) ; to come to a head.,72,0.975,1,no,pending,yes
kha-n1906-001213,kyrsuh,kyrsuh,verb,word,to poke.,72,0.975,1,no,pending,yes
kha-n1906-001214,kyrsum,kyrsum,verb,word,to wallow.,72,0.975,1,no,pending,yes
kha-n1906-001215,kyrteng,kyrteng,verb,word,"to name ; — ka, n, a name. Kyrtep, w, u. an evil-spirit who causes blindness to a man. This affliction is ascribed to the adultery of the father which is visited on his children.",72,0.975,1,no,pending,yes
kha-n1906-001217,kyrthat,kyrthat,verb,word,"to s^orawl, to writhe.",72,0.975,1,no,pending,yes
kha-n1906-001216,kyrthdi,kyrthdi,verb,word,to turn round or drive in as with an auger.,72,0.975,1,no,pending,yes
kha-n1906-001218,kyrthiaw,kyrthiaw,verb,word,to twist ; to maul.,72,0.975,1,no,pending,yes
kha-n1906-001219,kyrthom,kyrthom,verb,word,"to tread heavily on the dust or mud so as to cause damage to crops, etc.",72,0.975,1,no,pending,yes
kha-n1906-001220,kyrthup,kyrthup,verb,word,to bathe in the dust or sand (as a fowl does).,72,0.975,1,no,pending,yes
kha-n1906-001222,kyrtiah,kyrtiah,noun,word,"a wind-demon ; a storm mixed with rain. Kyrtong, u^ n. a bull, an ox ; a hero. 63",72,0.975,1,no,pending,yes
kha-n1906-001221,kyrtiang,kyrtiang,verb,word,to turii- round. ...,72,0.975,1,no,pending,yes
kha-n1906-001223,kyrtoh dad kyrtoh,kyrtoh dad kyrtoh,verb,phrase,"to leap, to curvet.",72,0.975,1,no,pending,yes
kha-n1906-001224,kyrtoh-lyndet,kyrtoh-lyndet,verb,compound,"to reboimdj to re-act. Ky.rtimg, ad. promincnlly, bulgingly ; [as, phi lah ba'n xoli-i ia u Kyllang nalor u lum Sliillong, ii tai kyrtung.'] KYrvvep' s ^^^^"" ^^^^^^ (bent), pliably; [as, "" u briew u la jem KyinYopJ ky^^^^n^-'l Kyrwat, ka^ n. a turn (of a path).",72,0.975,1,no,pending,yes
kha-n1906-001225,kyrweng,kyrweng,adverb,word,"loose. [As, "" ki Saheb ki ju phong mynmiet ka sopti kaba ki/rweng.'^]",72,0.975,1,no,pending,yes
kha-n1906-001226,kyrwiang,kyrwiang,verb,word,"to wind up, to turn round, [/mit. kyrwiang- kyrwit.] Kyrwit, ka^ n. a round, a turn.",72,0.975,1,no,pending,yes
kha-n1906-001227,kyrwoh,kyrwoh,noun,word,"a link, a ring ; aihjrwoh^ to give notice by sending round a ring made of cane or of bamboo, etc. D. !D, the fourth letter in the Khasi Alphabet. Da, (1) prep, by, with, through : (2) often used N|;o express contin- gency and to soften a command ; [as, "" haba phi shim ruh da rah biang biang ioh hap.""] (3) v. to protect.",72,0.975,1,no,pending,yes
kha-n1906-001027,kyuddr,kyuddr,verb,word,"to dismantle, break down ; — hijndai\ ad. like a wide rimmedhat or sloucli.",62,0.975,1,no,pending,yes
kha-n1906-001020,kyukaw,kyukaw,verb,word,"to shout, call out.",62,0.975,1,no,pending,yes
kha-n1906-002013,l'eit,l'eit,noun,word,"the bottom, the foot, the buttock. Same as lyeit.",129,0.975,1,no,pending,yes
kha-n1906-002028,l'er-kyrtiah,l'er-kyrtiah,noun,compound,a storm mixed with rain.,130,0.975,1,no,pending,yes
kha-n1906-002029,l'er-langthari,l'er-langthari,noun,compound,the whirlwind.,130,0.975,1,no,pending,yes
kha-n1906-002030,l'er-synrai,l'er-synrai,noun,compound,"a soft breeze which blows in autumn, let (abbrev. of klet), ad. amiss, (as, ""nga la kum kren ^let'^)—Ica^ 71. transgression, wrongs.""",130,0.975,1,no,pending,yes
kha-n1906-002040,l'hoh,l'hoh,adjective,word,"emanating bad smell (as from the hody or clothes of a dirty fellow). Lhop, a, without free access of fresh air ; close, stuffy.",131,0.975,1,no,pending,yes
kha-n1906-002067,l'iur,l'iur,noun,word,the rainy season.,132,0.975,1,no,pending,yes
kha-n1906-001952,la,la,adverb,word,"after a short time, {i.e., after the lapse of some hours.)",125,0.975,1,no,pending,yes
kha-n1906-001921,la jan,la jan,adverb,phrase,"nearly, almost.",123,0.975,1,no,pending,yes
kha-n1906-001922,la jong,la jong,pronoun,phrase,"one's own. La lah, (aux. v.) had.",123,0.975,1,no,pending,yes
kha-n1906-001899,lad,lad,noun,word,"a way, a means, a road ;— v. tobe overcareful about one's personal toilette ; to rub with the sole of the foot in token of contempt.",122,0.975,1,no,pending,yes
kha-n1906-001900,lada,lada,conjunction,word,if.,122,0.975,1,no,pending,yes
kha-n1906-001901,ladang,ladang,conjunction,word,"when, — ad. very (early), [as, La dang step-phyr- ng^p n la khie.]",122,0.975,1,no,pending,yes
kha-n1906-001902,lade,lade,pronoun,word,self.,122,0.975,1,no,pending,yes
kha-n1906-001911,lai,lai,adjective,word,"three. 'lai {abbrev. of tylldi) u, n. a rope ; (2) {abhrev. of tldi)^' — ka^ n. palm. 'lai ktang, koi^n. a kind of palm. 'lai-nili, ka^ n. Wallicliia ; a species of palm. Laiphew-jaid, plir. all sorts or kinds.",122,0.975,1,no,pending,yes
kha-n1906-001912,lain,lain,adverb,word,"very (red, like the appearance of one who is excited). Lait, y. to be free, escape ; — n. a mistake, \_hmt. ka lait-ka let.]",122,0.975,1,no,pending,yes
kha-n1906-001913,lait kylla,lait kylla,noun,phrase,violation of the sacrificial customs by omission or departure from the old usages ; violation of the ceremonial law.,123,0.975,1,no,pending,yes
kha-n1906-001915,lait-dar,lait-dar,verb,compound,"to be free to accomplish one's object,",123,0.975,1,no,pending,yes
kha-n1906-001916,lait-doh,lait-doh,verb,compound,to have a spraiu.,123,0.975,1,no,pending,yes
kha-n1906-001917,lait-ia,lait-ia,verb,compound,to be free from a period fixed for the observance of certain religious or social ceremonies.,123,0.975,1,no,pending,yes
kha-n1906-001918,lait-im,lait-im,verb,compound,to be saved.,123,0.975,1,no,pending,yes
kha-n1906-001914,lait-ksnid,lait-ksnid,verb,compound,"to be entirely free from any disagreeable connection, as from the 'grip of evil-spirits, {fmtt. lait ksiiid lait khrei).",123,0.975,1,no,pending,yes
kha-n1906-001919,lait-luid,lait-luid,verb,compound,"to be free or be at large. Lait(na), phr. except, besides.",123,0.975,1,no,pending,yes
kha-n1906-001920,laitsang,laitsang,verb,word,"to be free from a sang or taboo, — ad. nominally, outwardly; [^as, u la thied ia nga tang i sopti sala tang ba'n laitsang ; tang shi paisa laitsang u'm shym ai.] Lait-sa-i-said, />/?»'. narrowly escaped ; [as, latl-sa-i-sdid ba nga'n ur.] Lait-thaw, 2;. to be free as from an imminent danger,-— i«/)a, n. a hair-breadth escape.",123,0.975,1,no,pending,yes
kha-n1906-001896,laka,laka,adverb,word,wholesale (used with die and thiecl) ; huh la ka=iio stake money in gambling.,121,0.975,1,no,pending,yes
kha-n1906-001898,lakam,lakam,noun,word,"a bridle. 'lakud, M, n, a kind of orchid.",122,0.975,1,no,pending,yes
kha-n1906-001923,lali,lali,adjective,word,"f^lovenly, sluttish, dirty,",123,0.975,1,no,pending,yes
kha-n1906-001925,lalot laplah lalot,lalot laplah lalot,adjective,phrase,"greedy, gluttonous, selfish. \Im%t. lalot-kangar.]",123,0.975,1,no,pending,yes
kha-n1906-001926,lam,lam,verb,word,"to lead, to briug ; prefix =Z5A (as, /rtwlieh, /rt7«iong). Lama, ka^ n. flag, pennon, banner. 'laman, ;/. the Bengal tiger.",123,0.975,1,no,pending,yes
kha-n1906-001927,lamdoh,lamdoh,verb,word,"to celebrate a marriage ceremony by a feast, {esp. of pork.) \Imit. lamdoh-lamkah.]",123,0.975,1,no,pending,yes
kha-n1906-001929,lamher,lamher,adverb,word,"thoughtlessly, wastefully ; (as, wat leh lamher katba dang ioh.) \^l7nit. lamh^r-lamphut.] Lamjew, «, n, the internal part of the flesh which lines the spine.",124,0.975,1,no,pending,yes
kha-n1906-001930,lamler,lamler,verb,word,to lie. [^Imit. lamler-lambait.],124,0.975,1,no,pending,yes
kha-n1906-001931,lamphrang,lamphrang,verb,word,"to lead, to preface.",124,0.975,1,no,pending,yes
kha-n1906-001932,lamwir,lamwir,adjective,word,"mad, crazy. [Iviit. lamwir-lamtham.] Lan(iaid-), ad. without any restraint ; [as, ba'n shu iaid Idn kum phi ym i-dei.] Lkn-l^n(khuid-), ad. clearly (swept or trampled over) ; [as, ka jaka ba dem ka dngiem ka khuid lan-lan.",124,0.975,1,no,pending,yes
kha-n1906-001933,lane,lane,conjunction,word,"or, either.",124,0.950,1,no,pending,yes
kha-n1906-001903,lang,lang,adverb,word,"together, in concert ; [as, "" ngi ia khaii-pateng lang bad n""], — v. i. to congeal, to solidify, 'lano"", contr. of blang, a goat and of pJilang, grass,",122,0.975,1,no,pending,yes
kha-n1906-001910,langtati 'laliar langtati,langtati 'laliar langtati,noun,phrase,"a plant which bears a white flower like a lily ; {Bot. Liliam gigantlum). Lah, V. can, able, succeed. §Lalia, ka^ n. lac, sealing-wax.",122,0.975,1,no,pending,yes
kha-n1906-001935,lano-lano,lano-lano,adverb,reduplication,"in future, hereafter ; ever.",124,0.975,1,no,pending,yes
kha-n1906-001936,lanymwei,lanymwei,adverb,word,"hereafter, next year. \_Imit. lanymwei-lanym ar.]",124,0.975,1,no,pending,yes
kha-n1906-001937,lap,lap,verb,word,"to overtake ; — ad. in haste, inconsiderately ; [a^, ''nga la thunir lap eh ia u phan ; wat ju leh lap eh ia kaei kaei.""], — lap kaha, n. in cutting a tree a cut which is a little above the first one is called kaba lap. 'lap, {ahbrev. of slap), rain.",124,0.975,1,no,pending,yes
kha-n1906-001939,lapa-iat,lapa-iat,noun,compound,"a tree bearing small black fruits, a see-saw.",124,0.975,1,no,pending,yes
kha-n1906-001938,lapadong,lapadong,noun,word,the leaf of a certain plant.,124,0.975,1,no,pending,yes
kha-n1906-001944,laplah,laplah,adverb,word,"anticipatively, prematurely, [as, "" u briew uba leh laplah eh ia kaei kaei u kylla kaba mut kloi.""] niii LAPLIEXG(YM) LAWEI Laplieng(ym), phr. to be in too great a hurry ; [as, "" balei phi leh kum ba'm laplieng shuh.""] \Imit. laplieng-lapcUr.] Lapmiet, d. to be overtaken ])y night. \_Irnit. lapmiet-lapiong.J 'lapnaynsaw, u. w, a sun shower. Lar(ka), iu (omen in egsr divination) a piece of the broken shell lying on the right-hand side of the biggest broken central piece called ka ""lieng.""",124,0.975,1,no,pending,yes
kha-n1906-001946,lar-en,lar-en,noun,compound,a fabulous monster ; a thunderbolt.,125,0.975,1,no,pending,yes
kha-n1906-001945,larkam,larkam,adjective,word,"useful (used with the negative particle ym^ [as, kane ka ba'm larkam.'] \Iniit. larkam-larjam.]",125,0.975,1,no,pending,yes
kha-n1906-001947,laryndia,laryndia,noun,word,"castor-oil plant. La^amdoh, u, n. the demon who attacks people by bringing in swoUing of the neck and hoarseness (the patient is given to drink of the blood of the sacrificed cock or pig).",125,0.975,1,no,pending,yes
kha-n1906-001948,lasawia,lasawia,adverb,word,four days hence.,125,0.975,1,no,pending,yes
kha-n1906-001950,lashai,lashai,adverb,word,"to-morrow. ""'",125,0.975,1,no,pending,yes
kha-n1906-001951,lashai-lashisngi,lashai-lashisngi,adverb,compound,hereafter ; in future.,125,0.975,1,no,pending,yes
kha-n1906-001953,lashisngi,lashisngi,noun,word,the day after to-morrow.,125,0.975,1,no,pending,yes
kha-n1906-001954,lasiit,lasiit,adverb,word,"to-night. (Same as lasyit). |Lat, ka^ n. a feast ; — u, n. Lord, Governor General.",125,0.975,1,no,pending,yes
kha-n1906-001949,lasir,lasir,noun,word,a species of grass much used in sacrifices.,125,0.975,1,no,pending,yes
kha-n1906-001957,lat-lat,lat-lat,noun,reduplication,"a rapid, a current.",125,0.975,1,no,pending,yes
kha-n1906-001955,latai,latai,noun,word,(Hind.) a thread-roller.,125,0.975,1,no,pending,yes
kha-n1906-001956,lati,lati,adjective,word,"oily, greasy.",125,0.975,1,no,pending,yes
kha-n1906-001958,latohtih,latohtih,noun,word,"a tree planted along the edge of a garden to serve as a fence. Latom, ka^ n. a top, spinning top, peg-top.",125,0.975,1,no,pending,yes
kha-n1906-001934,lauo,lauo,adverb,word,when ?,124,0.975,1,no,pending,yes
kha-n1906-001963,law-law,law-law,adverb,reduplication,"carelessly, superficial, hasty ; [as, "" u B u long u briew uba law- law eh.""]",126,0.975,1,no,pending,yes
kha-n1906-001962,laweij,laweij,adverb,word,"hereafter, limit, lawei-lathai or lawei-la-ar.] * Hindi, % English. 112 LAW.LAW LDING(AT-)",126,0.975,1,no,pending,yes
kha-n1906-001964,lawlynnong,lawlynnong,noun,word,"a coppice, bush.",126,0.975,1,no,pending,yes
kha-n1906-001965,lbaug,lbaug,adverb,word,"with the dhoti r(;llecl up ; [as, "" u tieng ba ioh jhieh, kumta u la kyntiw",126,0.975,1,no,pending,yes
kha-n1906-001968,lboit,lboit,adverb,word,"short and naked ; [as, "" phim khriat haba phi shah lyngkhuit lboit kumne ?""]",126,0.975,1,no,pending,yes
kha-n1906-001967,lbong,lbong,noun,word,the thigh.,126,0.975,1,no,pending,yes
kha-n1906-001994,lchmynleh,lchmynleh,verb,word,"to affect to do ; to feign, to pretend.",127,0.975,1,no,pending,yes
kha-n1906-001979,ldang,ldang,adverb,word,"lying on the back and helpless (as, ""ka dohkha ka per Idang""). Ldai, ""^ Ldet,",126,0.975,1,no,pending,yes
kha-n1906-001981,ldat,ldat,adverb,word,"hanging (as a bird) ; [as, "" ka la ngat ka sim Idat ha ka shangkawiah.""] Ijding(at-), ad. lying with a swollen abdomen j [as, ""at kakpoh Iding:'] 113",127,0.975,1,no,pending,yes
kha-n1906-001982,ldui lehsang ldui,ldui lehsang ldui,adverb,phrase,"hanging (said of big things ;— as, "" u Iwai u sdien Idtii lia shiteng riat""). I Led, u, n, a lead pencil, 'leng, [abbrev. of pylleng) ka^ n. an e^^.",127,0.975,1,no,pending,yes
kha-n1906-001997,lebrit,lebrit,verb,word,to be unassuming or humble.,128,0.975,1,no,pending,yes
kha-n1906-001991,leh -eh,leh -eh,verb,phrase,"to handle roughly, to deal hard with.",127,0.975,1,no,pending,yes
kha-n1906-001992,leh-jalani,leh-jalani,verb,compound,to be fastidious regarding dress or toilette.,127,0.975,1,no,pending,yes
kha-n1906-001993,leh-mushlia,leh-mushlia,verb,compound,to meddle with. \^Imit. Leh mushlia — leh- mushlait.],127,0.975,1,no,pending,yes
kha-n1906-002005,leh-tamsa,leh-tamsa,verb,compound,to make a sliow or to have a tamasha. \_Jmit. lehtamsa-lehtamhoi.],128,0.975,1,no,pending,yes
kha-n1906-002006,leh-thamula,leh-thamula,verb,compound,"to make spDrt of ; to cut practical jokes, [/wi/. leh-thamula-leh-thamulein.] Leh-thawlir, ) , - - , -, ,•, • ^^ Leh-thawnang, j ''' *° ^^^^^ ' *°^^ somethmg odd.",128,0.975,1,no,pending,yes
kha-n1906-001990,lehdiaw,lehdiaw,verb,word,to be dejected or cast down.,127,0.975,1,no,pending,yes
kha-n1906-001988,lehkdi,lehkdi,verb,word,"to play, to make sport of.",127,0.975,1,no,pending,yes
kha-n1906-001989,lehkhynraw,lehkhynraw,verb,word,"to play a bachelor or spinster, to dress nicely like a young man or a young woman. [Iniit. lehkhynraw- lehkhyndeiil.]",127,0.975,1,no,pending,yes
kha-n1906-001995,lehnoh-ei,lehnoh-ei,adjective,compound,"vain, useless ; [as, "" ka long kaba lehnoh-ei ba'n kynjat ia ki speh ""] , — v. to waste. Leh-palat, i;. to do more than what is right or proper ; to transgress. [ImiL lehpalat-lehpaliang.] Lehrain, tj. to be ashamed of. [",128,0.975,1,no,pending,yes
kha-n1906-001998,lehroh,lehroh,verb,word,"to make a show of, — adj. pretentious, fond. [Imif- lehroh-lehmeng. ]",128,0.975,1,no,pending,yes
kha-n1906-001999,lehrong,lehrong,verb,word,"to make a display or a show of anything, [/mif. lehrong-lehrup.]",128,0.975,1,no,pending,yes
kha-n1906-002000,lehsa,lehsa,verb,word,"to be in the dumps, to sulk. Lehsaug, 2;. to do or act anything that is immoral, profane or indecent, [",128,0.975,1,no,pending,yes
kha-n1906-002002,lehse,lehse,adverb,word,"probably, j^erliaps.",128,0.975,1,no,pending,yes
kha-n1906-002003,lehsih,lehsih,verb,word,to have dirty habits ; to be untidy.,128,0.975,1,no,pending,yes
kha-n1906-002004,lehsting,lehsting,verb,word,"to make light of the matter, to be unmindful.",128,0.975,1,no,pending,yes
kha-n1906-002007,lei,lei,adverb,word,"why ? for what reason ? — ka, n. a flour paste. .",128,0.975,1,no,pending,yes
kha-n1906-002011,lei-muluk,lei-muluk,noun,compound,the goddess who takes care of a village or state.,129,0.975,1,no,pending,yes
kha-n1906-002014,leit-bar,leit-bar,verb,compound,to answer a call of nature.,129,0.975,1,no,pending,yes
kha-n1906-002015,leit-bhih,leit-bhih,verb,compound,"to go and beg. Leit-kai, -v. to go out for a walk, to go on a visit. \Imit. leitkai- leitiaid.]",129,0.975,1,no,pending,yes
kha-n1906-002019,leit-dur,leit-dur,verb,compound,"to suit, to be fit. [ImiL leitdur-leitdar.]",129,0.975,1,no,pending,yes
kha-n1906-002020,leit-hapsbop,leit-hapsbop,verb,compound,"to fall into an unlucky condition, to be unfortunate.",129,0.975,1,no,pending,yes
kha-n1906-002021,leit-ing-briew,leit-ing-briew,phrase,compound,"to get married (said of a man). T eit-lamdob, /An to celebrate a marriage ceremony by giving a feast. [I7?iit leitlamdob-leitlamkab.]",129,0.975,1,no,pending,yes
kha-n1906-002016,leit-ka-wan,leit-ka-wan,noun,compound,"journey, travel, {esp. for trading purpose.)",129,0.975,1,no,pending,yes
kha-n1906-002022,leit-lat,leit-lat,verb,compound,to enter tbe wind passage (as water when drunk).,129,0.975,1,no,pending,yes
kha-n1906-002017,leitkha-leitman,leitkha-leitman,verb,compound,"to get married (said of a man), * Hindi. 110",129,0.975,1,no,pending,yes
kha-n1906-002018,leitkhyndew lew-lit leitkhyndew,leitkhyndew lew-lit leitkhyndew,verb,phrase,to go out to answer a call of nature. [Imit. leitkhyndew-leitmynsliem.],129,0.975,1,no,pending,yes
kha-n1906-002023,leitrud,leitrud,verb,word,to go out to answer a call of nature.,129,0.975,1,no,pending,yes
kha-n1906-002025,len-len,len-len,adverb,reduplication,"smooth and bare ; [as, ""phi'n snoh phi'n, bat nangno haba khiiid len-len u maw.""]",130,0.975,1,no,pending,yes
kha-n1906-001983,lengleng,lengleng,adverb,word,"wildly, aimlessly ; [we speak of the flight of an alarmed butterfly and say — "" ka h6r leng-leng "" ; also of a poisoned fish as, "" ka jngi leng-lengr'",127,0.975,1,no,pending,yes
kha-n1906-002027,lep,lep,adverb,word,"furiously ; {as, "" u la bitar lep ia u "") ; flaringly. Ler, (1) ad. once, by chance ; [as, ""nga iohsngew ba u la pyrshang ler ba'n kem ia u,"" '* la shu lait-/^V ba'n del na ka khlieh."" (2) useless (used with the negative particle ym, as, "" kane ka jingpyrshang jong phi ka ba'm /^V ""). (3) creepingly (as a serpent does); [as, "" u bsein u la pdr ler sha sanium.""] L'er, ka^ n. wind, air. Same as lyer^ L'er-kyllang, ka^ n, a cyclone.",130,0.975,1,no,pending,yes
kha-n1906-002031,lew,lew,adverb,word,"intensely; [as, "" shit lew^^'",130,0.975,1,no,pending,yes
kha-n1906-002032,lew-lew,lew-lew,adverb,reduplication,"while it is hot (of eatables or temper). Lew-lit ! Int. beware 1 116 lngAw liat Lngaw (iw), a, havinfl^ a peculiar smell, as that of an unoccupied house. Lngen, kaha^ n. a gentle flow of a stream.",130,0.950,1,no,pending,yes
kha-n1906-002035,lhen,lhen,adverb,word,"stagnantly; [as, ""ka um ka lang",130,0.975,1,no,pending,yes
kha-n1906-002037,lhep,lhep,adverb,word,"very (oppressive or hot) ; [as, ""ka shit ihej^.'^] Lhin (hiu-), ad. completely, all over (covered with water) ; [as, ** ka um ka dap hin-lhrn.""]",130,0.975,1,no,pending,yes
kha-n1906-002038,lhieh,lhieh,adjective,word,"becoming more severe (applicable to a sore only). Lhiej, u, 11. a grass with sharp blades.",131,0.975,1,no,pending,yes
kha-n1906-002039,lhon,lhon,adverb,word,"like the water of cesspools ; [as, "" ka um ka lang llionr\",131,0.975,1,no,pending,yes
kha-n1906-002041,li,li,adverb,word,"like the smell of a fish (used with no = smell). *li, (abbrev. of dohthli), u. a small fish, (as, 7*jarang, '/esiaw, 7«por).",131,0.975,1,no,pending,yes
kha-n1906-002042,liak,liak,adverb,word,"at a glance, (as, "" nga ioh-i ia ka khmat jong u tang liak "").",131,0.975,1,no,pending,yes
kha-n1906-002045,liam,liam,adverb,word,"towering, exceedingly ; [as, "" ka rynfieng jong u ka palat liam ia kiwei baroh.""]",131,0.975,1,no,pending,yes
kha-n1906-002046,lian,lian,adverb,word,"used negatively only with 2/«*=:much more; more than ; [as, ** nga tharai ba ym lian 1,000 u briew uba khmih kai.""]",131,0.975,1,no,pending,yes
kha-n1906-002047,lian-khun,lian-khun,adjective,compound,having children one after another in a short lapse of time.,131,0.975,1,no,pending,yes
kha-n1906-002043,liang,liang,noun,word,"side, party. 'liang {abbrev. of pliang), ka, n. a plate.",131,0.975,1,no,pending,yes
kha-n1906-002048,liap-liap,liap-liap,adverb,reduplication,"lappingly ; [as, ""ka miaw ka jliah/m/-/m/ ia ka du.""]",131,0.975,1,no,pending,yes
kha-n1906-002050,liar-ngot,liar-ngot,adjective,compound,"broken, as a young bamboo; (hence) stunted, short. liiat; V. to fall through. 117 LIAT-KHUN LIR.",131,0.975,1,no,pending,yes
kha-n1906-002052,liaw,liaw,adverb,word,"for a short time (to look), glancingly; [as, *' u shu peit liaw sha nga bad u dem noh.""]",131,0.975,1,no,pending,yes
kha-n1906-003476,licual,licual,adjective,word,") Sliang, V. to thirst. Sliah, V. to detach, to take off (as a spear head from its handle) ; to denude. Slieng, V. to put on the loin cloth. Bliew, V. to blow wind into, to kindle a fire. Sloit, V. to detach off, to come off as a knife from its handle. Slor, V. to come off, as hair.",226,0.975,1,no,pending,yes
kha-n1906-002053,lieb,lieb,adverb,word,"at a glance (look) ; [as, "" nga tang shu peit lieb, nga la ihthuh ia ka jinglong jong u.""] Lied, V. to dismantle, unroof. Lieng, he, n, a boat, a ship, a canoe, [//nit. ka lieng-ka phan.] 'lieng, {contr. of khlieng), n. a kite.",131,0.975,1,no,pending,yes
kha-n1906-002057,lieh,lieh,adjective,word,white.,132,0.975,1,no,pending,yes
kha-n1906-002058,lieh-khleiii,lieh-khleiii,adjective,compound,"white, like porcelain.",132,0.975,1,no,pending,yes
kha-n1906-002059,liem,liem,verb,word,"to lie on the back (said of cowries) ; to be a match for (used with ia). Lien (iaid-), ad. like many people walking ; [as, "" u paitbah u la iaid lien sha kyrkit.""] 'liew {contr. of thliew), ka^ n. a hole.",132,0.975,1,no,pending,yes
kha-n1906-002055,liengiapom,liengiapom,noun,word,a man-of-war.,132,0.975,1,no,pending,yes
kha-n1906-002054,liengkynda,liengkynda,noun,word,"a boat, a dug-out, a canoe.",132,0.975,1,no,pending,yes
kha-n1906-002087,liib,liib,adjective,word,"moderately big, good sized; z-//^/('= attractive. JLukiar (ki), n. the 44th Gurkha Jlegiment (once the Sylhet Light Infantry). J Englieli (a corruption of tlie plxrase ""look here !""). 120",135,0.975,1,no,pending,yes
kha-n1906-002062,lilam,lilam,noun,word,auction.,132,0.975,1,no,pending,yes
kha-n1906-002063,lilipenpen,lilipenpen,adjective,word,"having nothing, empty handed.",132,0.975,1,no,pending,yes
kha-n1906-002064,lin,lin,adverb,word,"to the brim, all over, altogether ; [as, '* ka madan baroh ka la dap lin da ka um.""] Lin-lin (jlih), ad. very (smooth); [as, "" kane ka snieh ka long kaba jiih lin-lin.''] Lip, V. to go out, to be extinguished. 'Ii-p6r, n. a kind of small fish.",132,0.975,1,no,pending,yes
kha-n1906-002065,lir,lir,noun,word,"indigo, — v. to meddle.",132,0.975,1,no,pending,yes
kha-n1906-002051,lir liat-khim,lir liat-khim,verb,phrase,"to have a miscarriage. Liat-lor, to slip off, to have an abortion.",131,0.975,1,no,pending,yes
kha-n1906-002066,lir-lir,lir-lir,adverb,reduplication,"creepingly (of small things); [as, **i bsein iba rit i pai? lir -lir.""] 118 LIT LONGSHUWA-MANSHUWA Lit, V, to sharpen.",132,0.975,1,no,pending,yes
kha-n1906-002068,liw,liw,adverb,word,"sulky (to look). [As "" u pcit liw ia nga kumha u bitar eh.""] Liwliw-lawlaw (thngan-), ad. cravinglv, •ancomfortably ; [as, *'ynda la koit na kaba pang, ju thngan liwliw-lawlaw.^^\ Ljang, ""^ Ljeug, I Ljing, [ad. hanging down; [as, "" Id sdienia ka doh Ijang.^'] Ljung, J Lmang, ad. with the head cut off ; [as, "" balei phi ot pynlyngkot ia la u diengduh lmang ?""] Lmam-lmam, "") ad. full of jBlesh (as, u khunlung u sngaid Imam- Lmem-lmem, > Imam "") ; fatty. Lmum-lmum, )",132,0.975,1,no,pending,yes
kha-n1906-001969,lkai,lkai,adverb,word,"plump, (as, "" u sniang uba sngaid Ikai.'')",126,0.975,1,no,pending,yes
kha-n1906-001970,lker-lker,lker-lker,adverb,reduplication,"pulpily, [as, "" u khynnah uba sugaid lker-lker.^^'",126,0.975,1,no,pending,yes
kha-n1906-001972,lkhai,lkhai,adjective,word,"tender, delicate, not tenacious or tough. , , Lkhit, k\ n. small useless or unserviceable pieces ; atoms. \Imit. ki Ikhit-ki lkhai.]",126,0.975,1,no,pending,yes
kha-n1906-001971,lkhang,lkhang,adverb,word,"lonely, helpless, (as, "" ki iap baroh bad u sah sa marwei lkhang."")",126,0.950,1,no,pending,yes
kha-n1906-001973,lkhoit,lkhoit,adverb,word,like a small lump. .,126,0.975,1,no,pending,yes
kha-n1906-001974,lkhuit,lkhuit,adverb,word,"resembling a lump ; [as, ""u kuli tup ki Tibet u long uba tylli Ikhuii.'']",126,0.975,1,no,pending,yes
kha-n1906-001976,lko,lko,adjective,word,"utterly broken, crumbling.",126,0.975,1,no,pending,yes
kha-n1906-001977,lko-pom,lko-pom,adverb,compound,"completely, (as, "" ki la ialeh thyma ha ba'n da Ikopom."")",126,0.975,1,no,pending,yes
kha-n1906-001978,lkur-lkur,lkur-lkur,adverb,reduplication,"dumpling-like ; [as, ""une u khynnah uba sngaid Ikur-lkui'.""]",126,0.975,1,no,pending,yes
kha-n1906-001975,lkut,lkut,adverb,word,"like a log ; [as, '' u bysein uba lyngkot Ikut.^']",126,0.975,1,no,pending,yes
kha-n1906-002069,lmeh-lraeh,lmeh-lraeh,adverb,compound,"fresh, lirely ; [as, "" ka dur jong u briew uba iap mynsaw ka sliu i Imeli-lmeh hi.""] Lmet-lmet, (stem), ad. very (yellow), golden colour; [as, "" u briew uba stem bhabriew lmet-lmet.''",133,0.975,1,no,pending,yes
kha-n1906-002070,lmit-lmit,lmit-lmit,adverb,reduplication,"yellowish, (as a person suffering from liver com- plaint; [as, ""ki briew kilja don khlab ki stem lmit-lmit.''' \ Lmoin, -) ^^^ g^^^^.^ ^^, bob-tailed. Lmum, 3",133,0.950,1,no,pending,yes
kha-n1906-002033,lng,lng,adverb,word,throughout the whole length (used with shi — ).,130,0.975,1,no,pending,yes
kha-n1906-002034,lngiar,lngiar,verb,word,"to make delay, to be dilatory. Lngiej, z;. to be greasy.",130,0.975,1,no,pending,yes
kha-n1906-002079,lo-lo,lo-lo,adjective,reduplication,"superficial, shallow-minded. L'oiii (pyllon-), ad. nicely or beautifully (round). Same as lyoin, Loit, V. to untie, undo, to take off. Lop, V. to cut off, to knock down (the teeth) ; break off (said of the blade of an axe or cutting instrument). L6r, ka, n. the surface, external part. 'lor (suffix) =prematurely (as, kha^6>r=abortion).",134,0.975,1,no,pending,yes
kha-n1906-002078,loi-loi,loi-loi,adjective,reduplication,"milcl, soft-hearted, innocent.",134,0.975,1,no,pending,yes
kha-n1906-002071,lok,lok,noun,word,"a friend ; husband or wife, [/??zit. u lok-u-jor.] Long, V. is, exist, become, —ti, n. a fox-glovo. L6ng-16ng (khih-), ad. madly, wildly; [as, "" u sarong, hynrei ynda mudui ki Ijriew un sa khih long-long' ''} ; aimlessly. Long bneng (khmied), ad. upwards ; [as, "" khmih la ka lynti wat' ju khmied longhneng ioh jinthut.""]",133,0.975,1,no,pending,yes
kha-n1906-000007,londo,londo,noun,word,"(2) Vtessrs. Constable & Co.,' 16, James Street, Hay Market,",1,0.975,1,no,pending,yes
kha-n1906-002072,longbteng,longbteng,noun,word,an inheritance.,133,0.975,1,no,pending,yes
kha-n1906-002073,longbynriew,longbynriew,noun,word,humanity. \_Imif. longbynriew — manbynriew.],133,0.975,1,no,pending,yes
kha-n1906-002074,longkha,longkha,noun,word,"the goddess who presides oyer the relationship by marriage. Longkur, ka, ?i. the guardian goddess of a Im?^ (clan).",133,0.975,1,no,pending,yes
kha-n1906-002075,longra,longra,verb,word,"to grow sparsely here and there, — a. consisting o^ small hard lumps of earth.",133,0.975,1,no,pending,yes
kha-n1906-002076,longrynieng,longrynieng,noun,word,being.,133,0.975,1,no,pending,yes
kha-n1906-002077,longshuwa-manshuwa,longshuwa-manshuwa,noun,compound,"ancestor ; predecessor. 119 L'OH LUKIAR L'oh, «, 11. cloud, mist. Same as lyoh.",133,0.975,1,no,pending,yes
kha-n1906-002080,lorni,lorni,adjective,word,"meddlesome, tale-bearing. \_ImU. lorni — lorhap] ; — n. a shrike. Lot, V. to go in a hole (gambling).",134,0.975,1,no,pending,yes
kha-n1906-002081,lpa,lpa,adverb,word,"already, beforehand.",134,0.975,1,no,pending,yes
kha-n1906-002082,lpan,lpan,adverb,word,"stoutly (body) (as, u loit lyngkhuit Ipmi). Lpen,' ad. like a serpent wliile Iving, (as, "" u bseiu u dem Ipen halynti""). Lph6ng, ad^ like a small straight post or tree.",134,0.975,1,no,pending,yes
kha-n1906-002083,lphung,lphung,adverb,word,"like a big straight post or column; (as, "" ka dieng- lieng ka long ka dieng kaba belt lphung "").",134,0.975,1,no,pending,yes
kha-n1906-002084,lping,lping,adverb,word,"indolently, lazily (a?, "" u sniang uba la heh eh u shu thiah lping'""). L'sheng, "") ad. like the appearance of anything long when hun?* Lshung ) [as, "" nga ioh-i ba ki wah Isheng ia ka Ibong masi.""]* Lshuin, «. oval. Ltar, ""^ ad. at full length [as, "" ka long kaba khlem akor ba'n Lter, \ jyrtieng Iter ia ki kjat ""]. Ltir, ) Ltoin, ""J (ji'ong-), ad. loni and 'round at both ends [as, *' bun Ltiiin, > phi'n shem ki maw kiba jrong ltoin ha rud-wah ""1. Ltain, ) Luab-luab (jem.), ad. flexibly (bent), (as, '* ka kti ka kjat jono' u ka jem luah-luah "").",134,0.975,1,no,pending,yes
kha-n1906-002097,ltiin,ltiin,adjective,word,blunt.,135,0.975,1,no,pending,yes
kha-n1906-002098,ltim,ltim,noun,word,"a hill, a mountain ; outside the village.",135,0.975,1,no,pending,yes
kha-n1906-002100,ltm,ltm,noun,word,"a tadpole. Liin, w, to throw stones, to pelt with stones. Lupula, (see ^Lenpula). JAXi V. to plough; (ia-) — to woo, to court. *liir {abhrev. of khlur), — u, n. a star. Lur, V, to push forward (the firewood), 'lur-dih-duma, «, 7t. the comet. Luri-lura (ka lew-), ka, n. the market of beasts (connected with the history of the dog in Khasi folk-lore). 'lur-mangkara, u, n, the brightest star. 'lur-miet, ?(, n. the evening star.",135,0.975,1,no,pending,yes
kha-n1906-002085,luar,luar,noun,word,small bamboo string or tie.,134,0.975,1,no,pending,yes
kha-n1906-002086,luar-ding,luar-ding,noun,compound,a furnace. Same ^%.laway ding.,134,0.975,1,no,pending,yes
kha-n1906-002090,lud,lud,adjective,word,young.,135,0.975,1,no,pending,yes
kha-n1906-002092,luen,luen,adverb,word,"big and long (as, "" u bsein u dem liien'').",135,0.975,1,no,pending,yes
kha-n1906-002091,lueng,lueng,adverb,word,"like a serpent (as, "" u hseiu uba jrong lueng "").",135,0.975,1,no,pending,yes
kha-n1906-002095,lui-lui,lui-lui,adjective,reduplication,"innocent, harmless.",135,0.975,1,no,pending,yes
kha-n1906-002096,luin,luin,adverb,word,"point-blank, (as, "" u tang shu thew liiin da ka suloi, ki la khaweit"").",135,0.975,1,no,pending,yes
kha-n1906-002088,luksan lyam luksan,luksan lyam luksan,verb,phrase,"to suffer loss. Luk-u-lak,",135,0.975,1,no,pending,yes
kha-n1906-002099,lum-mangkashang,lum-mangkashang,noun,compound,"the Himalayas. Liim, I', to gather, to collect.",135,0.975,1,no,pending,yes
kha-n1906-002093,lung,lung,adjective,word,"young, tender.",135,0.975,1,no,pending,yes
kha-n1906-002094,lung-lnng-leng-ieng,lung-lnng-leng-ieng,adverb,compound,"cursorily (as, "" nga shu kbmih lung- lung-leng-leng ia ka kot jong phi ""). Liih (ia-) v, to woo.",135,0.975,1,no,pending,yes
kha-n1906-002102,lushia,lushia,verb,word,"to finger, to handle, to meddle.",135,0.975,1,no,pending,yes
kha-n1906-002103,lut,lut,adjective,word,"spent, exhausted, — ka, n. a currency note.",135,0.975,1,no,pending,yes
kha-n1906-002104,lut-phut,lut-phut,adjective,compound,"squandering \^lmit. lutphut — lut sha]. *Luta, 21, n. a goblet, a brass cup; the proboscis, the trunk (of an elephant) . Lute, 1). to spoil, to plunder.",135,0.975,1,no,pending,yes
kha-n1906-002199,lwa,lwa,noun,word,"a, vessel made of plaited canes and daubed over with India-rubber for holding liquor.",141,0.975,1,no,pending,yes
kha-n1906-002200,lwai,lwai,noun,word,"wild honey, — m, a wild bee -j-^ad. like water in a pool.",141,0.975,1,no,pending,yes
kha-n1906-002201,lwait,lwait,adjective,word,"fainting, weak.",141,0.975,1,no,pending,yes
kha-n1906-002202,lwar,lwar,noun,word,"a small bamboo tie. Lwar-ding, ka^ n, a furnace.",141,0.975,1,no,pending,yes
kha-n1906-002203,lwat-lwat,lwat-lwat,adverb,reduplication,"turning round and round ; [as, "" u khnam uba peh u laid lwat-lwat.""]",141,0.975,1,no,pending,yes
kha-n1906-002204,lwet,lwet,adjective,word,"broken, powdered, useless.",141,0.975,1,no,pending,yes
kha-n1906-002205,lwit,lwit,adjective,word,very finely broken or pounded.,141,0.975,1,no,pending,yes
kha-n1906-002206,lwoi,lwoi,adverb,word,"like a cesspool, in a small group ; [as, "" ka um ka lang, lwoi;'* ""ki shipai ki ialang shi kompaui lwoi.'*] M. M — The 12th letter of the Khasi Alphabet.",142,0.975,1,no,pending,yes
kha-n1906-002110,ly-ngang,ly-ngang,adverb,compound,"lonely, (as, '* u shong tang marwei ly-ngang ha lum."")",136,0.975,1,no,pending,yes
kha-n1906-002147,ly-ngiar,ly-ngiar,verb,compound,to be late. (Same as Ingiar).,138,0.975,1,no,pending,yes
kha-n1906-002105,lyais,lyais,adverb,word,"short and wide (as, "" u briew uba lyngkot fyaifi*^). * Hindi. 121",136,0.975,1,no,pending,yes
kha-n1906-002106,lyar lyngkot lyar,lyar lyngkot lyar,adverb,phrase,"short and round (as *'ii khiew tiba pylliin lyar"").",136,0.975,1,no,pending,yes
kha-n1906-002108,lyeit,lyeit,noun,word,"the bottom, the foot, the buttock. Lyer, ka^ n. wind, air (see also Ver).",136,0.975,1,no,pending,yes
kha-n1906-002159,lyhar,lyhar,adverb,word,carelessly and with the whole weight of the body (to sit). Same as i/i<3r.,139,0.975,1,no,pending,yes
kha-n1906-002107,lykhit,lykhit,noun,word,small nseless things or details. \_Imit. ki lykhit— ki Ikhai.l Same as Lkhit.,136,0.975,1,no,pending,yes
kha-n1906-002160,lylon,lylon,adverb,word,"like a ball (small) ; (as, "" ba'n khuai dohkha shu kli li/lon da ka ja "") . Same as JJlon, 124",139,0.975,1,no,pending,yes
kha-n1906-002161,lymbher lymun lymblier,lymbher lymun lymblier,adverb,phrase,"in a heap, (as, "" ki lum lymhheridb u 'dewiong ha madan "").",139,0.975,1,no,pending,yes
kha-n1906-002162,lymbher-tait,lymbher-tait,adverb,compound,"carelessly ; scattered about, (as, "" ki iehnoh ia kiei kiei li/ntbho'-tait''). Lymbhor. ad. like a sleepiog baby, (as, "" i khunlung i iohthiah li/mblwr."")",139,0.975,1,no,pending,yes
kha-n1906-002163,lymbiang,lymbiang,adverb,word,without any earring or ornament or handles. (Same as LynghiaJig).,139,0.975,1,no,pending,yes
kha-n1906-002164,lymbit,lymbit,noun,word,a bat ; mica.,139,0.975,1,no,pending,yes
kha-n1906-002165,lymbnep,lymbnep,adverb,word,"thickly, (covered, as with scabs or eruptive disease) ; (as, "" u niang thylliew u rben lymbnep'^).",139,0.975,1,no,pending,yes
kha-n1906-002166,lymboit,lymboit,adjective,word,"almost naked. Lymbnng. ad. in a heap or group, (as, "" ynda la lah shoh ia u kba, ki shu lum lijmhung ia u skum "").",139,0.975,1,no,pending,yes
kha-n1906-002167,lymbup,lymbup,verb,word,to push with the shoulder.,139,0.975,1,no,pending,yes
kha-n1906-002168,lymda,lymda,conjunction,word,unless.,139,0.975,1,no,pending,yes
kha-n1906-002169,lymmang,lymmang,adverb,word,"without dress or ornaments, [as, "" ka isih shibun ba'n khet noh ia u khlieh diengduh lymmang.""] Lymmen, ka. n. palm or sole deprived of wrists or toes.",139,0.975,1,no,pending,yes
kha-n1906-002170,lymmuh,lymmuh,noun,word,a branch or a twig with green leaves.,139,0.975,1,no,pending,yes
kha-n1906-002171,lympat,lympat,verb,word,"to dash to pieces, to throw down.",139,0.975,1,no,pending,yes
kha-n1906-002172,lympeh,lympeh,adverb,word,"fine and long (as, ""ka dohkha kaba lynipeH^).",140,0.975,1,no,pending,yes
kha-n1906-002173,lympen,lympen,adverb,word,"naked, destitute, listless, — n. the trunk (of a tree* etc.) Lymphiang, \i^ n. a bundle of grass dressed like a sheet for thatching.",140,0.975,1,no,pending,yes
kha-n1906-002174,lymphiar,lymphiar,adverb,word,"with the abdomen hanging down ; [as, "" ki dkhar kiba riwbha ki hiar ka kpoh li/mphiar.''~\ '""Lymphdin, ) ad. smooth, sleek ; [as, '*i khunlung iba bha briew Lymphuin, ) li/mphoin.""]",140,0.975,1,no,pending,yes
kha-n1906-002175,lymphop,lymphop,verb,word,to wash as a piece of cloth by beating on a flat stone ; to wash down.,140,0.975,1,no,pending,yes
kha-n1906-002176,lympung,lympung,noun,word,"a place or enclosure where dancing is performed, a stage.",140,0.975,1,no,pending,yes
kha-n1906-002178,lymum-lymum,lymum-lymum,adverb,reduplication,"fat, corpulent ; [as, '* u khunlung uba sngaid lymum-lymum.^' ] Jiymun, a, liking (applicable to eatable things).",140,0.975,1,no,pending,yes
kha-n1906-002180,lyndang lynti-khlieh lyndang,lyndang lynti-khlieh lyndang,adverb,phrase,on the back (to lie). [Imit.,140,0.975,1,no,pending,yes
kha-n1906-002182,lyndet,lyndet,adverb,word,"beyond, behind, — v. to transgress, to forsake.",140,0.975,1,no,pending,yes
kha-n1906-002183,lyndum,lyndum,adjective,word,"bare-headed, bald. Lynnai, ul n. a reed.",140,0.975,1,no,pending,yes
kha-n1906-002186,lynfiiar,lynfiiar,verb,word,"to cry aloud, to weep. [Imit. lynfiiar-lympat.] Lynnong, ka^ n. a portion, a chapter, — a. isolated. Lynraw (si-), u, n. a young bull or ox.",140,0.975,1,no,pending,yes
kha-n1906-002136,lyng,lyng,noun,word,full or whole length. (Same as Lynger.),137,0.975,1,no,pending,yes
kha-n1906-002111,lyng-,lyng-,adverb,compound,"short and stout (in stature) (as *' u briew uba lyng- kot hjng-dnP) i^yugai 5 ? ^^Q disappear without knowledge. Lyngba, pr. through, — ad. throughout.",136,0.975,1,no,pending,yes
kha-n1906-002109,lyng-a,lyng-a,adjective,compound,"hot, uncomfortable, uneasy [Imit. lyng-a — pisa].",136,0.975,1,no,pending,yes
kha-n1906-002149,lyng-ien,lyng-ien,adverb,compound,"half-reclining, like the walking of a big man with a big belly [as, "" u S'iem, Jc, u laid lyngien lyngien ha Sor.""]",138,0.975,1,no,pending,yes
kha-n1906-002156,lyng-iih,lyng-iih,adjective,compound,"thick, raging; densely smoky, — v. to rage (as fire). Lyng-uiu, ka^ n. the circumference.",139,0.975,1,no,pending,yes
kha-n1906-002157,lyng-ur,lyng-ur,adverb,compound,"like a big ring or ball (as "" shna ka syngwiang kaba pyllun lyng-ur'').",139,0.975,1,no,pending,yes
kha-n1906-002112,lyngbiang,lyngbiang,adjective,word,"without earrings or ornaments or handle (as, "" ka wait kaba lynghiang^').",136,0.975,1,no,pending,yes
kha-n1906-002130,lyngdhang,lyngdhang,adjective,word,shallow and flat.,137,0.975,1,no,pending,yes
kha-n1906-002132,lyngdiim,lyngdiim,adjective,word,hareheaded.,137,0.975,1,no,pending,yes
kha-n1906-002131,lyngdoh,lyngdoh,noun,word,a priest.,137,0.975,1,no,pending,yes
kha-n1906-002133,lyngdykhnr,lyngdykhnr,noun,word,a dove. Same as Lyngdkhnr.,137,0.975,1,no,pending,yes
kha-n1906-002135,lyngen,lyngen,adjective,word,"slow, gently flowing (stream). (Same as Lyngen).",137,0.975,1,no,pending,yes
kha-n1906-002134,lyngeng,lyngeng,adverb,word,"having a hig head, lonely (as "" u hriew ubaheb ka kh lieh lyngeng' ' ) . (Same as Lngeng) .",137,0.975,1,no,pending,yes
kha-n1906-002146,lynghoh-khohwah lylon lynghoh-khohwah,lynghoh-khohwah lylon lynghoh-khohwah,noun,phrase,the back part of the leg just under the knee.,138,0.975,1,no,pending,yes
kha-n1906-002148,lyngiej,lyngiej,adjective,word,oily. (Same as Ingiej).,138,0.975,1,no,pending,yes
kha-n1906-002113,lyngka,lyngka,noun,word,the name of a second day in a Khasi week ;,136,0.975,1,no,pending,yes
kha-n1906-002115,lyngkar,lyngkar,adverb,word,"without care, at random (as *' wat pyllait hjngkdr ia ki masi ioh dait u khla"").",136,0.975,1,no,pending,yes
kha-n1906-002116,lyngkdang,lyngkdang,adverb,word,"lying helpless on the back [as, "" ka dohkha ka per lyngMong.""",136,0.975,1,no,pending,yes
kha-n1906-002117,lyngkdong,lyngkdong,noun,word,the occiput ; nape of the head.,136,0.950,1,no,pending,yes
kha-n1906-002118,lyngkha,lyngkha,noun,word,a field [/mit. lyngkha — ka risai].,136,0.975,1,no,pending,yes
kha-n1906-002120,lyngkhot,lyngkhot,noun,word,a piece \Imit. ka lyngkhot— ka lyngkhai.],136,0.975,1,no,pending,yes
kha-n1906-002121,lyngkhuh,lyngkhuh,verb,word,to happen by accident ;— «. an evil spirit \Im%t. lyngkhuh-pakhiih] .,136,0.975,1,no,pending,yes
kha-n1906-002122,lyngkhuuid,lyngkhuuid,adjective,word,naked \I7nit. lyngkhuid — lyngbiang].,136,0.975,1,no,pending,yes
kha-n1906-002123,lyngki,lyngki,adjective,word,barren.,136,0.975,1,no,pending,yes
kha-n1906-002124,lyngkien,lyngkien,noun,word,"a meadow, a maidan ;•— ^. spilling all over, flow- ing, copious, — a. level with. jLyngklad, ha, n. longcloth. / Lyngknap, "") ad. like a piece of slate on the ground (as, ""ynda , Lyngkniap, > nga iit shitom nga shem ia ka tyngka kane lyng* ""^Xyngknep, j knap ha khyndew "") ; flat.",136,0.975,1,no,pending,yes
kha-n1906-002125,lyngknot,lyngknot,noun,word,"a low wooden stool. Lyngk6r, ka, n. a plough ; an anchor.",137,0.975,1,no,pending,yes
kha-n1906-002126,lyngkot,lyngkot,adjective,word,"short ; — n. a piece (used with, shi, ar, lai, etc.) * Hindi. I EngUsh. 122 LYNGKRANG LYNGNGON Lyngkrang, ^ ad. with thins^s scattered here and there (as Lyngkrangreit, ) "" phi itynnad kumno ba'n ieh noh lymjkrang ia ki-ei ki-ei?''). Lvngkrang, "") rtri. helplessly (lying on the hack), (as, ** ynda la Lyngkreng, J bn-aid u thiah lyngkrang ha siirok"").",137,0.975,1,no,pending,yes
kha-n1906-002127,lyngkut,lyngkut,adjective,word,"short, laconic ; even (numher).",137,0.975,1,no,pending,yes
kha-n1906-002128,lyngkyrneng,lyngkyrneng,noun,word,an ear ornament.,137,0.975,1,no,pending,yes
kha-n1906-002129,lyngkyrwiang,lyngkyrwiang,noun,word,"the point on the head where the hair appears to end (generally on the top) . Lyngdan, 7/r, n. (used along with u pyngrem), a nian of great influence — u. Pyngrem-u- Lyngdan, a statesman.",137,0.975,1,no,pending,yes
kha-n1906-002150,lynglit,lynglit,noun,word,a species of parrot.,138,0.975,1,no,pending,yes
kha-n1906-002151,lynglun,lynglun,noun,word,"a lump. Lyngrah, w, n, white-ants.",138,0.975,1,no,pending,yes
kha-n1906-002137,lyngngai,lyngngai,adverb,word,"in ecstasy of joy, in an unconscious state, (as, ** u la shong sngewbha hpigngai "").",137,0.975,1,no,pending,yes
kha-n1906-002139,lyngngeh,lyngngeh,adverb,word,"with the head thrown backwards, (as, ""u ioh thiah lyngngeli ha ka shuki "").",138,0.975,1,no,pending,yes
kha-n1906-002140,lyngngeit,lyngngeit,adverb,word,"with the whole weight of the body (sitting), — v. to thrust down.",138,0.975,1,no,pending,yes
kha-n1906-002141,lyngngiah,lyngngiah,adverb,word,"with the head thrown backwards, (as, "" u Ieh lymjngiah ia lade "").",138,0.975,1,no,pending,yes
kha-n1906-002145,lyngngiin,lyngngiin,adverb,word,"closely shaven (big) ; with the head exposed (65/?. to the rains); [as ""u iaid lyngngxm ha u slap khlem khein ei ei.""j 123",138,0.975,1,no,pending,yes
kha-n1906-002143,lyngngon,lyngngon,adverb,word,"closely shaven (small), [as, u khi lyngngon ia la ka khlieh.]",138,0.975,1,no,pending,yes
kha-n1906-002144,lyngngot,lyngngot,noun,word,a block of wood.,138,0.975,1,no,pending,yes
kha-n1906-002152,lyngraw,lyngraw,noun,word,a young bull.,138,0.975,1,no,pending,yes
kha-n1906-002153,lyngrom,lyngrom,adverb,word,"in a small group (standing) (as "" ki ia ieng lyng* rom ha ka juh ka jaka ""). Lyngrum-lyngram, ad, carelessly or in such a way as to obstruct the passage (as "" ki shu huh lyngrum-lyngram ia ki dieng""). Lyngskor, «, n. a Prime Minister. Lyngsnap, ' Lyngsnep, Lyngsnej, ^^ fl Lyngsniap, Lyngsnop, Lyngsnup, Lyn|kter, } «' ^^''^' ™^°^*'''*-",138,0.975,1,no,pending,yes
kha-n1906-002154,lyngthen,lyngthen,adverb,word,"bulky and without proportion, (as, "" u briew uba heh lyngthen "").",138,0.975,1,no,pending,yes
kha-n1906-002155,lyngthohdoh,lyngthohdoh,noun,word,the back of the neck.,139,0.975,1,no,pending,yes
kha-n1906-002138,lyngugam,lyngugam,noun,word,the name of the hill-tribe in the north-west of th6 Khasi Hills.,137,0.975,1,no,pending,yes
kha-n1906-002158,lyngwit,lyngwit,adverb,word,"revolvingly, (as, "" tang dei kuli, u khla u la shad lyngwit bad u kyllon artat "").",139,0.975,1,no,pending,yes
kha-n1906-002185,lynniap,lynniap,noun,word,a slice.,140,0.975,1,no,pending,yes
kha-n1906-002187,lynruh-lynram,lynruh-lynram,noun,compound,things lying disorderly.,140,0.975,1,no,pending,yes
kha-n1906-002188,lynrum,lynrum,adverb,word,"disorderly. Lynrum-lynrah, ka^ n. rubbish, a debris. Lynsher, i', to plant in, to ram in, to hurl down.",140,0.975,1,no,pending,yes
kha-n1906-002189,lynshop,lynshop,verb,word,to dash or plunge down (as a hill stream does to any floating object).,140,0.975,1,no,pending,yes
kha-n1906-002190,lynstong,lynstong,noun,word,"sward, sod, turf. Lyntang, ka^ n. a plank. [Imit. ka lyntang-ka thaboh.]",141,0.975,1,no,pending,yes
kha-n1906-002191,lyntaitj ka,lyntaitj ka,noun,phrase,the swallow.,141,0.975,1,no,pending,yes
kha-n1906-002193,lynthem,lynthem,verb,word,to throw stones (big) ; to stone ; to pelt.,141,0.950,1,no,pending,yes
kha-n1906-002194,lynther,lynther,verb,word,"to throw stones constantly at any place, to spatter,— ac?. without due consideration ; [as, kren lynther, leh lynther.^ Lynti, ka^ n, path, way, \_Imit. lynti-syngkieng] ; a trip [as, shMynti avlynti, etc.]",141,0.975,1,no,pending,yes
kha-n1906-002195,lynti-bah,lynti-bah,noun,compound,"a main path. [Imit. lynti-bah lynti-san.] Lynti-khasi, ka, n, a foot-path ; a short-cut.",141,0.975,1,no,pending,yes
kha-n1906-002196,lynti-khlieh,lynti-khlieh,noun,compound,the parting of the hair. I English. 126,141,0.975,1,no,pending,yes
kha-n1906-002197,lyntied mang lyntied,lyntied mang lyntied,verb,phrase,"to strike forcibly, to patter. Ly6in, ad. round (small) ; [as, "" ka lyn^knot kaba pyllon lyoin""]",141,0.975,1,no,pending,yes
kha-n1906-002184,lynuiang,lynuiang,noun,word,a plant the root of which is of a bitterish taste and which is eaten with pan and areca nut.,140,0.975,1,no,pending,yes
kha-n1906-002198,lyphur,lyphur,noun,word,a beam or post over which a wall-plate rests (in Khasi houses).,141,0.975,1,no,pending,yes
kha-n1906-002142,lyugngoh,lyugngoh,verb,word,to be perplexed ; to be astonished. \Imit. Lyng- ?z</o^-lyngngain.],138,0.975,1,no,pending,yes
kha-n1906-002239,m,m,adjective,word,"each, every ; — v. to grow, to thrive. Man-man,'«(^. obstinately, (as, ""balei me sngap mdn-mdn haba khot ?"")",143,0.975,1,no,pending,yes
kha-n1906-002244,m,m,noun,word,"articles, goods. \Imit. ka mar-ka mata.]",144,0.975,1,no,pending,yes
kha-n1906-002221,ma-ian,ma-ian,noun,compound,"resemblance, likeness; — a. mysterious [Imit. maian-maiot ; maian-saian,]",143,0.975,1,no,pending,yes
kha-n1906-002211,madan,madan,noun,word,"a plain, a maidan. [Imit. madan — madiah.]",142,0.975,1,no,pending,yes
kha-n1906-002212,madei-mata,madei-mata,adverb,compound,"roughly, [as "" u shu leh madei-mata tang ba'n dep""] Mang, V. to give jast enough of anything. -— -^- 127 MA-NGA MALI Ma-nga, {Pers.",142,0.975,1,no,pending,yes
kha-n1906-002215,mahadei,mahadei,noun,word,the title of a S'iem's wife ;,142,0.975,1,no,pending,yes
kha-n1906-002217,mahajon,mahajon,noun,word,"a merchant, a trader.",142,0.975,1,no,pending,yes
kha-n1906-002218,mahdm,mahdm,verb,word,"to warn. fMahet, w, n. one of the demons worshipped by the Syntengs and also by many of the Khasis. fMahu, ka, n. an ornament for the arms.",142,0.975,1,no,pending,yes
kha-n1906-002219,mahut,mahut,noun,word,"an elephant-driver. Mdi, V. to scold ; to call one by bad names. \_Imit. mai-nia, mai- tim.]",143,0.975,1,no,pending,yes
kha-n1906-002220,maia,maia,noun,word,"may a, mystery.",143,0.975,1,no,pending,yes
kha-n1906-002223,main,main,adverb,word,to the brim.,143,0.975,1,no,pending,yes
kha-n1906-002222,main,main,noun,word,"features, mien ; — ?^, a kind of fish. 'main, - {ahhrev.) of tmain), u. n. moustache.",143,0.975,1,no,pending,yes
kha-n1906-002226,mainksiar-main rupa,mainksiar-main rupa,noun,phrase,earnings sufficient to buy gold and silver.,143,0.975,1,no,pending,yes
kha-n1906-002225,mainmoh,mainmoh,noun,word,beard.,143,0.975,1,no,pending,yes
kha-n1906-002227,mait,mait,noun,word,"a mosquito ; — v. to clear, to cut off.",143,0.975,1,no,pending,yes
kha-n1906-002228,maitang,maitang,verb,word,"to declare solemnly ; to abstain from doing the like ; — ad. never ; (as, ""naduh ba ki theh um ia u, maitang um ju leit thiah shuh""). [^Imit. maitang-maitait]",143,0.975,1,no,pending,yes
kha-n1906-002229,maiun-maian,maiun-maian,adverb,compound,"faintly ; [as, "" nga shu kynmaw maiun-maian ia la ka jinglong khynnah.""]",143,0.975,1,no,pending,yes
kha-n1906-002230,maji,maji,noun,word,a sailor.,143,0.975,1,no,pending,yes
kha-n1906-002208,mak-mak,mak-mak,adverb,reduplication,"harshly, heedlessly ; [as, kren mak-mak^ leh mak- mak.]",142,0.975,1,no,pending,yes
kha-n1906-002209,makia,makia,verb,word,to beg ; to go from door to door.,142,0.975,1,no,pending,yes
kha-n1906-002210,makna,makna,adverb,word,"gratis, for nothing, used also to emphasize meaning of words, Cas, "" Lada phi kohnguh makna ruh um rat ai eiei."") Mad, V. to taste.",142,0.975,1,no,pending,yes
kha-n1906-002232,mala,mala,noun,word,the story (of a house).,143,0.975,1,no,pending,yes
kha-n1906-002233,malai,malai,noun,word,cream.,143,0.975,1,no,pending,yes
kha-n1906-002234,mali,mali,noun,word,"a gardener. * Hindi. | t Bengali. l J English. 128 MALOI MAR-KTI Maloi, ka, «. a cocoa-nut shell ; anything that looks lik« a half sphere.",143,0.975,1,no,pending,yes
kha-n1906-002235,maloi-khlieh,maloi-khlieh,noun,compound,a skull.,143,0.975,1,no,pending,yes
kha-n1906-002236,malom,malom,noun,word,"ointment. Malumala, ad, roughly, not properly, [as, *' leh malumala^ kren malumalay^",143,0.975,1,no,pending,yes
kha-n1906-002237,mama,mama,noun,word,a maternal uncle.,143,0.975,1,no,pending,yes
kha-n1906-002238,mamla,mamla,noun,word,"a contending party. M4n, k«, n. a cannon. \_Imit. ka tup-ka-man.]",143,0.975,1,no,pending,yes
kha-n1906-002240,mana,mana,verb,word,to forbid.,143,0.975,1,no,pending,yes
kha-n1906-002241,mane,mane,verb,word,"to worship, to submit, fManik (mdw-), u, n. a kind of precious stone, [/mil. u moin u-manik.] Manir, (soh-), ti, n. the h'chi fruit ._ Mano ? /. who ? Mano-mano, /. whoever, anyone. Mano-re-mano, /. somebody (^ Map, V. to forgive.",144,0.975,1,no,pending,yes
kha-n1906-002214,mangkarong,mangkarong,noun,word,"a show, a display. Mangkashang (u lum-), u, n. the Himalayas.",142,0.975,1,no,pending,yes
kha-n1906-002242,maphot,maphot,adverb,word,"for nothing, [as, '' wat ju bdm maphot ia ka jong ki briew.""] {",144,0.975,1,no,pending,yes
kha-n1906-002243,maphusor,maphusor,noun,word,"mafasnl ; toar. *Mapik, <^. moderate, middling. [J;;nY.mapik — adkar.]",144,0.975,1,no,pending,yes
kha-n1906-002245,mar-mar,mar-mar,adverb,reduplication,"at once ; without loss of time, [as, ""phah briew mdr- mdr ba'n leit kumne sha",144,0.975,1,no,pending,yes
kha-n1906-002253,mardor,mardor,adverb,word,"with all haste, at once [as, "" phi dei ban leh mar dor ia kane.""]",144,0.975,1,no,pending,yes
kha-n1906-002254,marjan,marjan,adverb,word,"close, near, \lm%t. marjan-marpa.] Mar-mlien, d. to continue to do the same thing (bad habit or what offends others), to get into the habit of.",144,0.975,1,no,pending,yes
kha-n1906-002247,markhait,markhait,adjective,word,ending in a draw (of a match).,144,0.975,1,no,pending,yes
kha-n1906-002248,markhap,markhap,adjective,word,"alongside of, adjoioing to.",144,0.975,1,no,pending,yes
kha-n1906-002249,markhmat,markhmat,adverb,word,"face to face [as, ** phi dei ban da ia ong mav' khmaty I Mar-kti, ad. hand to hand, [as, """,144,0.975,1,no,pending,yes
kha-n1906-002252,markylliang 'mat-iar markylliaiid',markylliang 'mat-iar markylliaiid',adverb,phrase,"in return, tit for tat ; [as, "" wat ju ialeh mar- kylliang ia u kpa ba sang.""]",144,0.975,1,no,pending,yes
kha-n1906-002255,marshak,marshak,adjective,word,"exactly equal or alike, matching.",144,0.975,1,no,pending,yes
kha-n1906-002256,marte-marte,marte-marte,adverb,reduplication,"there and then, [as, '' haba phi la iakut-dor phi dei ban shim noh marte-marte ia ka mar.""]",145,0.950,1,no,pending,yes
kha-n1906-002257,marwei,marwei,adjective,word,alone ; — ad. lonely.,145,0.975,1,no,pending,yes
kha-n1906-002258,masi,masi,noun,word,a cow ; a bull ; an ox.,145,0.975,1,no,pending,yes
kha-n1906-002259,masi-bordi,masi-bordi,noun,compound,"a bullock ; a large cow or bull. Masi-khar, 71. a small cow brought from the plains. Masi-khynna, 71. a Khasi cow, invariably of a better qtlality than the Assamese or Sylhet cow.",145,0.975,1,no,pending,yes
kha-n1906-002260,masi-kyrtong,masi-kyrtong,noun,compound,"a bull. Masi°dap, u, n. a castrated bull ; a bullock.",145,0.975,1,no,pending,yes
kha-n1906-002261,masi-lynraw,masi-lynraw,noun,compound,young bulls {esp. for trading purposes).,145,0.975,1,no,pending,yes
kha-n1906-002262,masi-prut,masi-prut,noun,compound,a mithan (Zool.) Bos frontalis.,145,0.975,1,no,pending,yes
kha-n1906-002263,masi-pyllait rong,masi-pyllait rong,noun,phrase,a bull that is dedicated and set at large on certain funeral occasions and given away to any one who can catch or kill him : the horns of such a' bull are covered with- a thin sheet of gold or silver ; a sacred bull.,145,0.975,1,no,pending,yes
kha-n1906-002264,masi-tamroug,masi-tamroug,noun,compound,"a term applied to a '' masi-pyllait-rong "" after having been let loose or caught. Mastieh, x>. to dance with the sword ; — n. a runniag dance with the sword. \Imit. mastieh-ryngkang.] fMaswa, w, n. a fisherman. Mat, ka, 71. a joint, a knob. [Imit. ka mat-ka pung.] 'mat {ahbrev. of khmat), ka, n. an eye.",145,0.975,1,no,pending,yes
kha-n1906-001744,mat-kmie jer-jer 'jat-kmie,mat-kmie jer-jer 'jat-kmie,noun,phrase,the big toe.,112,0.975,1,no,pending,yes
kha-n1906-002265,matang,matang,noun,word,"a carpenter's square ; a right angle,",145,0.975,1,no,pending,yes
kha-n1906-002269,matsohlah,matsohlah,noun,word,"the ankle. Matlah, a, blind ; — n. a blind person. [Lnit. matlah — matpei.] Mattah, ka^ n. a snail ; (med.) a corn. Mat'ti-mat'jat, ki, u. the joints of the fingers and toes, the hands ; marks or traces of work.",146,0.975,1,no,pending,yes
kha-n1906-002272,maw'bynna,maw'bynna,noun,word,"a memorial stone, a monolith.",146,0.975,1,no,pending,yes
kha-n1906-002277,maw-iap,maw-iap,noun,compound,sand-stone (pronounced mdw-eedp).,146,0.975,1,no,pending,yes
kha-n1906-002278,maw-jabieng,maw-jabieng,noun,compound,the head or middle stone in an arch ; a key- stone.,146,0.975,1,no,pending,yes
kha-n1906-002282,maw-ramsong mfer-mfer maw-ramsong,maw-ramsong mfer-mfer maw-ramsong,noun,phrase,a limestone rock. \/?Hit. mdwramsong-maw- ramteh.],147,0.975,1,no,pending,yes
kha-n1906-002271,mawbri,mawbri,noun,word,a boundary stone.,146,0.975,1,no,pending,yes
kha-n1906-002273,mawbyrsiew,mawbyrsiew,noun,word,"one of the three stones set on end, in the hearth between which fire is kindled for cooking puiposes.",146,0.975,1,no,pending,yes
kha-n1906-002274,mawkait,mawkait,noun,word,"one of a set of memorial stones which stands at the extreme left-hand side. Mdwkiiie, 7^, ?2. in a set of memorial stones, the tallest one in the middle is so called.",146,0.975,1,no,pending,yes
kha-n1906-001619,mawkhar,mawkhar,noun,word,the Mawkhar Bazar. lew-,102,0.975,1,no,pending,yes
kha-n1906-002276,mawksing,mawksing,noun,word,"in a set of memorial stones, the one situated in^ the extreme right-hand side is called "" u mawksing."" Mawkynroh, «, n. a stone for building purposes. Mawkynthei, /^ct, w. a large flat stone or slab supported by four small stones set on end ; a cromlech.",146,0.975,1,no,pending,yes
kha-n1906-002279,mawlaitlyngkot,mawlaitlyngkot,noun,word,"sl soft white claystone found near the vil- lage of Laitlyngkot. Mawleifi, «, n, quartz. Mawlong, u, n, a big stone or rock. [Imit. mawlong-m^wteh.] MawlyngnM w, «. a stone set in ornaments.",146,0.975,1,no,pending,yes
kha-n1906-001620,mawlong,mawlong,noun,word,the Municipal market at Laban ; the name of a Khasi week-day. lew-,102,0.975,1,no,pending,yes
kha-n1906-002280,mawpiin,mawpiin,noun,word,"a bridge made by throwing a single stone, also a name given to the stone itself.",147,0.975,1,no,pending,yes
kha-n1906-002283,mawria,mawria,noun,word,"gravel, metal.",147,0.975,1,no,pending,yes
kha-n1906-002285,mawsh'ing,mawsh'ing,noun,word,"a stone enclosure resembling a box for deposit- ing the bones of the dead ; a stone cairn (same as rudwahy ieng),",147,0.975,1,no,pending,yes
kha-n1906-002284,mawshamok,mawshamok,noun,word,a flint -stone.,147,0.975,1,no,pending,yes
kha-n1906-002287,mawsiar,mawsiar,noun,word,"a hone, a whetstone. Mawsohriew, u^ n. granite, from which stones for grinding job's tears are generally made (hence the name). Mawshynrut, u^ n. a very hard kind of stone used as a whet- stone, and found in the Nongstoin State.",147,0.950,1,no,pending,yes
kha-n1906-002288,mawthoh,mawthoh,noun,word,a slate-pencil.,147,0.975,1,no,pending,yes
kha-n1906-002207,md,md,adjective,word,"dangerous, frightful \—I ma, n. a maternal uncle (used in the case of address). ;\/fa — , (a prefix) used with the Personal Pronoun to emphasise it, as, m(^nga (it is I), m«phi (it is you), etc. *ma, (anr/Sfir^x'. of ""thma""), if«, n. a hattle, campaign (as, ka *ma haramnimok — a mutiny). Ma-bah, /, n, a great or grand maternal uncle ; — ka, a great battle.",142,0.975,1,no,pending,yes
kha-n1906-002275,mdwkordor,mdwkordor,noun,word,a precious stone.,146,0.975,1,no,pending,yes
kha-n1906-002281,mdwpyrsut,mdwpyrsut,noun,word,iron-ore. I3i,147,0.975,1,no,pending,yes
kha-n1906-002286,mdwshun,mdwshun,noun,word,"limestone. Mawshut-wait, w, n, a whetstone.",147,0.975,1,no,pending,yes
kha-n1906-002289,me,me,pronoun,word,"thou (applicable to male only), this word is not used in polite society, but is used in addressing God. Merg, a, proud, insolent. Meh, V. to blaze, to catch fire, to kindle. Mei, z"", n. mother. Meikhaj^', n. a paternal grandmother.",147,0.975,1,no,pending,yes
kha-n1906-002293,me'n,me'n,phrase,phrase,thou wilt ; abbreviation of me yn.,147,0.975,1,no,pending,yes
kha-n1906-002290,mei-hep,mei-hep,noun,compound,"a maternal grandmother ; also a respectful appella- tion of an old woman. Mei-hum-ia ka mei ! inter, gracious me ! by jingo 1",147,0.975,1,no,pending,yes
kha-n1906-002291,meirad,meirad,noun,word,a maternal grandmother.,147,0.975,1,no,pending,yes
kha-n1906-002292,mem,mem,noun,word,"a European lady. Mem-mem (s'aid-), ad, lukewarm (water). 'men {ahhrev. of "" tymmen""), n. an old man or woman.",147,0.975,1,no,pending,yes
kha-n1906-002294,men-kjat,men-kjat,noun,compound,the front part of the sole.,147,0.975,1,no,pending,yes
kha-n1906-002295,men-kti,men-kti,noun,compound,the upper portion of the palm.,147,0.975,1,no,pending,yes
kha-n1906-002297,mer-mer,mer-mer,adverb,reduplication,"very (yellow) ; [as, "" ka 'tiew lasubon ka stem mer* mer.^'] ' * Hindi. 132 MET MOKODDUMA Met, /m, n. a body, person ; \_Imit. ka met-ka-pliat.] — a. fulls good.",148,0.975,1,no,pending,yes
kha-n1906-001324,mesua ferre,mesua ferre,adjective,phrase,"Diengiap, ka^ n. fire- wood, dried- wood.",77,0.975,1,no,pending,yes
kha-n1906-002298,met-i,met-i,adjective,compound,of mature age (from 40 to 50 years of age).,148,0.975,1,no,pending,yes
kha-n1906-002299,met-sawdoh,met-sawdoh,adjective,compound,"of a brown complexion (applicable to persons only). »Mi {ahbrev. of ""jyrmi""), w, n. a creeper.",148,0.975,1,no,pending,yes
kha-n1906-003566,mi,mi,noun,word,a legging.,232,0.975,1,no,pending,yes
kha-n1906-002301,miaj,miaj,noun,word,a stipulated period.,148,0.975,1,no,pending,yes
kha-n1906-002302,mian,mian,adverb,word,slowly.,148,0.975,1,no,pending,yes
kha-n1906-002300,miang,miang,noun,word,the angle of the lower jawbone ; also the swelling of the jaw gland ; mumps.,148,0.975,1,no,pending,yes
kha-n1906-002303,miar,miar,adverb,word,"to the brim, [as, "" wat theh um ha ban da dap eh miar.''^]",148,0.975,1,no,pending,yes
kha-n1906-002304,miaw,miaw,noun,word,a cat.,148,0.975,1,no,pending,yes
kha-n1906-002305,miaw-wa,miaw-wa,noun,compound,a tom-cat which roams about.,148,0.975,1,no,pending,yes
kha-n1906-002309,miej,miej,noun,word,a table.,148,0.975,1,no,pending,yes
kha-n1906-002308,mieng,mieng,noun,word,"a piece of bamboo or iron musical instrument, which is made to vibrate close to the mouth, producing high or low tones according to the way the mouth is more or less opened.",148,0.975,1,no,pending,yes
kha-n1906-002310,miet,miet,noun,word,"night. Mih, V. to rise, to issue.",148,0.975,1,no,pending,yes
kha-n1906-002311,mih'ngi,mih'ngi,noun,word,"the east. [Imit. ka mihngi— ka sepngi.] Mihpli, V. to stand as a substitute for, to succeed. Minot, V. to persevere, to devote, to take pains. \_Imit. minot-ador.] Mir, V. to throw a thing gently into a hole or throw it up to another to catch, — a. sallow, — n. myrrh. ^1?^' [ ad. robust, well-built ; [as, '* u briew uba khlain mien'']",148,0.975,1,no,pending,yes
kha-n1906-002306,mikhli,mikhli,verb,word,"to jumble, to mix up.",148,0.975,1,no,pending,yes
kha-n1906-002270,miw,miw,noun,word,"a stone. [Imit. u mdw-n dieng.] Mawbah, «, n. a big stone or rock. [/mi/, mawbah-mawskn] ; a big ancestral bone repository or cairn.",146,0.975,1,no,pending,yes
kha-n1906-002312,mlein,mlein,adjective,word,shameless ; impudent.,148,0.975,1,no,pending,yes
kha-n1906-002313,mler,mler,adjective,word,"over-forward, careless in demeanour.",148,0.975,1,no,pending,yes
kha-n1906-002314,mlien,mlien,verb,word,"to form a habit ; to be accustomed to. Mo?=Isitnot? Mo, Mu,=:Synteug prefix for mcky (stone), [as mulang for maw- lang], tMokodduma, ka, n. a law suit ; a case. * Hindi. t Bengali. 133 MDNG MTAI Mong, V. to be wounded, to be hurt.",148,0.975,1,no,pending,yes
kha-n1906-002315,mohkhiew,mohkhiew,noun,word,"hoe, a mattock. tMohonmala, u, n. a string of coral beads intermixed with round smooth lac-balls covered with gold. tMoh6r, ha. n. a mohur ; a seal; a stamp.",149,0.975,1,no,pending,yes
kha-n1906-002316,moi,moi,noun,word,"an instrument consisting of two pieces of split bamboo joinerl, together for levelling a rice field which has been furrowed by the plough, — v. to level a ploughed field for the reception of seed. Moi-moi, ka^ n. the temples.",149,0.975,1,no,pending,yes
kha-n1906-002318,moina,moina,noun,word,a black bird belonging to the starling family.,149,0.975,1,no,pending,yes
kha-n1906-002317,moiu,moiu,adverb,word,"to the brim [as, "" thew ha ba'n da dap mow u shang""]; slightly (to smile).",149,0.975,1,no,pending,yes
kha-n1906-002319,mom,mom,noun,word,"a mixture of fat, etc., for rubbing leather with ; {Hind. = momragon) .",149,0.975,1,no,pending,yes
kha-n1906-002320,momjama,momjama,noun,word,"a wax-cloth. Mom-mom (jem-), ad, very (soft like cotton). Mon, kay n. a will ; a maund.",149,0.975,1,no,pending,yes
kha-n1906-002321,mopmop,mopmop,adverb,word,quiveringly ; a drizzling.,149,0.975,1,no,pending,yes
kha-n1906-002322,moramot,moramot,verb,word,"to repair. fMormor, ka, n. a thin cotton cloth of fine texture. Morsha, ka^ n. a ditch ; an intrenchment. Mot, w, n, monument ; a tower ; a pillar.",149,0.975,1,no,pending,yes
kha-n1906-002323,mot-mot,mot-mot,adjective,reduplication,easily broken; tender.,149,0.975,1,no,pending,yes
kha-n1906-002324,mrad,mrad,noun,word,"a beast ; an animal ; — a. cruel, inhuman.",149,0.975,1,no,pending,yes
kha-n1906-002325,mran,mran,adverb,word,"quite (healthy) ; [as, "" I shait mran mynta ba'n la mynno mynno.""] Mraw, n, a slave. [Imit. u mraw — u dkhar.] Mriang. ad, in readiness ; [as, "" u ap mriang ha lynti ba'n pom ia u.""] Mrit, ka^ n, a migratory bird of a buff colour that comes in the winter.",149,0.975,1,no,pending,yes
kha-n1906-002326,mrong,mrong,adverb,word,"watchfully, expectantly ; (as a dog when sitting) [as, "" balei phi ap mrong kumne ia u kumba u pang-eh ?""]",149,0.975,1,no,pending,yes
kha-n1906-002327,mtai,mtai,adverb,word,"in a large heap, (as, "" ki la lah tih u 'dewiong mtai""). * Hindi. t Bengali. 134",150,0.975,1,no,pending,yes
kha-n1906-002328,mtong myngkew mtong,mtong myngkew mtong,adverb,phrase,"like a hillock ; [as, "" ei ba lurn ia uue u khyndew mtong hangne ?""]",150,0.975,1,no,pending,yes
kha-n1906-002329,mu seh,mu seh,phrase,phrase,"same as, mo sell ?=Is'nt it ? §Muka, ka^ n. a tnuga or Assam silk. {Mukjin, ka. n. a magazine. Muk-mak, ml. quickly and roughly, (as, wat shu leh mnk mak ia u khymiah). tMukor-kyndor, ka^ n. a kind of ear-pendant. *Muktiar, ?/, n. a muktar. *Mukup, D. to abandon or leave off. Mudki, «*, n. a big earthen jar. tMudi, n. a retail shopkeeper. Mudui, V. to lodge a complaint against. \Imit. mud ui- phi-rat.]",150,0.975,1,no,pending,yes
kha-n1906-002330,muid,muid,noun,word,"a buffalo. *Muja, ka^ n. stockings, socks. tMula, ka, n. a low stool made of plaited canes ; a cane chair 5 a vegetable.",150,0.975,1,no,pending,yes
kha-n1906-002331,mulla,mulla,noun,word,an executioner (in folk-lore).,150,0.975,1,no,pending,yes
kha-n1906-002332,mulot,mulot,noun,word,a worn-out and useless coin ; a thing which has • no sale value. •,150,0.975,1,no,pending,yes
kha-n1906-002333,muluk,muluk,noun,word,a country ; a kingdom.,150,0.975,1,no,pending,yes
kha-n1906-002334,muri,muri,noun,word,"a drain, a culvert. Mur-mur, (stem-), ad. very (yellow, like a well-ripened fruit). *Musari, ka, qi. a mosquito curtain.",150,0.975,1,no,pending,yes
kha-n1906-002335,mushlia,mushlia,verb,word,"to meddle with, — a. meddlesome.",150,0.975,1,no,pending,yes
kha-n1906-001621,musiang,musiang,noun,word,the Jowai Sat. lew-,102,0.975,1,no,pending,yes
kha-n1906-002336,musla,musla,noun,word,spices; {Hindi) mosali. \Iinit. musla— musli.],150,0.975,1,no,pending,yes
kha-n1906-002337,mustul,mustul,noun,word,a chimney. •,150,0.975,1,no,pending,yes
kha-n1906-002338,musur,musur,noun,word,"an export duty ; royalty. SJmit. ka dan-ka musur.] Mut, :;. to think, to design ; — ka^ n, an ornamental carving.",150,0.975,1,no,pending,yes
kha-n1906-002339,muta,muta,adjective,word,"roLTgh, coarse.",150,0.975,1,no,pending,yes
kha-n1906-002340,mutia,mutia,noun,word,"a porter, a carrier. Mut-ngicR^, V. to hallucinate, to have a presentiment.",150,0.975,1,no,pending,yes
kha-n1906-002341,mutlop,mutlop,adjective,word,stubborn ; stupid ; obstinate ; stiff-necked.,151,0.975,1,no,pending,yes
kha-n1906-002343,myllen,myllen,adverb,word,"by way of diverting one's attention, — v. to while away time, [as, *' ngi ia shongkai myllen, hangne ; ngi ia sip soh ot tang ban myllen.^*]",151,0.975,1,no,pending,yes
kha-n1906-002344,myllung,myllung,adjective,word,"pathetic. Myn=(l) Prefix in adverbs of Present and Past times; (as, M^w-hynnin, myn-i^, m^w-tan, etc.). (2) it also sometimes denotes a doer, as, u m.yw-tuh=:a thief. (3) Synteng, an abbreviation of am (iL'iver),as w?/y? khen for um- khen, it is generally pronounced as ?nyng.",151,0.975,1,no,pending,yes
kha-n1906-002345,myn-aria,myn-aria,adverb,compound,some time ago.,151,0.975,1,no,pending,yes
kha-n1906-002346,mynba,mynba,conjunction,word,when (referring to past time).,151,0.975,1,no,pending,yes
kha-n1906-002347,mynbarim,mynbarim,adverb,word,"in olden times. \Imit. mynbarim-mynbajah.] Mynd6r, n. an outsider, a stranger. Myndong, | (song-), ad. well (rolled up) ; well-packed ; [as, Myndung, j "" a-iu phi song myndong kamne ? "" j",151,0.975,1,no,pending,yes
kha-n1906-002342,myngkew,myngkew,noun,word,"husband's sister. * Hindi. | t Bengali. | J English. | § Assamese, 135 MYNGKOI U JOM MYNRAIN KHMAT Myngkoi u Jom, ka, n, hell ; lit, the tank of Jom or king of death. Mylld,i (used negatively with ym), v. not to he satisfied to any appreciable degree,",151,0.975,1,no,pending,yes
kha-n1906-002348,mynhakato,mynhakato,adverb,word,on that (particular) occasion.,151,0.975,1,no,pending,yes
kha-n1906-002349,mynhyndai,mynhyndai,adverb,word,"in ancient times, yimit. mynbyndAi-mynhyn- thai. )",151,0.975,1,no,pending,yes
kha-n1906-002350,mynhynne,mynhynne,adverb,word,a short time ago (but on the same day).,151,0.975,1,no,pending,yes
kha-n1906-002351,mynhynnin,mynhynnin,adverb,word,yesterday.,151,0.975,1,no,pending,yes
kha-n1906-002352,mynja,mynja,noun,word,"a thread smeared over with a mixture of powdered glass and paste used in flying paper-kites. Mynjli, u^ n. a kind of necklace composed of coral beads and cres- cent-like gold cases. *Mynjiir, ""v. to a^ree ; to consent.",151,0.975,1,no,pending,yes
kha-n1906-002353,mynli-iur,mynli-iur,adverb,compound,"in summer, in the rainy season.",152,0.975,1,no,pending,yes
kha-n1906-002354,mynmiet,mynmiet,adverb,word,in the night time. \^Imit. mynmiet-myniong.],152,0.975,1,no,pending,yes
kha-n1906-002355,mynno,mynno,adverb,word,when ?,152,0.975,1,no,pending,yes
kha-n1906-002357,mynnor,mynnor,adverb,word,some time ago.,152,0.975,1,no,pending,yes
kha-n1906-002358,mynnymwei,mynnymwei,adverb,word,last year. \Imit. myn-nymwei-myn-nym-ar.],152,0.975,1,no,pending,yes
kha-n1906-002359,mynrain khymat,mynrain khymat,noun,phrase,compensation for breach of an agreement {esp. a marriage-contract) . * Hindi . 136,152,0.975,1,no,pending,yes
kha-n1906-002360,mynri mythian mynri,mynri mythian mynri,noun,phrase,"a tribe of the Mikirs whose habits are migratory and which lives by jhum cultivation. Mynsain, ka^ n. a place cleared all round like a flra-line, and reserved for the growth of trees ; a reserved forest,",152,0.975,1,no,pending,yes
kha-n1906-002361,mynsaw,mynsaw,verb,word,"to be wounded, to have an accident. \^ImU. mynsaw — mynsnam.] Mynsaw-ia, ad, since four days.",152,0.975,1,no,pending,yes
kha-n1906-002362,mynshem-taiew,mynshem-taiew,adverb,compound,last week.,152,0.975,1,no,pending,yes
kha-n1906-002364,mynshisngi,mynshisngi,adverb,word,the day before yesterday.,152,0.975,1,no,pending,yes
kha-n1906-002365,mynshuwa,mynshuwa,adverb,word,before ; previously ; formerly.,152,0.975,1,no,pending,yes
kha-n1906-002366,mynsiem,mynsiem,noun,word,a spirit ; the soul. [Imit. ka mynsiem — ka sugar.],152,0.975,1,no,pending,yes
kha-n1906-002367,mynsiem- bakhuid,mynsiem- bakhuid,noun,phrase,the Holy Ghost.,152,0.975,1,no,pending,yes
kha-n1906-002363,mynsngi,mynsngi,adverb,word,in the day time. [Imit. mynsngi-mynshai.],152,0.975,1,no,pending,yes
kha-n1906-002368,mynstep,mynstep,adverb,word,in the morning.,152,0.975,1,no,pending,yes
kha-n1906-002369,mynta,mynta,adverb,word,at present ; now. [/mit. mynta-mynn^.],152,0.975,1,no,pending,yes
kha-n1906-002370,mynta-mynne,mynta-mynne,adverb,compound,up to the present day ; still.,152,0.975,1,no,pending,yes
kha-n1906-002371,myntait,myntait,noun,word,the bark of a certain tree which is chewed with pan or betel.,152,0.975,1,no,pending,yes
kha-n1906-002372,myntan,myntan,adverb,word,a little while ago (an hour or so); just now.,152,0.975,1,no,pending,yes
kha-n1906-002373,mynthi,mynthi,adverb,word,"ironically ; sarcastically, — a. silent ; sullen.",152,0.975,1,no,pending,yes
kha-n1906-002374,mynthna,mynthna,noun,word,a mithan {Bos frontalis) .,152,0.975,1,no,pending,yes
kha-n1906-002375,myntlang,myntlang,adverb,word,"in the winter. Mynt6i, a. profitable, — n, gain ; profit. Mynt6r, ka^ n. a mantra or magic. fMyntri, n. a minister. \_Imit. u myntri-u-korbari.] Myntuh, same as nongtuh. \Imit. myntuh-mynthiem.]",152,0.975,1,no,pending,yes
kha-n1906-002376,mynwei,mynwei,adverb,word,years ago. S^Imit. mynwei-myn-ar.],153,0.975,1,no,pending,yes
kha-n1906-002377,myrsiang,myrsiang,noun,word,"a jackal ; a fox. M^thS' I ^* ^^^ ^^^ muscular (calf). Mythian (shong-dem-), ad. quite (fall or coiled up), [as, "" u ehong mythian ; u dem u ksew ha ka shang mythianyi t^Bengali, m N 'NAI-LBER N. N— The thirteenth letter in the Khasi Alphabet. Na, prep, from, of.",153,0.975,1,no,pending,yes
kha-n1906-002356,myuno-mynno,myuno-mynno,adverb,compound,formerly ; usually.,152,0.975,1,no,pending,yes
kha-n1906-002414,na-no re-na-no,na-no re-na-no,phrase,phrase,from someone.,155,0.975,1,no,pending,yes
kha-n1906-002378,naba,naba,conjunction,word,"for, because,",153,0.975,1,no,pending,yes
kha-n1906-002379,nabar,nabar,adverb,word,"from outside, externally, [as, ""ka iing ka itynnad nabdr hynrei ka jakhlia hapoh.""] — a, outside. Na-ked, a, ragged, torn. Nakra, ka, n, a big drum. NaS' } ^'^V- ''°^> ^'^°'""-",153,0.975,1,no,pending,yes
kha-n1906-002380,nadien,nadien,adverb,word,from behind.,153,0.975,1,no,pending,yes
kha-n1906-002381,nadong-shadong,nadong-shadong,adverb,compound,"altogether; from beginning to end, [as "" dap da ka jingbakla suda nadong-shadong '''",153,0.975,1,no,pending,yes
kha-n1906-002382,naduh-hadiih,naduh-hadiih,adverb,compound,"from beginning to end, [as, dei ma uuba lah ia nga nadiih-hadiih.''",153,0.950,1,no,pending,yes
kha-n1906-002383,naei,naei,adverb,word,"whence ? from what place ? Nang=a prefix denoting progression (as, nangvo\--^^Q on progres- sing). Nang, V, to know, to be able.",153,0.950,1,no,pending,yes
kha-n1906-002389,nah,nah,noun,word,"(voc.) a stepfather or stepmother ; an aunt (mother's younger sister). 'nai, {abhrev. of bnai),u,n. a month; moon; {abbrev. of khndi) ; a mouse, a rat. *nai-khadsawsynnia; u, n. a full moon. *nai-kyllalyngkot, u, n. January. *nai-iaiong, ii, n. April.",153,0.975,1,no,pending,yes
kha-n1906-002393,nai-nai,nai-nai,adverb,reduplication,"very (sickly or weak — used with iyin(j),",154,0.975,1,no,pending,yes
kha-n1906-002398,najir,najir,noun,word,"a nazir. Nal6r, adv. from above, externally ; besides.",154,0.975,1,no,pending,yes
kha-n1906-002402,nam-katai,nam-katai,verb,compound,to be dismissed : to resign.,154,0.975,1,no,pending,yes
kha-n1906-002400,namar,namar,conjunction,word,"because, for.",154,0.975,1,no,pending,yes
kha-n1906-002401,namarkata,namarkata,adverb,word,"therefore, for that reason.",154,0.975,1,no,pending,yes
kha-n1906-002411,nan,nan,noun,word,a tank.,155,0.975,1,no,pending,yes
kha-n1906-002412,naneng,naneng,adverb,word,from above.,155,0.975,1,no,pending,yes
kha-n1906-002384,nang-ang,nang-ang,adjective,compound,using low scurrilous language; having a bad tongue* \_Iniit. nang-ang-nanghap.j,153,0.975,1,no,pending,yes
kha-n1906-002385,nangne,nangne,adverb,word,"hence, from this place.",153,0.975,1,no,pending,yes
kha-n1906-002386,nangno,nangno,adverb,word,from what place ?,153,0.975,1,no,pending,yes
kha-n1906-002387,nangno-nangno,nangno-nangno,adverb,reduplication,"from any place, whatsoever.",153,0.975,1,no,pending,yes
kha-n1906-002388,nangno-re-nangno,nangno-re-nangno,adverb,compound,from some place or other.,153,0.975,1,no,pending,yes
kha-n1906-002413,nano-nano,nano-nano,adverb,reduplication,from anyone.,155,0.975,1,no,pending,yes
kha-n1906-002251,nansha,nansha,noun,word,"""] • Hindi. j f BengaH. j % EngUsh. 129",144,0.975,1,no,pending,yes
kha-n1906-002416,nap-bnnia,nap-bnnia,noun,compound,"tongs used by a goldsmith ; a niggard, a miser.",155,0.975,1,no,pending,yes
kha-n1906-002417,naphang,naphang,adverb,word,"wholly, entirely ; from one side, (as, puh ia ka kper naphang) ; without ex' option (as, n bam naphang kat kaba ai).",155,0.975,1,no,pending,yes
kha-n1906-002418,naphrang,naphrang,adverb,word,"from the beginning, in the front.",155,0.975,1,no,pending,yes
kha-n1906-002419,napit,napit,noun,word,a barber.,155,0.975,1,no,pending,yes
kha-n1906-002420,napoh,napoh,adverb,word,from beneath.,155,0.975,1,no,pending,yes
kha-n1906-002421,nar,nar,noun,word,"iron. Nar (eit-), ka, n. slag.",155,0.975,1,no,pending,yes
kha-n1906-002427,nar- puh,nar- puh,noun,phrase,a pickaxe.,155,0.975,1,no,pending,yes
kha-n1906-002425,nar-ka-bili,nar-ka-bili,noun,compound,fetters.,155,0.975,1,no,pending,yes
kha-n1906-002426,nar-liang,nar-liang,noun,compound,a solid raw iron which has been cleft into two halves and sold in the market.,155,0.975,1,no,pending,yes
kha-n1906-002422,nara,nara,noun,word,a kind of,155,0.975,1,no,pending,yes
kha-n1906-002424,narad,narad,verb,word,to object.,155,0.975,1,no,pending,yes
kha-n1906-002431,narnm,narnm,adverb,word,"from below. Narwab, ?/, ;?, a lump of melte;l iron, one split in the middle which can be hung up.",155,0.975,1,no,pending,yes
kha-n1906-002429,narsaw,narsaw,noun,word,a red hot iron.,155,0.975,1,no,pending,yes
kha-n1906-002430,narsuh,narsuh,noun,word,"a piece of wire used for roasting flesh, fish, etc.",155,0.975,1,no,pending,yes
kha-n1906-002433,naw-naw,naw-naw,adverb,reduplication,"hard and dry ; (as, kane ka doh ka la eh naio-naw). Nawei, id. from another.",156,0.975,1,no,pending,yes
kha-n1906-002435,naw-rang,naw-rang,adverb,compound,"harshly (speak) ; [as, u kren naw-rang ia kiba ha iing ha sem.] * Hindi. | || Arabic. uo NE 'f^",156,0.975,1,no,pending,yes
kha-n1906-002434,nawei-na-ar,nawei-na-ar,adverb,compound,from some other person or quarter.,156,0.975,1,no,pending,yes
kha-n1906-002399,ndm,ndm,noun,word,"fame, reputation ;—v. to portend (used with "" ka tyngab"" = a crow) ; to be spoken well of by the people (as, ki la nam baroh ia ka jingbha Jong u) ; to request earnestly, to sup- l^licate (as, u la najti u la ud ka bym lah ba'n ong ha uga haduh ba nga la sngewsynei ia u) ; tangndm, ph\ nominally, [as, "" ynda nga la kyrpad jindei, u ia ai, tang ban nam, shi suka.""] 'nam {abhrev. of sndm), ka, n. blood. 'nam {abbrev. of kJinam), u, n. an arrow.",154,0.975,1,no,pending,yes
kha-n1906-002438,nei,nei,noun,word,til. (Bot. Ferilla ocimoides).,156,0.975,1,no,pending,yes
kha-n1906-002439,nei-iong,nei-iong,noun,compound,"sesame, gingelly or ^i^seed. 'nem, (abbrev. of snem) ; ka, n. a year; 2. (abbrev. of "" tyrnem"" a hammer) [as, 'nem-hsih, 'nem-iit, etc.]",156,0.975,1,no,pending,yes
kha-n1906-002437,neng,neng,noun,word,"elevation, north. Neh, V. to remain, to stick to.",156,0.975,1,no,pending,yes
kha-n1906-002441,nep,nep,noun,word,"a bed covering, a razai. \_Imit. ka nep ka tun g] ; — {abbrev. of ""snep "") a covering, skin, rind, bark ; — a. sharp, pointed, intelligent.",156,0.975,1,no,pending,yes
kha-n1906-002445,net-net,net-net,adverb,reduplication,"carelessly (as, kane ka khynnah ka trei net-net ia kaei kaei baroh), roughly.",156,0.975,1,no,pending,yes
kha-n1906-001477,ngah-ngah,ngah-ngah,adjective,reduplication,"as tender as a new born babe ; [as, "" I khunlimo"" iba dang ngah-ngah.'""~\ Ngai, ^ ad. very ; soundly (sweet or sleepy); [as, "" katba > nga nang bam n;ing bang ngai-ufiai;'' u nong- Ngai-ngai, } tub u ong "" katta ki la ioh thiah bha ngai.'""'] Ngai-nt!ai-i)git-ngit, a. Aveak and dizzy; lan^juid; [as, nga'm sngewbhait bha myuta nga shu sngew ngai-ngai-ngit-ngit kumno-re,] Ngain (iong-), ad. very (black); [as, "" Tang shu buh ia u powder, . shu kylla iong ngain ka um.""]",87,0.975,1,no,pending,yes
kha-n1906-001479,ngam-um,ngam-um,verb,compound,"to decide by water-ordeal ; to dive. Nga'n {contr. of "" nga yn ""), 2^hr. I'll, I will.",88,0.975,1,no,pending,yes
kha-n1906-001476,ngang,ngang,adverb,word,"very (bitter) ; [as, "" nga sngawkthang ngang ba nga bam guinine.^^'] Ngang-ngang, o^. obstinately, tenaciously ; [as, "" La nga ono* kumno kumno ruli u shu bat n^ang-ngang ia u;"" '* U dieno* uba skhem ngang -ngang.''^']",87,0.975,1,no,pending,yes
kha-n1906-001480,ngap,ngap,noun,word,the cheek.,88,0.975,1,no,pending,yes
kha-n1906-001486,ngeit-biet,ngeit-biet,verb,compound,"to be superstitious, credulous. \_Imit. ngeit biet- ngeit them.] Ngem (bam-), v. to do wrong secretly, (see bam-ngem.) Ngen, V. to disappear, to be suppressed.",88,0.975,1,no,pending,yes
kha-n1906-001484,ngek ngoi-ngoi ngek,ngek ngoi-ngoi ngek,adverb,phrase,"to stop short ; [as, "" nga tang sliu dumok u sangeh ngekP'",88,0.975,1,no,pending,yes
kha-n1906-001487,ngen-bndi,ngen-bndi,noun,compound,"waning of the moon. Ngep-ng6p, ad. with dishevelled hair ; when just getting up from bed ; [as, "" tang shu khie ngep-ngep u bamja.""]",88,0.975,1,no,pending,yes
kha-n1906-001485,ngeng-ngeng,ngeng-ngeng,adverb,reduplication,"drowsily, heavily ; [as, "" nga sngew ka khlieh ka khia ngeng-7igeng.'""'\ Ngeit, -v. to believe, to be persuaded.",88,0.950,1,no,pending,yes
kha-n1906-001488,nger-nger,nger-nger,adverb,reduplication,"indistinctly ; dizzily ; [as, "" nga ioh-i kumba laid u briew nge^-nyer.""']",88,0.975,1,no,pending,yes
kha-n1906-001489,nget-nget,nget-nget,adverb,reduplication,"partially and faintly as a passing^ and vanishing object; [as, "" nga ioh-i kein nget-nget ia ka rel.""] No""i, pron. we. ^■ii^\:=.ahhrev. of sngi, sun, used as a suffix in compound word, as in mih'ngi.",88,0.975,1,no,pending,yes
kha-n1906-001494,ngi'm,ngi'm,phrase,phrase,we... not.,89,0.975,1,no,pending,yes
kha-n1906-001496,ngi'n,ngi'n,phrase,phrase,"we'll, we will.",89,0.975,1,no,pending,yes
kha-n1906-001490,ngiah,ngiah,adjective,word,"enough, — v. to suffer from ennui. [Imit. ngiahshoin.]",88,0.975,1,no,pending,yes
kha-n1906-001491,ngiah-ngiah,ngiah-ngiah,adjective,reduplication,"very tender or young, — ad. daintily ; [as, "" u leh ngiah-ngiah ia lade.""]",89,0.975,1,no,pending,yes
kha-n1906-001492,ngiam,ngiam,verb,word,"to contain, to hold, to be able to enter. Ngieng, ad, nauseous ; to be affected with a peculiar sensation ; [as, *' nga sngew ngieng ba'n bam ia ka.""] 'ngiem, {abbrev. of dngiem), a bear.",89,0.975,1,no,pending,yes
kha-n1906-001497,ngifi ngin-ngaifi ngain,ngifi ngin-ngaifi ngain,adverb,phrase,dark and cloudy.,89,0.975,1,no,pending,yes
kha-n1906-001493,ngih ngih-ngah ngah,ngih ngih-ngah ngah,adjective,phrase,belonging to a far obscure or dismal place.,89,0.975,1,no,pending,yes
kha-n1906-001498,ngir-ngir,ngir-ngir,adverb,reduplication,"very early in the morning ; [as, "" u khie hynue dang ngir-ngir.^^']",89,0.975,1,no,pending,yes
kha-n1906-001499,ngong,ngong,adverb,word,"suddenly (meet) ; [as, "" ynda nga ia kynduh ngong hajan u sa kren.""]",89,0.975,1,no,pending,yes
kha-n1906-001502,nguhlet-shnong,nguhlet-shnong,verb,compound,to tender apology or ask the pardon of a vil- lage Darbar.,89,0.975,1,no,pending,yes
kha-n1906-001501,nguk-ngak,nguk-ngak,adverb,compound,"suddenly ; [as, "" tang shu iakynduh vguh-ngak u shu iakem.""] Nguh, V. to do homage, to bow, to thank. [Imit. nguh-dem.]",89,0.975,1,no,pending,yes
kha-n1906-001503,ngun,ngun,adverb,word,"with the head bent down (big), steadily (wa/k) ; [as, "" u shu laid ngun khlem kren.""]",89,0.975,1,no,pending,yes
kha-n1906-001504,ngur-ngur,ngur-ngur,adverb,reduplication,"in the dusk ; [as, "" ka la sdang miet ngur-ngur mynta.""]",89,0.975,1,no,pending,yes
kha-n1906-001505,ngut,ngut,noun,word,"used when speaking of the number of persons only, as 3b\:-'??gut=::two persons. Ngut-ngut (dang-), ad. at twilight.",89,0.975,1,no,pending,yes
kha-n1906-001506,ngut-ngut-nget-nget,ngut-ngut-nget-nget,adverb,reduplication,"indistinctly ; [as, "" nga'm tip dei u briew ne u mrad namar nga shu ioh-i nguf-ngiit-nget-ngef.""^ H. H, the eigth letter in the Khasi alphabet. Ha, p^ep. in, to, into ; it is also used impersonally, as, ha diang=s let me.",89,0.975,1,no,pending,yes
kha-n1906-002446,ni,ni,adjective,word,"smooth, fine. #",156,0.975,1,no,pending,yes
kha-n1906-002447,nia,nia,noun,word,"reason, argument. [Imit. ka nia-ka jutang.]",156,0.975,1,no,pending,yes
kha-n1906-002459,nian,nian,verb,word,"to stow, to dress in, to stuff, to cram. ISTiar, a4i. thin, having large interstices ; — ad. scarcely, seldom. 5liat, t to push forward; — ad. suddenly, [as, ""tang shu ioh-i ia ka ""iju]e u khynnah u shu shim ?liat,''] niat, ka, n. {abhrev. of bniat), a tooth. niat-ksew, ka, n. the canine tooth. niat-duh, ka^ n. the wisdom tooth. niat-iawbei, ka, n. a milk tooth. niat-pyrshah, ka, n. a front tooth. niat-tyng-am, ka, n. a grinder, a molar. t Bengali, 143 •NIEH 5JIUR-5JIUR 'nieh {ahbrev. of snieh), ka, n. a skin, a hide,",159,0.975,1,no,pending,yes
kha-n1906-002456,niat-tyng-am niangriang,niat-tyng-am niangriang,noun,phrase,"a water beetle. niangriej, u, n. a Wood- worm. niangser, u, n. 2^ very bad kind of sore caused by parasites. niangsliit, u, n. prickly-heat. niangsohpet, u^ n. an infantile disease which affects the nayel. niangsynrang, u, n. leprosy (black). liiangtari, ii, n. a small kind of millepede. niangteng, adj. indolent, lazy. niangthangdoh, ka, n. a firefly, a moth. niangthylliej, u, n. thrush. niangthylliew, u, n. small-pox. niangting, ad. long and thin, slim ; (as, u "" briew uba raikhoh ntangting''). niangtrew, ka, n, a very bad sore caused by itch. niangtyngkhap, ka, n. a tick. iiiangtyrkhang, 2i, n. a millepede. niangtyrsim, (sa-), kaba, n. whitlow. ]>",158,0.950,1,no,pending,yes
kha-n1906-002463,niew-beifi,niew-beifi,verb,compound,to treat with contempt ; to lower in estimation.,159,0.975,1,no,pending,yes
kha-n1906-002464,niew-kor,niew-kor,verb,compound,to value highly ; to prize ; to appreciate.,159,0.975,1,no,pending,yes
kha-n1906-002466,niewtang,niewtang,verb,word,"to recount in detail, to relate. Nir-nir, (stang-), ad. very (thin), [as. "" kane ka kotsadakaba stang eh nir-tiir'.] 'fiiuh {ahbrev. of shniuh), u, n. hair,",159,0.975,1,no,pending,yes
kha-n1906-002476,niiit,niiit,noun,word,weeds. [Imit. u niut-u ilier.],160,0.975,1,no,pending,yes
kha-n1906-002473,niun-niun,niun-niun,adverb,reduplication,"shakily, [as, une u maw jingkienguba khieh fiiun^ niim du.J K^iup-niup, (jem-), ctd. hairy and soft, [as, ""u shniuh dngiem u long uba jem niiip-fiiup.''']",160,0.975,1,no,pending,yes
kha-n1906-002474,niur-niur,niur-niur,noun,reduplication,"a bog, a quagmire ;--ac^. tremulously, [as, ""une u lyngstong uba khih nmr-niiir ""]. U4i j ^lUREI",160,0.975,1,no,pending,yes
kha-n1906-002477,niutmaw,niutmaw,noun,word,"moss. — no = a s affix in Interrogative Pronouns and in Adverbs of time, place, condition, etc., as imo? who? hangno? where? myiino P when ? Nok (ia-), n. a game of cards, f",160,0.975,1,no,pending,yes
kha-n1906-002499,nohblei,nohblei,verb,word,to throw away the idols after the ceremonies of worship are over. [Imit. nohblei — noh-dken.],162,0.975,1,no,pending,yes
kha-n1906-002500,nohmynsiem,nohmynsiem,verb,word,"to be low-spirited ; to sigh. Noh-prah^'nai-), zi, ■;?. December.",162,0.975,1,no,pending,yes
kha-n1906-002501,nohrem,nohrem,verb,word,to be a cause of offence to the gods or spirits.,162,0.975,1,no,pending,yes
kha-n1906-002503,nohtah,nohtah,noun,word,"a ladder made of a single piece of wood with steps cut into it, a temporary bridge. Nohteh {colloquial enclitic loord), ad. very much, [as, "" ka krem kaba jylliew nohteh.^'']",162,0.975,1,no,pending,yes
kha-n1906-002502,nohtasor,nohtasor,noun,word,"a silk dhoti, a piece of cloth worn by males round the loins.",162,0.975,1,no,pending,yes
kha-n1906-002504,noi,noi,noun,word,"a small bamboo pipe, especially one for applying to the hole of a hookah when smoking.",162,0.975,1,no,pending,yes
kha-n1906-002505,noi-sha,noi-sha,noun,compound,a pipe lixed to the cocoa-nut shell of a hookah.,162,0.975,1,no,pending,yes
kha-n1906-002478,nokod,nokod,adverb,word,"ready-money, in cash. fNokol, ka, n. a copy. tNod, u, n. zero or nought; — ka, a nose-ring.",160,0.975,1,no,pending,yes
kha-n1906-002479,nong,nong,noun,word,"wages, gain, profit: a hired man or woman; any- thing given out for hire. \^ImU. ka nong-ka ni.] Nong=a square measure=6 dieng X 2 dieng ( a dieng or pole =9i feet.) *iiong {abbrev. of shnong), ka, n. a village, a town, a city; 2, {abbrev. of rnong), ka, n. brass or bronze. Nong= a prefix denoting a doer or agent ; (as, u nongi\\\i) ; a resident of a village (as, u ??o;^<7-Mawkhar, u y?o;?^-Sohra, etc.) Nongkhaii, u or ka, n. a merchant, a trader. [Imit. nongkhaii- nongpateng.]",160,0.975,1,no,pending,yes
kha-n1906-002486,nongiapam,nongiapam,noun,word,a fighting man ; a soldier.,161,0.975,1,no,pending,yes
kha-n1906-002480,nongkhat,nongkhat,noun,word,rent (of lind) . See BdiiocH.,161,0.975,1,no,pending,yes
kha-n1906-002481,nongkheinksuid,nongkheinksuid,noun,word,"a man who cures diseases or propitiates evil spirits by means of sacrifices, a diviner. [JmsY. nong- kheiiiksuid-nongkheinkhrei. ] •",161,0.975,1,no,pending,yes
kha-n1906-000236,nongkrem annual puj,nongkrem annual puj,adjective,phrase,(Bhed= quota of ^J(:w^ leaves).,18,0.975,1,no,pending,yes
kha-n1906-002483,nongkylliang,nongkylliang,noun,word,"a compensation, retribution.",161,0.975,1,no,pending,yes
kha-n1906-002484,nongkyndong,nongkyndong,noun,word,"a person who lives in an out-of-the-way village, a villager. [Imit. nongkyndong-nongkynshrot.]",161,0.975,1,no,pending,yes
kha-n1906-002487,nonglehpalat,nonglehpalat,noun,word,"a transgressor, an offender. \^Imit. nongleh- palat-nonglehpaliang.] *nonglieh, ka, n. a platinum-like metal. [Imit. 'nonsflieh-'nonsr- »tem.]",161,0.975,1,no,pending,yes
kha-n1906-002489,nongmuna nujor nongmuna,nongmuna nujor nongmuna,noun,phrase,"a specimen, a pattern.",161,0.975,1,no,pending,yes
kha-n1906-002488,nongphira,nongphira,noun,word,a watchman. t Beogalju | % English. 145,161,0.975,1,no,pending,yes
kha-n1906-002475,nongphira isliurei,nongphira isliurei,noun,phrase,a pheasant.,160,0.975,1,no,pending,yes
kha-n1906-002491,nongra,nongra,noun,word,any worn-out old brass vessel.,161,0.975,1,no,pending,yes
kha-n1906-002492,nongrim,nongrim,noun,word,foundation ; site of an abandoned village.,161,0.975,1,no,pending,yes
kha-n1906-002494,nongsaid-thma,nongsaid-thma,noun,compound,a politician ; a babbler. \_Imit. nongsaidthma- nongsaidktien.],162,0.975,1,no,pending,yes
kha-n1906-002493,nongsam,nongsam,noun,word,"silver, gold or whatever is burnt in the funeral pyre with the dead body, and which those who look after the burning of the dead body divide among themselves. [Imit. nongsam-nongpiet.]",161,0.975,1,no,pending,yes
kha-n1906-002495,nongsharai,nongsharai,noun,word,"a cowherd, a pastor.",162,0.975,1,no,pending,yes
kha-n1906-002497,nongtymmen,nongtymmen,noun,word,ancestral property ; an heirloom. [^Imit. nongty mmen- nongsan . ],162,0.975,1,no,pending,yes
kha-n1906-002498,nongwei,nongwei,noun,word,"a, stranger. [Imit. nongwei-nong-ar.] Noh, V. [to throw into ; — ad. away ; (ia-) to add a little quantity or number in excess of that sold or bought.",162,0.975,1,no,pending,yes
kha-n1906-002490,nougplilang,nougplilang,noun,word,the Kliasis living on the higher plateau of the Hills (as the Sheila people call them).,161,0.975,1,no,pending,yes
kha-n1906-002506,nuksa,nuksa,noun,word,"a figure, a pattern, a picture, a plan. Nud, V. to dare. 'nud {abbrev. of dohnud), u, n, the liver; the heart,",162,0.975,1,no,pending,yes
kha-n1906-002508,nup,nup,noun,word,the seed of a cerlain creeper growing in a pod used by the Khasis in wasliing their heads.,163,0.975,1,no,pending,yes
kha-n1906-002509,nup-khohsiew,nup-khohsiew,pronoun,compound,the knee-cap.,163,0.975,1,no,pending,yes
kha-n1906-002510,nur,nur,noun,word,"a channel, a ditch, a drain. tNurok, ka, n. hell. *]S""usip, ka, n. luck. *]",163,0.975,1,no,pending,yes
kha-n1906-002428,nursam-im,nursam-im,noun,compound,a sharp piece of iron for boring wood.,155,0.975,1,no,pending,yes
kha-n1906-002513,nylla,nylla,adjective,word,"pure, unalloyed.",163,0.975,1,no,pending,yes
kha-n1906-002514,nyllong,nyllong,noun,word,"the rectum. o. 0 — The fourteenth letter in the Khasi Alphabet. O ! Intel'], oh ! ah ! Ong, V. to say, to tell;— ow^ la, conj. if in case, (as, '' ong la dei ia nga, nga la shoh ia phi ""). Oh, r. to cut, to notch.",163,0.975,1,no,pending,yes
kha-n1906-002512,nyngkong,nyngkong,adjective,word,"(irst, beginning. [Jmi^. nyngkong-nyngshap.]",163,0.975,1,no,pending,yes
kha-n1906-000301,obuit,obuit,noun,word,"cunningness, cleverness, scheme. [■Imit ka-buit-ka- akor.] v/",22,0.975,1,no,pending,yes
kha-n1906-002515,oh-kuna,oh-kuna,verb,compound,"to impose a fine. \Imit. oh-kuna-oh-kaid.] Oh-jri, V. to tap an Indian rubber-tree.",163,0.975,1,no,pending,yes
kha-n1906-002516,oh-shrong,oh-shrong,verb,compound,"to cut or notch ornamentally; to carve. [Imii'^ oh-shrong-oh-shrnb . ] Oli-tah, V. to cut slightly at short intervals, to tap. Oi, (a verbal answer), — yes, here I am. On, (leit-), V. to go along with, to reach at.",163,0.975,1,no,pending,yes
kha-n1906-002518,on-rong,on-rong,verb,compound,"to present anything, especially liquor, to the spirit of the dead person at the time when sacrifices are made on his behalf. [Imit. on rong-on rup.] -Op (a suffix) =by suffocation, (as in the words, iap-o/?, set-op, etc). * Hindi. f Bengali. U1 Or padat aV '± \ ""v. to crack, to hreak into chinks. Or-or (s'aid), ad. very (warm), [as, '*nga sngew s'aidor-or hapoh ka nep."" I Ot, V. to cut, to mow, to reap.",163,0.975,1,no,pending,yes
kha-n1906-002517,onksuid,onksuid,verb,word,"to throw away things for propitiating a de^dl. On-kurim (leit-), v. to accompany a bridegroom to the house of a bride. On-nong (leit-), v. to go and carry a load on hire to its destina- tion. [Imit. on-nong-on-ni.]",163,0.975,1,no,pending,yes
kha-n1906-002519,ot-halang,ot-halang,verb,compound,"to excommunicate from cliurcli membership. Ot-cloh, V. (lit. to cut flesh— hence, to kill an animal for eating purposes.) [Imit. ot-doh ot-kah.'| Ot-sher, 7/. to circumcise. P. P — The fifteenth letter in the Khasi Alphabet.",164,0.975,1,no,pending,yes
kha-n1906-002720,p'ian,p'ian,adverb,word,"firmly (sit) ; [as, "" u shong p^iait ha ka shnki.""] P'iar, V. to stretch out : to extend. Also spelt pyiar. Piat, ^^, «. an onion ; — ad. firmly; (as, *' u la shong piat ba'n bam."") Piaw, V. to be peevish or sulky. Pi-e, a, full or swollen (as an overfull stomach). Pied, V, to split with the hands ; to tear off. 'pieng, 1. {abbrev. of kpieng), u, n. a bead. 2. {abbrev. of sohpieng), u, n. a mango.",178,0.975,1,no,pending,yes
kha-n1906-002520,pa,pa,noun,word,"father. -Pa, — a repeating particle, as in the word leh/«-leh= to con- tinue to do. •",164,0.975,1,no,pending,yes
kha-n1906-002528,pad,pad,noun,word,"a measurement from the tip of the middle right-liand finger right across the chest to the tip of the middle left-hand finger, both hands being extended horizontally.",164,0.975,1,no,pending,yes
kha-n1906-002529,padai,padai,verb,word,to swing.,164,0.975,1,no,pending,yes
kha-n1906-002530,padan,padan,verb,word,"to obstruct, to hinder, to interfere. Padat, V. to throw to a distance (said of a heavy object). • Hindi. 148",164,0.975,1,no,pending,yes
kha-n1906-002531,padiah pahara padiah,padiah pahara padiah,verb,phrase,"to play on a small drum ; to multiply words unne- cessarily ; to m(xldle. Pdok ' [ ^""^' **■ ^^® bladder of a fish. Padoi, V. to swing. Padom, V. to drag roughly.",165,0.975,1,no,pending,yes
kha-n1906-002532,padri,padri,noun,word,"a clergyman, a missionary. Same as Phajri.",165,0.975,1,no,pending,yes
kha-n1906-002533,padun,padun,adjective,word,"slightly curved or sloping. Pang, V. to become ill. P'ang, V. to straddle. Same as Fymig.",165,0.975,1,no,pending,yes
kha-n1906-002547,pah -ding,pah -ding,verb,phrase,to set fire to.,165,0.975,1,no,pending,yes
kha-n1906-002548,pah-shalyngngiang,pah-shalyngngiang,noun,compound,"the whistle-like sound often heard within the ear. Pahdm, ka, n, a valley. *Pahara (ap), v. to guard as a sentinel. * Hindi. 149",165,0.975,1,no,pending,yes
kha-n1906-002549,paheb ' palngang paheb,paheb ' palngang paheb,noun,phrase,"a grandfather {i,e. father's father) ; a respectful appel- lation of an old man.",166,0.975,1,no,pending,yes
kha-n1906-002550,pahiih,pahiih,adjective,word,"overflowing, abundant. [Imit. pahuh-paliai.]",166,0.975,1,no,pending,yes
kha-n1906-002552,pai,pai,noun,word,"a number = 20 kani = 8,000. *Paia, zij n. a pillar.",166,0.975,1,no,pending,yes
kha-n1906-002553,paid,paid,noun,word,"crowd, same as "" pait""; ad. chatteringly.",166,0.975,1,no,pending,yes
kha-n1906-002554,paidbhur,paidbhur,noun,word,common ignorant people.,166,0.975,1,no,pending,yes
kha-n1906-002555,paidkdr,paidkdr,noun,word,"people of no position, the mob, the masses.",166,0.975,1,no,pending,yes
kha-n1906-002556,paila,paila,noun,word,a coral bead.,166,0.975,1,no,pending,yes
kha-n1906-002557,paila-sada,paila-sada,noun,compound,a string of coral l3eads without gold beads.,166,0.975,1,no,pending,yes
kha-n1906-002558,pailen,pailen,noun,word,water-fungus ; — a. bald.,166,0.975,1,no,pending,yes
kha-n1906-002559,pain,pain,noun,word,"solder, cement, a joint.",166,0.975,1,no,pending,yes
kha-n1906-002560,paintali,paintali,noun,word,"a chisel. Pairah (soh), u, n. a kind of fruit much used by the Khasis for washing clothes. [Hind, ritha.]",166,0.975,1,no,pending,yes
kha-n1906-002561,paisa,paisa,noun,word,"a pice, \ anna. [Imit. paisa-pailain.] Pait, V. to crack, to. break. Pait, tc, 7t. a crowd ; — v. to open by placing the finger on one side of an aperture.",166,0.975,1,no,pending,yes
kha-n1906-002562,paitdohnud,paitdohnud,adjective,word,heart breaking. [I^nt. paitdohniid-paitdohnam.],166,0.975,1,no,pending,yes
kha-n1906-002563,paitpuraw,paitpuraw,noun,word,"a small bird of blackish colour and having a crest and a little patch of red fur under the tail ; a bulbul. Pajait, V. to pull with a jerk.",166,0.975,1,no,pending,yes
kha-n1906-002564,pajama,pajama,noun,word,pyjama.,166,0.975,1,no,pending,yes
kha-n1906-002565,pajih,pajih,adverb,word,"aloof, at some distance, [as, "" ieng pajih, wat iatur eh hajan.""] Pajut, V. to pull up a heavy thing. Pajuwa, ha, 11. a kiln (also spelt "" Pajwa ""). Palat, V. to exceed, to trespass; passed (as, "" u dang palat dang li [kumne myntan"").",166,0.975,1,no,pending,yes
kha-n1906-002521,paka,paka,adverb,word,"complete, satisfactory, pucca ; — iing-paka, n. a stone- walled house.",164,0.975,1,no,pending,yes
kha-n1906-002523,pakai,pakai,noun,word,"a share, a part allotted, a turn ; — acZ. as a reflective act, [as "" nga kren ia kiwei, nang sngewrem iJakdi ma phi ? ""] 'pakha, w, ti. a male -relative (father's side). Pal.ha, lea, n. a fan, a punkah ; a species of palm.",164,0.975,1,no,pending,yes
kha-n1906-002522,pakang,pakang,verb,word,to flow in a jet ; to shoot forth.,164,0.975,1,no,pending,yes
kha-n1906-002525,pakh,pakh,verb,word,to throw away t(^a distance.,164,0.975,1,no,pending,yes
kha-n1906-002524,pakhang,pakhang,verb,word,"to hinder, to obstruct, to block.",164,0.975,1,no,pending,yes
kha-n1906-002527,pakhynnah,pakhynnah,noun,word,"a j)aternal uncle (father's younger brother;. *Paki (iing-), ka, n a house roofed and walled with bricks. Pakor, V. to unite in sexial intercourse (ax)plicable to beasts only), to cover.",164,0.975,1,no,pending,yes
kha-n1906-002566,palat-paliang,palat-paliang,adjective,compound,distantly related.,166,0.975,1,no,pending,yes
kha-n1906-002571,pali,pali,noun,word,one's turn.,167,0.975,1,no,pending,yes
kha-n1906-002567,palki,palki,noun,word,"palanquin. Palei, a innocent, simple, quiet, calm.",167,0.975,1,no,pending,yes
kha-n1906-002570,palliiw,palliiw,adjective,word,"with sunken eyes, [as '*u briew uba palMw ki khmat kumha la khlong.""]",167,0.975,1,no,pending,yes
kha-n1906-002568,palngang,palngang,adjective,word,"having a round small head, [as, ""ubriewuba palngang ka khlieh.""J * Hindi. 150",167,0.975,1,no,pending,yes
kha-n1906-002569,palngaw para-ba-eh palngdw,palngaw para-ba-eh palngdw,adjective,phrase,round and small (head).,167,0.975,1,no,pending,yes
kha-n1906-002572,palong,palong,noun,word,a bedstead ; a soaxD-bubble.,167,0.975,1,no,pending,yes
kha-n1906-002573,palwan,palwan,noun,word,"an athlete. Pam, V. to cut, to win (in gambling).",167,0.975,1,no,pending,yes
kha-n1906-002574,pamblang,pamblang,noun,word,the Durga Poojah.,167,0.975,1,no,pending,yes
kha-n1906-002575,pamthwat,pamthwat,verb,word,"to skirmish ; to fell a number of trees in a place. Pdn, V. to ask, to demand. Pan — (a ;;r^^)=what is tied round [as, in the words — pun^oht panii, joa?2,khyllong, etc. ]",167,0.975,1,no,pending,yes
kha-n1906-002579,pan-'tien-said,pan-'tien-said,noun,compound,"— in a battle array, before any of the parties commences to give battle, an address is generally made by eitlier of the contending parties to justify their own cause ; such a form of address is called kaha pdn-'tien-said. Pap, kat u. sin, transgression, fault (same a,s pop).",167,0.975,1,no,pending,yes
kha-n1906-002535,pang-at-top,pang-at-top,verb,compound,to have dropsy.,165,0.975,1,no,pending,yes
kha-n1906-002536,pang-bhnr,pang-bhnr,verb,compound,to have epilepsy.,165,0.975,1,no,pending,yes
kha-n1906-002542,pang-iap-iong,pang-iap-iong,noun,compound,"a mildew, blight.",165,0.975,1,no,pending,yes
kha-n1906-002543,pang-iapshiliang,pang-iapshiliang,verb,compound,"to have palsy, to be paralytic. Pang-mat, ) z/. to have rheumatism. [Imit. pangmat-pang- Pang-sh'ing, j pung.]",165,0.975,1,no,pending,yes
kha-n1906-002537,pang-khlieh,pang-khlieh,verb,compound,to have a cold. [Imit. pangkhlieh-pangreng.],165,0.975,1,no,pending,yes
kha-n1906-002534,pangah,pangah,verb,word,"to move the head from side to side ; to jolt, to express dissent, to dissent. [Imit. pangah-pangaiii.]",165,0.975,1,no,pending,yes
kha-n1906-002541,pangdohniid,pangdohniid,verb,word,"to be heart-rending, to be painful at heart. [Imit. pangdohnud-dohnam.]",165,0.975,1,no,pending,yes
kha-n1906-002545,pangiong,pangiong,noun,word,kald-dzdr.,165,0.975,1,no,pending,yes
kha-n1906-002538,pangkhmat,pangkhmat,verb,word,"to have pain in the eyes, to he opthalmic.",165,0.975,1,no,pending,yes
kha-n1906-002539,pangkhrew,pangkhrew,noun,word,a wasting or chronic disease. [Imit. pang- khrew-pangkhriap.],165,0.975,1,no,pending,yes
kha-n1906-002540,pangkuhek,pangkuhek,noun,word,hysteria.,165,0.975,1,no,pending,yes
kha-n1906-002544,pangmet,pangmet,verb,word,to suffer from fatigue or pain all over the body as from over-exertion or beating ; wounded in feelings ; pain. [Ituit. pangmet-pangphat. ],165,0.975,1,no,pending,yes
kha-n1906-002546,pangshipai,pangshipai,noun,word,"influenza. Pah, 1). to cry (as an animal or a bird) ; to allure ; to bait ; to feed.",165,0.975,1,no,pending,yes
kha-n1906-002577,panjung,panjung,noun,word,"a bladder. P^npoh, ka, n. a girdle, a belt. Pansngiat, ka^ n. a crown.",167,0.975,1,no,pending,yes
kha-n1906-002576,pankhyllong,pankhyllong,noun,word,"a knot of hair on the head. ' Pankwah, 2;. to wish for what is wrong or bad [as, ""ladaphi 2)dnkwah eh ban duk, phi'n jin da duk shisha""] ; to court.",167,0.975,1,no,pending,yes
kha-n1906-002578,panshandi,panshandi,noun,word,"a very small tortoise. Panshandi-dem-lor-khah, plir. a wife who is eagerly expecting the return of her profligate husband. Panti. ka, n. a strip of cloth tied round the left wrist to protect against the impact of the bowstring when shooting arrows.",167,0.975,1,no,pending,yes
kha-n1906-002580,papun,papun,noun,word,"an unfortunate fellow. Par, V. to creep, to crawl ; — ka^ n. a mine, a quarry. Para, 11, or ka^ n. a younger brother or sister. Para {prefix) = one associated in common interests, occupation, etc., with another, as in the words /an^-Khasi, para-nongshmi, jPrtr<7-mrdd, para-khjnvSiW, etc., Para-ba-eh, p/^r. of equal strength, resources, etc, to match with an opponent. * Hindi.",167,0.975,1,no,pending,yes
kha-n1906-002581,para-briew pasoh para-briew,para-briew pasoh para-briew,noun,phrase,"having no relationship either by blood or mar- riage; a fellow-man. I'ara-kha, (shi-), a. a relationship lietween children of brothers. Para-kh6r-paramer, u, n. a neighbour.",168,0.975,1,no,pending,yes
kha-n1906-002582,para-ksiew,para-ksiew,noun,compound,grandnephew or niece on the mother's side.,168,0.975,1,no,pending,yes
kha-n1906-002583,para-kynsi,para-kynsi,noun,compound,wife's younger sister or husband's younger brother.,168,0.975,1,no,pending,yes
kha-n1906-002586,para-shongkha,para-shongkha,noun,compound,a man who marries in the same family. \lmit. u-para-shongkha-parashongman] .,168,0.975,1,no,pending,yes
kha-n1906-002587,para-trai,para-trai,noun,compound,"persons who have a concern in the matter. \lmit> para trai-para dkhuh] u, or ka, brother or sister of the same parent. Pariah-parai, o. haying engaging manners. Paring, f. to pull or tug- Paro, w. a pigeon.- Paron, hh ^- a basket placed in the channel of a streamlet for catching fish.",168,0.975,1,no,pending,yes
kha-n1906-002584,paramynshong,paramynshong,noun,word,a husband of one's wife's sister.,168,0.975,1,no,pending,yes
kha-n1906-002588,partuh,partuh,noun,word,"(see ' ' py rtuh "" ) .",168,0.975,1,no,pending,yes
kha-n1906-002589,parum-pareh,parum-pareh,adjective,compound,"many, in great numbers (of persons only.)",168,0.975,1,no,pending,yes
kha-n1906-002590,pasa,pasa,noun,word,luck.,168,0.975,1,no,pending,yes
kha-n1906-002591,pasan,pasan,noun,word,an uncle (father's elder brother).,168,0.975,1,no,pending,yes
kha-n1906-002594,pashait,pashait,verb,word,"to splash up water by striking with the sole of the foot sideways against it, to spatter.",169,0.975,1,no,pending,yes
kha-n1906-002593,pashat,pashat,verb,word,to hand anything to a person by throwing it up gently.,169,0.975,1,no,pending,yes
kha-n1906-002595,pashing,pashing,adverb,word,"on the side, sideways.",169,0.975,1,no,pending,yes
kha-n1906-002596,pashor,pashor,verb,word,"to drag, to handle roughly. Pashor-kait, ka, ??. plantain flower.",169,0.975,1,no,pending,yes
kha-n1906-002597,pasiang,pasiang,adjective,word,"inclining or sloping ; peaceful, flowing (speech), social.",169,0.975,1,no,pending,yes
kha-n1906-002598,pasiaw,pasiaw,verb,word,to whisper.,169,0.975,1,no,pending,yes
kha-n1906-002599,pasied,pasied,verb,word,"to splutter. Pasoh, ka, n, the fleshy part of the body, the muscles. 152 PASWIA pAWKHMAT l^'""""'^! ] V. to whiz. Paswut, )",169,0.975,1,no,pending,yes
kha-n1906-002592,pasngoh,pasngoh,verb,word,to strike the head against anything repeatedly.,168,0.975,1,no,pending,yes
kha-n1906-002600,pat,pat,adverb,word,"again, — v. to fall.",169,0.975,1,no,pending,yes
kha-n1906-002601,pata,pata,noun,word,a patta; a licensed liquor-shop.,169,0.975,1,no,pending,yes
kha-n1906-002602,patan,patan,verb,word,to pull on both sides.,169,0.975,1,no,pending,yes
kha-n1906-002603,patar,patar,verb,word,to tear to pieces as Avith the teeth.,169,0.975,1,no,pending,yes
kha-n1906-002605,paten gbynriew,paten gbynriew,noun,phrase,a generation.,169,0.975,1,no,pending,yes
kha-n1906-002604,pateng,pateng,noun,word,"a joint or link ; — ad. indirectly, through another source (as, nga ioh-pateiig ia kane ka shitlii na kiwei pat ki briew).",169,0.975,1,no,pending,yes
kha-n1906-002607,pateng-la-pateng,pateng-la-pateng,adverb,compound,from generation to generation.,169,0.975,1,no,pending,yes
kha-n1906-002606,pateng-pateng,pateng-pateng,adverb,reduplication,at every interval or stage.,169,0.975,1,no,pending,yes
kha-n1906-002608,pathar,pathar,noun,word,"the width or stretch of a ford or stream. — a. thoughtless, heedless. Pathat, V. to snap (a thread).",169,0.975,1,no,pending,yes
kha-n1906-002609,pathdw,pathdw,noun,word,a squash gourd. {Hind. kddu).,169,0.975,1,no,pending,yes
kha-n1906-002610,pathi,pathi,noun,word,"betel, pan (as, called by the Nongkrem, Mylliem and the Synteng people). Patiaw, V. (used in negative expressions, with ym), to give ear to, to care.",169,0.975,1,no,pending,yes
kha-n1906-002611,patied,patied,verb,word,"to strike or knock against, e.g., to bully ; to spatter.",169,0.975,1,no,pending,yes
kha-n1906-002612,patiew,patiew,noun,word,the purlin.,169,0.975,1,no,pending,yes
kha-n1906-002613,patloi,patloi,noun,word,"a thick brass cooking vessel. [Hind, batloi.) JPatlun, ha, ii. pantaloons, trousers. Patch, V. to hit with a stone or ball that has touched the ground on its way ; to ricochet. Patom, V. to drag by the hair. Pat6r, u, 11. an officer in the Synteng district next in j^osition to a Daloi, a minister.",169,0.975,1,no,pending,yes
kha-n1906-002614,patrong,patrong,verb,word,to pull or clutch by the hair.,170,0.975,1,no,pending,yes
kha-n1906-002615,patsha,patsha,noun,word,"an Emperor. Paw, V. to seem, to appear, to be evident.",170,0.975,1,no,pending,yes
kha-n1906-002616,pawa,pawa,noun,word,"a powa, J of a seer. Pawang, d. to swing, to swagger.",170,0.975,1,no,pending,yes
kha-n1906-002617,pawai,pawai,adverb,word,"unsteadily (to walk, to stagger).",170,0.975,1,no,pending,yes
kha-n1906-002618,pawbynriew,pawbynriew,verb,word,"to be in a tolerably good position. Pawkhmat, v, to be prominent, to be j)resent. * Hindi. % EngUsh. "" I 153 pAw-pen-ryngkew peitmat P^w-peii-ryngkew, v. to have the real state of things brought to light. P^w-rdifi, V. to be exposed to shame. Pda, V. to throw to the farthest distance possible. Pda-khd.r-ei, kaba, n. an arrow shooting competition in which he who shoots the farthest obtains all the arrows shot. Pdang, V. to crack. Pdam, V. to come to an end, to be over ; to cease ; to be disappointed.",170,0.975,1,no,pending,yes
kha-n1906-002663,pbet-iap,pbet-iap,verb,compound,to fly for life or beadlong. [Imit. phet iap-pbet-im.],173,0.975,1,no,pending,yes
kha-n1906-002664,pbet-lyndet,pbet-lyndet,verb,compound,to go away without taking leave. [^Imit. phet lyndet-phet-tuh.],173,0.975,1,no,pending,yes
kha-n1906-002672,pbiang-phiang,pbiang-phiang,verb,compound,to arrange and tie grass into bundles for roofing purposes.,174,0.975,1,no,pending,yes
kha-n1906-002675,pbieng,pbieng,adjective,word,"awe-inspiring ; sublime, majestic. Pbi'm {pers. pron.), you will not. Phi'n {pers. pron,), you will.",174,0.975,1,no,pending,yes
kha-n1906-002667,pbngain,pbngain,adjective,word,"clear, not misty.",174,0.975,1,no,pending,yes
kha-n1906-002619,pdeng,pdeng,noun,word,"the middle. Pdem, V. to steep, to incubate.",170,0.975,1,no,pending,yes
kha-n1906-002620,pdiang,pdiang,verb,word,"to receive, to accept.",170,0.975,1,no,pending,yes
kha-n1906-002621,pdiang-balang,pdiang-balang,verb,compound,"to receive into the church membership (Christian). Pdiet, V. to open by placing the finger on one side of an aperture.",170,0.975,1,no,pending,yes
kha-n1906-002622,pdok,pdok,noun,word,the bladder of a fish.,170,0.975,1,no,pending,yes
kha-n1906-002623,pdot,pdot,noun,word,"the throat, Adam's apple.",170,0.975,1,no,pending,yes
kha-n1906-002624,pdung,pdung,noun,word,"a circular sieve or winnowing circular flat basket. — ""y. to blister. Pduh, V. to strike with a stout or heavy stick on the head, to thwack. Peh, V. to winnow; — a. not going in a straight line when shot, like a bad winged arrow. 'peh {ahbrev. of speh), u, n. a spike, a stake (as, '* u peh sylli "").",170,0.975,1,no,pending,yes
kha-n1906-002628,peibylla,peibylla,verb,word,"to be pierced right through, to pass clean through.",171,0.975,1,no,pending,yes
kha-n1906-002629,peidohsaw,peidohsaw,verb,word,"to be cut to the quick or to the sensitive flesh. Peifi (ia-), v, to barter, to exchange. Peit, V. to look at, to gaze ; to be awake.",171,0.975,1,no,pending,yes
kha-n1906-002631,peirmat-dong phan peit'mat-dong,peirmat-dong phan peit'mat-dong,verb,phrase,"to look through the corner of the eye, to look suspiciously.",171,0.975,1,no,pending,yes
kha-n1906-002632,peit'matlieh,peit'matlieh,verb,word,to show the white of the eye.,171,0.975,1,no,pending,yes
kha-n1906-002634,peit-sehj,peit-sehj,verb,compound,to stare vacantly.,171,0.975,1,no,pending,yes
kha-n1906-002630,peitkynriang,peitkynriang,verb,word,"to squint. Peitng6r, z>. to stay up at night. Peitmat, 2/. to be awake or conscious; to be healthy; — a, goo4 looking (person). [ImU. peitmat-peit-mut.] 154",171,0.975,1,no,pending,yes
kha-n1906-002633,peitmiet,peitmiet,verb,word,to stay up at night. [^Imit. peitmiet-peit-iong.],171,0.975,1,no,pending,yes
kha-n1906-002635,peitshin,peitshin,verb,word,to observe or mark the form or manner of a person.,171,0.975,1,no,pending,yes
kha-n1906-002636,peitsliougshdn,peitsliougshdn,verb,word,"to look with a suspicious eye. Pem-pem, ad, lukewarm ; not tasty.",171,0.975,1,no,pending,yes
kha-n1906-002627,pel,pel,adjective,word,having a hole ; — v. to penetrate.,171,0.975,1,no,pending,yes
kha-n1906-002637,pen,pen,noun,word,"a number=80 (of fruits, red pepper, etc.) 'pen {ahhrev. of soh-pen), ii, n. a wild earthnut. Pep, V. to desist from going or from doing a thing. Per, V. to float; — a. light, careless. Pet, V. to buy rice or any kind of cereals. 'pet {ahhrev. qI soh-pet), u, n. the navel.",171,0.975,1,no,pending,yes
kha-n1906-002641,phahkhot,phahkhot,verb,word,to send for.,172,0.975,1,no,pending,yes
kha-n1906-002642,phahkylli,phahkylli,verb,word,"to propose to (a girl). [Imit. phahkylli-phahpyr- thew.] Phai, V. to turn. Phaik poh-u-Blei, phr> to favour, to take a favourable considera* tion {lit, to face). Phai«khmat, v. to face. Phdi^dien, i). to turn backwards.",172,0.975,1,no,pending,yes
kha-n1906-002643,phak,phak,adverb,word,"violentlVj [as, "" nga ioh-i ba u saheb u thdp ptiak ia U mali.""]",172,0.975,1,no,pending,yes
kha-n1906-002644,phalang,phalang,verb,word,"to reflect, to rebound. Phaliep, a, slightly inclined or cut. Phaloh, V. to splash over, to spurt, to spill. Phal6r, ha^ n. a gate. Phalup, V. to beat with a big stick ; to hew out roughly. Phan, w, w. a potato; a household god. [",172,0.975,1,no,pending,yes
kha-n1906-002648,phan-ew,phan-ew,noun,compound,"b> person who has no fixed opinion of his own. Phan-longsyiem, u^ n, the household deity of a Siem.",172,0.975,1,no,pending,yes
kha-n1906-002647,phan-karo,phan-karo,noun,compound,sweet potato (white rind).,172,0.975,1,no,pending,yes
kha-n1906-002649,phan-longspah,phan-longspah,noun,compound,"a household god who brings in wealth, to the family. [Irnit. u phan-longspah-phanlongphew.] Phan-mluhj u, n, a kind of sweet potato with dark and prickly rind.",172,0.975,1,no,pending,yes
kha-n1906-002650,phan-mongor,phan-mongor,noun,compound,a common round potato.,172,0.975,1,no,pending,yes
kha-n1906-002652,phan-sawlia,phan-sawlia,noun,compound,"sweet potato (red-rind). Phan-shynreh, u^ n. yam. Phan-siiid-iap, ii^ n. one of the ancestral spirits selected and invoked for giving blessings to the living and to the dead.",172,0.975,1,no,pending,yes
kha-n1906-002651,phan-sdi,phan-sdi,noun,compound,potatoes which grow in a garden out of the small useless tubers after the crop has been gathered.,172,0.975,1,no,pending,yes
kha-n1906-002646,phanang phawur-phawer phanang,phanang phawur-phawer phanang,verb,phrase,to fling as a piece of stick by holding it from one end.,172,0.975,1,no,pending,yes
kha-n1906-002639,phang,phang,noun,word,"quarter, side, allotted part.",171,0.975,1,no,pending,yes
kha-n1906-002653,phar,phar,adverb,word,"entirely, wholly ; it is also used as an intensifying particle, as, "" u la jhih/^»r rynjaiu "";— A;fl5 phar, n. a plough- share. Phara, ha^ n. a heap of metals (generally = 10 c. ft.)",173,0.975,1,no,pending,yes
kha-n1906-002654,pharait,pharait,verb,word,"to spatter, to squirt.",173,0.975,1,no,pending,yes
kha-n1906-002657,pharep,pharep,verb,word,to make a false charge or complaint against a person.,173,0.975,1,no,pending,yes
kha-n1906-002658,pharia,pharia,verb,word,"to split into small pieces. Pharshi, ka^ n. a parable, a proverb. Pharuh-phareh, ctd. in a careless manner (to work), [as, '*u briew u la shu thdw pharuh-phareh ia kane ka ruh.""] *Phasi, V. to hang. Phat — an intensifying particle (same as phdr), [as, **u la jhieh phat rynjain.""]",173,0.975,1,no,pending,yes
kha-n1906-002659,phawar,phawar,noun,word,"sl set of rhymes generally in couplets, as, {a) ""u sohlang u sohphie u risang u shakyntir,"" ""ko para shyn- rang dangkhie kynjih pynnang te jir."" {b) Haba lam u thyrnia u ksai u shu bM.",173,0.975,1,no,pending,yes
kha-n1906-002660,phawer,phawer,verb,word,"to hint, insinuate.",173,0.975,1,no,pending,yes
kha-n1906-002661,phawur-phawer,phawur-phawer,adverb,compound,"faintly, as a rumour, [as, "" nga shu sngew phawur- phawer kumba ka sor-Shillong kan leit noh.""] * Hindi. 1 166 PHEIT PHIRA Vheitl Int. ^e\ 'la, {collog.), expr. of anger or disapproval (a, '* />heit laiski^*'). Ph^r, V, to differ ; ympher, it matters not.",173,0.975,1,no,pending,yes
kha-n1906-002662,pher,pher,adverb,word,"brilliantly, yery (as, **ka bnengkalasliaibha^J^^r b'ym don shuli II Fob."") Phet, V. to run. *Pbetkiri, u, n, alum.",173,0.975,1,no,pending,yes
kha-n1906-002665,phet-tbong,phet-tbong,verb,compound,"to run a race. Phew = ten, as sbiphew 10, arphew 20.",173,0.975,1,no,pending,yes
kha-n1906-002666,phewse,phewse,adverb,word,"to my surprise, (as, "" ngatharaiba u lab ba'n ryng- kang, phewse u hap pynban"").",174,0.975,1,no,pending,yes
kha-n1906-002670,phiak,phiak,adverb,word,at the centre or part aimed at. •,174,0.975,1,no,pending,yes
kha-n1906-002671,phiang,phiang,noun,word,"a brass plate. Pbiang-phiang, u, n, a bird of greenish colour with a crest on the head.",174,0.975,1,no,pending,yes
kha-n1906-002673,phiangsbai,phiangsbai,noun,word,"a porcelain plate. Phiah, V. to split.",174,0.975,1,no,pending,yes
kha-n1906-002674,phikir,phikir,verb,word,"to be in earnest, to take pains to do a thing.",174,0.975,1,no,pending,yes
kha-n1906-002676,phir-phir,phir-phir,adverb,reduplication,"very (clean and white). Phira, v, to guard, to watch ; — n. u phira = a sentry. * Hittdi. fHITA PHORSHI Phla, V. to confess ; to admit.",174,0.975,1,no,pending,yes
kha-n1906-002677,phlang,phlang,noun,word,"grass. [Imit. u pWang-u kynbat.] Phlait, V. to slip, to miss ; — ad. right through (pierced), fas, ""u sam pynpei phlait la ka lyntang.""] Phlan, V. to flatter, to cheat, to pretend.",174,0.975,1,no,pending,yes
kha-n1906-002678,phldn-dumdn,phldn-dumdn,verb,compound,"to humbug. Phlkr, (pei-), «<^. right through (to pass). Phlei, V. to vomit, to disgorge, to flood, to blow profusely. Phl^r, «?. to get an abrasion, to come off (as skin). Phliat, V. to turn (the intestines) inside out. v ^ , Phlin phlin,^ | ad. very (slippery), [as, ""une u maw uba btuid Phl6in-phl6iii, J phlin phlin. ^'~\ Phloit, V. to come off, as a ring from the handle of a hatchet. Phl6r, V. to become loose and fall off (said of a ring).",174,0.975,1,no,pending,yes
kha-n1906-002679,phluit,phluit,adverb,word,"suddenly (come out), [as, *' u kak u mih kynsan phluit nau bitor.""] Phna, V. to fasten a door with two cross-bolts, thus x .",175,0.975,1,no,pending,yes
kha-n1906-002668,phngdr,phngdr,adverb,word,"extremely, (as, '*uba la sia.ii J>hngar u mrad "").",174,0.975,1,no,pending,yes
kha-n1906-002669,phngit,phngit,noun,word,"flying cinders or other particles, atoms. Phng6it, V. to peep so that the head only can be seen. Pbnguid, V. to eat gluttonously. Phi, {per. pro. 2nd person), you.",174,0.975,1,no,pending,yes
kha-n1906-002681,phnian,phnian,verb,word,"to stow \ to stuff, to cram. PhSaiii-phnain, (rit-), ad. very (fine), [as,",175,0.975,1,no,pending,yes
kha-n1906-002680,phniang,phniang,noun,word,a small seed.,175,0.975,1,no,pending,yes
kha-n1906-002683,phnieng,phnieng,verb,word,"to raise the bolt of a trap so as to make it ready to entrap animals or birds ; to set a trap. Phong, V. to put on (as a coat or shoe) ; — w, n. a kind of reed, the inside of which is as soft as a cork.",175,0.950,1,no,pending,yes
kha-n1906-002684,phohsniew,phohsniew,verb,word,to dream.,175,0.975,1,no,pending,yes
kha-n1906-002685,phohsniew kynsha,phohsniew kynsha,verb,phrase,"to have bad dreams. Phoi, V. to be offended, to find fault with ; to be captious.",175,0.975,1,no,pending,yes
kha-n1906-002687,phoidari,phoidari,noun,word,"a criminal case. Ph6in, ad. entirely (finish); [as, '* u lah ba'n b^m phoin ar pliang ka doh.""] Phon, V. to cook for a long time, (as bones, etc) ; to entrap, entice. \lmit. phon-pah.] Phorshi (same as pharshi). 168 ^HOT PHtrif5.PHlJl5J",175,0.975,1,no,pending,yes
kha-n1906-002686,phoikynsha,phoikynsha,verb,word,unreasonably captious.,175,0.975,1,no,pending,yes
kha-n1906-002688,phot,phot,adjective,word,"cutting, sharp ;— ?;. to get an intertrigo.",175,0.975,1,no,pending,yes
kha-n1906-002689,phra,phra,adjective,word,"eight. Phrak-phrak, (kren-), ad. straight-forwardly, [as, "" uK u long u briew uba 'kven phrak />hrak.""]",175,0.975,1,no,pending,yes
kha-n1906-002692,phrah,phrah,noun,word,"plaited bamboo work ; — 'Z'. to obstruct tbe d<J0rway etc., by planting cross-sticks. Phreit, n, a small migratory bird (very depredatory to paddy and Italian maize). Phret, V. to be broken to pieces, to be crushed into powder or small pieces. Phrew, V. to play with a small bundle of sticks ; — ad. iu all directions (scatter).",175,0.975,1,no,pending,yes
kha-n1906-002690,phrang,phrang,noun,word,the front ; — v. to temper an iron; to test.,175,0.975,1,no,pending,yes
kha-n1906-002691,phrangsngi,phrangsngi,noun,word,"the beginning, the first.",175,0.975,1,no,pending,yes
kha-n1906-002693,phria,phria,noun,word,hailstone.,176,0.975,1,no,pending,yes
kha-n1906-002694,phriang,phriang,verb,word,"to spread out, to scatter.",176,0.975,1,no,pending,yes
kha-n1906-002695,phrieh,phrieh,verb,word,to feel nervous or feverish.,176,0.975,1,no,pending,yes
kha-n1906-002696,phrod,phrod,adjective,word,foppish.,176,0.975,1,no,pending,yes
kha-n1906-002697,phrong ka,phrong ka,noun,phrase,"fat left after the oil has been extracted by frying. Phroh, V. to feed (as a mother-bird does her young ones). Phroh-jyndem, u^ n\. a hoopoe. Phroi, V. to crush a thing into powder and to sprinkle it. * Phrung, V. to push in, enter, insert.",176,0.975,1,no,pending,yes
kha-n1906-002701,phu-iong,phu-iong,noun,compound,"soot (esp.' in cooking vessels) . Phui-phui, 11, n. dnst floating in the air. Phtiid, V. to clear or make a drain with a hoe.",176,0.975,1,no,pending,yes
kha-n1906-002698,phud,phud,noun,word,"the bed of a stream, a mountain gorge ; — u^ n. a gannet. Phuh, V. to blossom ; to appear cheerful.",176,0.975,1,no,pending,yes
kha-n1906-002699,phuhmat,phuhmat,verb,word,to be cheerful in appearance. [Imit. phuhmat- phuhmut.],176,0.975,1,no,pending,yes
kha-n1906-002700,phuhs,phuhs,verb,word,"to smile. Phui, V. {Imperative) Let bad luck attend you ; let it be other- wise.",176,0.975,1,no,pending,yes
kha-n1906-002702,phuin-phuin,phuin-phuin,adverb,reduplication,"very (clean in appearance), [as, "" une u khynnah ""uba bha-briew phuin-^htiin.*'] 159 PUtir PHYRNOP Phiiit, kcif n. number of times won in any competition or match ; score. *Phuj-u-pyrton, 11^ n. an army. {Sind. Fauj).",176,0.975,1,no,pending,yes
kha-n1906-002703,phulidj,phulidj,adjective,word,"playful, cunning, jocular.",176,0.975,1,no,pending,yes
kha-n1906-002704,phum-phum,phum-phum,adverb,reduplication,"soft like cotton, [as, "" nne u phan u la ih bha phum-phmny] Phup-phup, (^c^. very (bushy), like snowflakes, [as, ""u shiliuh jong phi u la lieh phup-pliup ''^ Phur, V. to hold a ceremonial dance on the occasion of the cremation, esp. of a grandmother or grandfather (father's mother or father). Phiit, V. to uproot. Phutoi, lia^ n. a waistcoat.",176,0.975,1,no,pending,yes
kha-n1906-002705,phylla,phylla,adjective,word,"wonderful, strange. PhylMd, n, a kind of mongoose.",177,0.975,1,no,pending,yes
kha-n1906-002706,phylla-soi,phylla-soi,adverb,compound,"unusually, as an exceptional instance, [as, ""mynno niynno phi'm ju wan kai, mynta phiwan phylla-soi a-iu ka? ""]",177,0.975,1,no,pending,yes
kha-n1906-002707,phyllaw,phyllaw,noun,word,the front court of the house.,177,0.975,1,no,pending,yes
kha-n1906-002708,phylliah-ding w,phylliah-ding w,noun,phrase,a flying cinder or spark.,177,0.975,1,no,pending,yes
kha-n1906-002709,phylliew,phylliew,verb,word,to pour water from one vessel to another small- mouthed vessel.,177,0.975,1,no,pending,yes
kha-n1906-002710,phylliid,phylliid,noun,word,"a kind of mucilaginous plant. Phyllung, (at-), v. to have waves.",177,0.975,1,no,pending,yes
kha-n1906-002711,phyrbew,phyrbew,noun,word,"a, solitary jackal with a peculiar howl.",177,0.975,1,no,pending,yes
kha-n1906-002712,phyrdap-lyngkor,phyrdap-lyngkor,noun,compound,"b, piece of bamboo or wood attached to the two-split pieces of bamboo for levelling an irrigated rice- field and also to the horizontal post which rests on the neck of bullocks.",177,0.975,1,no,pending,yes
kha-n1906-002714,phyrman,phyrman,adverb,word,"with plenty of whiskers ; [as, '* u tngd^w u long u shrieh uba don 'maink^v phyrman.'']",177,0.975,1,no,pending,yes
kha-n1906-002715,phyrnaij,phyrnaij,adjective,word,"glittering, shining. Phyrnopi 1 ^* *° ^^^ °^ plunge ; to duck. » Hiadi, 160 PI PITA Pi, V. to draw water by dipping a small vessel in it.",177,0.975,1,no,pending,yes
kha-n1906-002713,phyrngcip,phyrngcip,adverb,word,"early (in the morning) ; [as, "" khie lashai dang step phyrngap, ho.""] Phyrngup, \ a. with drooping hair or branches ; [as, *' ka dieng Phyrngapj j kaba noh phyrngup ki tnat harud wah.""]",177,0.975,1,no,pending,yes
kha-n1906-002719,pi-an,pi-an,adjective,compound,short and stout.,178,0.975,1,no,pending,yes
kha-n1906-002716,pia,pia,adverb,word,"heavily, more than enough (to eat or carry) ; as, "" u kit ha ba'n da khia pia ka dieng.""]",177,0.975,1,no,pending,yes
kha-n1906-002717,piada,piada,noun,word,"a peon. *Piala, ka, 7i. a porcelain cnp, a tea cup.",177,0.975,1,no,pending,yes
kha-n1906-002718,piam,piam,verb,word,"to embrace, to clasp.",177,0.975,1,no,pending,yes
kha-n1906-002551,piii,piii,noun,word,sugarcane ; 2;. to pare (a stick) as with a daiv.,166,0.975,1,no,pending,yes
kha-n1906-002786,piiid-piiid,piiid-piiid,adjective,reduplication,"coward. Puit, 7/, 71. grasshopper.",182,0.975,1,no,pending,yes
kha-n1906-002792,piiramit,piiramit,verb,word,"to league witb ; to hold secret consultations. Puraw, V. to give in substitution or compensation ; to recoup. 'j)urew, u, n. dry pouuded rice. i'lir-khnam, v. to feather an arrow. Puri, 72. a fairy. Piiria, 71, n. a small dried fish. [Imit. puria-purap.] Purisk^m, ka, n. a fable, a fiction.",183,0.975,1,no,pending,yes
kha-n1906-002722,pireit,pireit,adverb,word,"with a distended abdomen, [as, "" ka dohkha katja pun pylleng ka heh kpoh ptreiL""]",178,0.975,1,no,pending,yes
kha-n1906-002723,pirit,pirit,noun,word,"a small porcelain plate ; a saucer,-^r. (coloq.) on terms of very close intimacy. Pirn, «, a turkey* Pisa, V, to feel uneasy, to fidget, to ""be l?estless« . *Piskot, u, n^ Si screwdriver. *Pita, u, n, a tape, a ribbon. j * Hiadit 161",178,0.975,1,no,pending,yes
kha-n1906-002724,pjah pnar pjah,pjah pnar pjah,adjective,phrase,"cold. Pjar, V, to drain. Pjiah, V. to feed carefully ; to nurse.",178,0.975,1,no,pending,yes
kha-n1906-002725,pjong-pjong,pjong-pjong,adverb,reduplication,"like the leap of a deer, [as, *' nga ioli-i hynne ia ka skei ba ka ]iqv pjong-pjong.''^']",178,0.975,1,no,pending,yes
kha-n1906-002726,pla,pla,noun,word,"a bag, a pocket.",179,0.975,1,no,pending,yes
kha-n1906-002728,plain-plain,plain-plain,adverb,reduplication,"jet (black), [as, '* u briew uba ion^ plain-plain.''] Plait, V. to open out, to clear a way.",179,0.950,1,no,pending,yes
kha-n1906-002727,plak,plak,adverb,word,"utterly, totally (in a bad sense), [as, *' nga nang kren bha, u pat u krensih plak'^'",179,0.975,1,no,pending,yes
kha-n1906-002729,plan,plan,adverb,word,"completely, [as, *' u hkm ha ban da lut plan shi-pliang pynshong.""] Plar, V. to vomit (only of infants) ; — ad. lying helplessly (many), [as, "" tang shu rung hapoh Aspatal, nga ioh-i kiba pai]g ki thiah plar.""]",179,0.975,1,no,pending,yes
kha-n1906-002730,plastor,plastor,noun,word,a plaster.,179,0.975,1,no,pending,yes
kha-n1906-002732,plein-plein,plein-plein,adverb,reduplication,"hard and unripe (fruit), [as, "" u sohmon mynta u dang im plein-plein.'']",179,0.975,1,no,pending,yes
kha-n1906-002733,pleit,pleit,noun,word,"porcelain plate. Pli, V. to change.",179,0.975,1,no,pending,yes
kha-n1906-002731,pleng,pleng,adverb,word,"after all ; oh 1 I see now, [as, '' pUng u Saheb-bishar uba jrong du.""]",179,0.975,1,no,pending,yes
kha-n1906-002735,pliah,pliah,adjective,word,"clear, pretty, [as, "" ka khlaw Mawpat mynta ka la pliah "" ; "" ka briew kaba pliah khmat.""] — n. ha, cash.",179,0.975,1,no,pending,yes
kha-n1906-002734,pliang,pliang,noun,word,a plate.,179,0.975,1,no,pending,yes
kha-n1906-002736,plie,plie,verb,word,"to open. Plied, 1). to open, unfold.",179,0.975,1,no,pending,yes
kha-n1906-002737,plod,plod,adverb,word,"fully, (as, "" u la bdm ha ba'n da kdang plod,"")",179,0.975,1,no,pending,yes
kha-n1906-002738,ploifi,ploifi,adverb,word,"entirely (as, la lut ploin). Pluk, ad, unexpectedly (bad sense), [as, ""u iathuh pluk ia kaba rih].",179,0.975,1,no,pending,yes
kha-n1906-002739,pluh,pluh,verb,word,"to be on fire, to take fire.",179,0.975,1,no,pending,yes
kha-n1906-002740,pnah,pnah,adjective,word,"tenacious, eloquent.",179,0.975,1,no,pending,yes
kha-n1906-002741,pnan,pnan,adverb,word,"quite stiff, (as, "" u la lap pnan'')",179,0.975,1,no,pending,yes
kha-n1906-002742,pnar,pnar,noun,word,a shell ; — hit the Syntengs as distinguished from the Khasis. * Hindi. ft 162,179,0.975,1,no,pending,yes
kha-n1906-002743,pnat pomblang pnat,pnat pomblang pnat,noun,phrase,a branch of a tree resembling a fork.,179,0.975,1,no,pending,yes
kha-n1906-002745,pneh,pneh,noun,word,"one side of "" ka jainsein "" — a Khasi womaa's outer- garment. Pong, V. to bore, to make a hole. PoDgka (khim), n. a child whose father is unknown ; a bastard.",180,0.950,1,no,pending,yes
kha-n1906-002744,pnek-pnek,pnek-pnek,adverb,reduplication,"very (sticky) [as, "" ka urn kaba mih na ka kseh ka long kaba dambit pnek-pnek.'""",179,0.975,1,no,pending,yes
kha-n1906-002749,poh,poh,adjective,word,"low ; less, short of, P'oh (or pyoh), v. to be exposed to smoke or fire ; to smoke. Pohbah, V. to be near delivery.",180,0.975,1,no,pending,yes
kha-n1906-002750,poh-ia,poh-ia,adjective,compound,"low or mean (action) •, — ka, n. weekday.",180,0.975,1,no,pending,yes
kha-n1906-002753,poh-rati,poh-rati,adjective,compound,low-born.,180,0.975,1,no,pending,yes
kha-n1906-002755,poh-tit,poh-tit,noun,compound,"the armpit. Poi, V. to reacb, to arrive at. Poi-poi (Iwet), ad. easily (crumbling or mouldering [as, "" kane ka jain ka la Iko poi-poi\'",180,0.975,1,no,pending,yes
kha-n1906-002751,pohjaid,pohjaid,adjective,word,"low-caste, low-born. \Imit. pohjait-pohrati.]",180,0.975,1,no,pending,yes
kha-n1906-002752,pohjat,pohjat,noun,word,the sole of the foot. •,180,0.975,1,no,pending,yes
kha-n1906-002754,pohsahj,pohsahj,adverb,word,inwardly or within one's own mind.,180,0.975,1,no,pending,yes
kha-n1906-002756,poi-bnai,poi-bnai,verb,compound,"to menstruate. Poi-kha, V. to marry. \_Imit. poikha-poiman.]",180,0.950,1,no,pending,yes
kha-n1906-002757,poi-ktien,poi-ktien,verb,compound,"to get a word or reply. \_Iiiiit. poiktien-poithylliej.] Poit-poit, (dih-), ad. with a successive little quantity of smoke or water puffing off, [as, "" ki 'khar Mudi ki mlien ba'n dih ^winsb pbitpbit.'""^ Pom, V. to cut (with a daw), to sever.",180,0.975,1,no,pending,yes
kha-n1906-002758,pomblang-u-dkhar,pomblang-u-dkhar,noun,compound,"the Durga Poojali. Pomblang-u-Siem Nongkrem, ka, u. the annual festival of the Siem of Nongkrem,",181,0.975,1,no,pending,yes
kha-n1906-002760,pompyrtbat,pompyrtbat,verb,word,"to be struck with lightning. Pomtah, V. to cut slightly (o£ trees), to tap. Pom wait, v, to win in gambling. I'' Pop, n. sin. (same as j!?«^j).)",181,0.950,1,no,pending,yes
kha-n1906-002746,pongkdung,pongkdung,adverb,word,"bulging out like a balloon (as, "" ka jaiii ka at pongkdang ba beh ka I'er ""). ^''''",180,0.975,1,no,pending,yes
kha-n1906-002747,pongkhuh,pongkhuh,adverb,word,"like a big animal lying helpless (as, "" nga tharai ba ym shym dei ba nga siat ia ka sier hynrei nga shem ka la ^.yViOTi. pongkhuh ""). Pongkiang (or pyngkiang), ad. crosswise: — n. ka, breadth. Pongpet, V. to come to nothing, to fail.",180,0.950,1,no,pending,yes
kha-n1906-002748,pongshai,pongshai,noun,word,"a side-door of a Khasi house ; an aperture for letting in the light, 'poh {abbrev. of kpoh), ka, n. the abdomen, the belly.",180,0.975,1,no,pending,yes
kha-n1906-002762,prah,prah,noun,word,a winnowing basket.,181,0.975,1,no,pending,yes
kha-n1906-002763,prai,prai,adverb,word,"small and in large numbers, (as, "" ka pung ka dap da ki khun dohkha/r«i. ') Prait, V. to give way or to be torn as an old garment, (as, "" ka patluM ka la rim eh kumta ka la^jrcwY baba shong."") Prkn, V. to venture, to dare, to be presumptuous (as, "" me pran k6p iaei haba me'm lah ?""). Prat, V, to break through, (as, "" ka masi ka la prai la ka kper "") ; — to cut (grass). *Prek, «, n. a nail.",181,0.975,1,no,pending,yes
kha-n1906-002764,prem,prem,adverb,word,"like a sudden appearance of people standing in a group (as, "" kyndit-kyndit la mill saw ngut prem ki nonglute "") ; prominently ; like the appearance of a collection of sticks set on end. Pret, V. to throw away.",181,0.975,1,no,pending,yes
kha-n1906-002765,prew,prew,noun,word,"small dry bamboo or reed ; a torch. Prie, V. to vomit.",181,0.975,1,no,pending,yes
kha-n1906-002766,prie-umksang,prie-umksang,verb,compound,to vomit bile.,181,0.975,1,no,pending,yes
kha-n1906-002771,priih,priih,noun,word,"a cubit, 18 inches, used in measuring all lengths.",182,0.975,1,no,pending,yes
kha-n1906-002767,pring,pring,noun,word,. soot ; — a. black.,181,0.975,1,no,pending,yes
kha-n1906-002768,prip,prip,adverb,word,"like a collection of smail objects, [as, *' u jhur u la mih prip mynta.""] I'rong, V. to break through a fence or wall, same as prang.",181,0.975,1,no,pending,yes
kha-n1906-002772,prnid,prnid,verb,word,"to dra^^ a line, to scratch. * Hindi. 164 PRUM PUN Prftm, ka^ n. sore, ulcer.",182,0.975,1,no,pending,yes
kha-n1906-002774,prnt,prnt,noun,word,"a species of grass much liked by cattle. Pt6j-pt^j, ad. very (adhesive), [as, "" tylliat ia ka ja haba ka'n da pnah ptej-ptejy] pu, {abbrev. of kpii), w, n. a loaf ; ground rice ; cakes [^pukhleii\ ^pumalot, ^putharo, etc., are different kinds of cakes made from rice.]",182,0.975,1,no,pending,yes
kha-n1906-002213,pro,pro,noun,word,") . It is I ; I, myself. Mangkara, (lur), u, n. the lorightest star. Mangkariaug, (sa), a. affected with a parasitic disease (trees); {jig^ to be envious of ; — u^ n. a wasp ; parasitic plant.",142,0.975,1,no,pending,yes
kha-n1906-002769,proh,proh,noun,word,"a fork, a prong.",181,0.975,1,no,pending,yes
kha-n1906-002770,proh-jingmnt,proh-jingmnt,adjective,compound,"intelligent, sharp. Proi, ka, 11. tiimoar ; an evil spirit who causes cancer, especially in very dangerous parts of the body, as in the sides, arm-pits, etc.",181,0.975,1,no,pending,yes
kha-n1906-002773,prup-prap,prup-prap,adverb,compound,"simultaneously and hurriedly (as, ""ki iabdm lang prup-prap "").",182,0.975,1,no,pending,yes
kha-n1906-002893,ptajon,ptajon,noun,word,"resin (Hind, dhooh).",189,0.975,1,no,pending,yes
kha-n1906-002780,pud-piid,pud-piid,adjective,compound,timid.,182,0.975,1,no,pending,yes
kha-n1906-002781,pudina,pudina,noun,word,"marsh mint. Pung, ka^ n. a pool ; a joint.",182,0.975,1,no,pending,yes
kha-n1906-002784,puh-kylla,puh-kylla,verb,compound,to dig the garden with a hoe and turning the soil upside down.,182,0.975,1,no,pending,yes
kha-n1906-002785,pui-pui,pui-pui,noun,reduplication,"dust floating in the air ; mist. * Puid, V. to rip open, to lance, to dissect.",182,0.975,1,no,pending,yes
kha-n1906-002787,puit-suwa,puit-suwa,noun,compound,"a locust. Puj^r, u, n. ground rice distributed at the christening of a child. Pule, V. to read.",182,0.975,1,no,pending,yes
kha-n1906-002775,puka,puka,noun,word,"a paddy bird, an egret.",182,0.975,1,no,pending,yes
kha-n1906-002776,pukir,pukir,noun,word,a fakir. \_Iniit. u,182,0.975,1,no,pending,yes
kha-n1906-002778,pukni,pukni,noun,word,a vulture.,182,0.975,1,no,pending,yes
kha-n1906-002779,pukri,pukri,noun,word,"a well. Pud, ka^ n. a boundary ; — •y. to omit.",182,0.975,1,no,pending,yes
kha-n1906-002788,pulit,pulit,noun,word,"a lo?k-up, a private room ; a policeman.",182,0.975,1,no,pending,yes
kha-n1906-002789,pulo,pulo,noun,word,"a hen-coop. Pulom, V. to come to nothing, to be fruitless. Pum-pum, M, w. a mist ; dust floating in the air. Piin, V. to pave, to bridge over. Pan, V. to gestate, to conceive, to be with child. 165 pOn-jingkieng pyllait-ktien",182,0.975,1,no,pending,yes
kha-n1906-002790,pun-jingkieng,pun-jingkieng,verb,compound,"to throw a bridge across. Pnr, V. to creep, to spread.",183,0.975,1,no,pending,yes
kha-n1906-002782,pung-kjat,pung-kjat,noun,compound,di> leg.,182,0.975,1,no,pending,yes
kha-n1906-002783,pung-kti,pung-kti,noun,compound,"an arm. Puh, V. to dig, to peck, to bite.",182,0.975,1,no,pending,yes
kha-n1906-002761,pur,pur,noun,word,"time, period ; a small bird. Prang (see "" prong "").",181,0.975,1,no,pending,yes
kha-n1906-002795,pur-a-na,pur-a-na,noun,compound,"a parwana or notice. *Puson, V. to ponder, to muse ; to appreciate. Put, V. to sound a wind instrument ; — ad. yet, (used witb negative verbs in the past tense). Pute, V. to be thwarted in one's plan or project, to end in nothing.",183,0.975,1,no,pending,yes
kha-n1906-002791,pura,pura,adjective,word,"complete, full. [Imit. pura-puri.]",183,0.975,1,no,pending,yes
kha-n1906-002793,puron,puron,noun,word,"one of tbe female deities of the Khasis representing, the first materoal ancestress.",183,0.975,1,no,pending,yes
kha-n1906-002794,pushara,pushara,noun,word,"a whitewash, v. — to whitewash.",183,0.975,1,no,pending,yes
kha-n1906-002796,putet,putet,adverb,word,besides ; at the same time.,183,0.975,1,no,pending,yes
kha-n1906-002803,pyiar,pyiar,verb,word,"to stretch, open, extend. Pyjah, V. cold, same as pjah.",183,0.975,1,no,pending,yes
kha-n1906-002804,pyjar,pyjar,verb,word,"to strain, to drain, (same fis pjar).",184,0.975,1,no,pending,yes
kha-n1906-002805,pylla,pylla,noun,word,"the pan of a pair of scales. Pyllain (peit-), ao?. with prominent small eyes, [as, "" balei me peit pyllain ia nga ? ""] ; staringly. Pyllait, V. to liberate, to set free.",184,0.975,1,no,pending,yes
kha-n1906-002807,pyllait-ksuid pynhiar pyllait-ksuid,pyllait-ksuid pynhiar pyllait-ksuid,verb,phrase,to let loose a fowl or any animal sacrificed to the evil-spirit ; to let a person free from any agreement.,184,0.975,1,no,pending,yes
kha-n1906-002806,pyllait-ktien,pyllait-ktien,verb,compound,to break off the match. * Hindi. 166,184,0.975,1,no,pending,yes
kha-n1906-002808,pyllait-lan,pyllait-lan,verb,compound,to let loose an animal to roam at large.,184,0.975,1,no,pending,yes
kha-n1906-002809,pyllait-rili,pyllait-rili,verb,compound,to let loose a fowl sacrificed to u rih or the fever demon.,184,0.975,1,no,pending,yes
kha-n1906-002810,pyllait-sansh'ing,pyllait-sansh'ing,verb,compound,to divorce. (Divorce among the Khasis is effected hy exchanging 5 cowries hetween the hushand and the wife in the presence of witnesses) .,184,0.975,1,no,pending,yes
kha-n1906-002811,pyllaw,pyllaw,adverb,word,"staring fixedly, [as, "" n ^Q\t 2)yllaw kum ka dkhoh. ""]",184,0.975,1,no,pending,yes
kha-n1906-002812,pylleng,pylleng,noun,word,an Qgg.,184,0.975,1,no,pending,yes
kha-n1906-002813,pylliaw,pylliaw,adverb,word,"with small sunken eyes, [as, "" ine i khynnah i peit pylliaw.""] T>^,, ' > a. round. Pyllun, j Pyllup, (dem-), ad. on the belly (lie). Pyn=a prefix of many causative verbs.",184,0.975,1,no,pending,yes
kha-n1906-002814,pyn-adke,pyn-adke,verb,compound,to bring a thing to naught.,184,0.975,1,no,pending,yes
kha-n1906-002815,pyn-am,pyn-am,verb,compound,"to keep together by means of a V-shaped vice, to cause to bite.",184,0.975,1,no,pending,yes
kha-n1906-002816,pyn-at-khu,pyn-at-khu,verb,compound,to be envious.,184,0.975,1,no,pending,yes
kha-n1906-002817,pyn-atshyntur,pyn-atshyntur,verb,compound,"to pout, to sulk.",184,0.975,1,no,pending,yes
kha-n1906-002830,pyn-iar,pyn-iar,verb,compound,"to extend, to stretch ; — ti, n. a batten.",185,0.975,1,no,pending,yes
kha-n1906-002825,pyn-ngat,pyn-ngat,verb,compound,"to let a thing be caught in a spoon or net ; — to fell a tree. Pynhiar, v, to let down ; to have diarrhoea ; to export. I 167",185,0.975,1,no,pending,yes
kha-n1906-002834,pyn-ong,pyn-ong,verb,compound,"to inform, to deliver a verbal message.",185,0.975,1,no,pending,yes
kha-n1906-002818,pynban,pynban,adjective,word,"still, nevertheless. Pynban, v, to add to, to give more ; — ad, nevertheless, still but.",184,0.975,1,no,pending,yes
kha-n1906-002819,pynbeit,pynbeit,verb,word,"to correct, to make straight.",184,0.975,1,no,pending,yes
kha-n1906-002820,pynbiid,pynbiid,verb,word,"to let a thing follow, to be as a sequel to. \Imit. pynbiid-pynrap.] Pynbyllan, d. to join or attach to.",184,0.975,1,no,pending,yes
kha-n1906-002824,pynduh,pynduh,verb,word,to destroy.,185,0.975,1,no,pending,yes
kha-n1906-002802,pyngieng,pyngieng,adverb,word,"perpendicularly, iipright (same 3^^ pynieng).",183,0.975,1,no,pending,yes
kha-n1906-002797,pyngkat,pyngkat,adjective,word,not quite full or to the brim. —,183,0.975,1,no,pending,yes
kha-n1906-002799,pyngkbob,pyngkbob,verb,word,"to fold ; to wrestle with. Pyngklit, (iaid) v. to go by a roundabout way so as to avoid meeting. \Imit. pyugklit-pyngklat.)",183,0.975,1,no,pending,yes
kha-n1906-002801,pyngngad,pyngngad,adjective,word,"cool, refreshing.",183,0.975,1,no,pending,yes
kha-n1906-002826,pynhiar-kput pyrkhing pynhiar-kput,pynhiar-kput pyrkhing pynhiar-kput,verb,phrase,to avenge.,185,0.975,1,no,pending,yes
kha-n1906-002827,pynhiar-myesiem,pynhiar-myesiem,verb,compound,to breathe.,185,0.975,1,no,pending,yes
kha-n1906-002828,pynhiar-synjat,pynhiar-synjat,verb,compound,to make a formal betrothal.,185,0.975,1,no,pending,yes
kha-n1906-002829,pynidid,pynidid,verb,word,to manage {lit. to let a thing walk).,185,0.975,1,no,pending,yes
kha-n1906-002831,pynieng,pynieng,verb,word,"to make a thing stand up ; — ad. perpendicularly (followed by da), [as, "" buh dd pynieng ia ka snloi.""]",185,0.975,1,no,pending,yes
kha-n1906-002832,pynjhieh,pynjhieh,verb,word,"to wet, to moist ; to urinate. Pynlah, 7;. not to give in or yield in argument, to be headstrong; to be obstinate, — v. to finish up.",185,0.975,1,no,pending,yes
kha-n1906-002821,pynkhieklong,pynkhieklong,verb,word,to make a sacrifice in order to ratify an oath or agreement.,184,0.975,1,no,pending,yes
kha-n1906-002822,pynkhiiid-dar,pynkhiiid-dar,verb,compound,"to be free from blame or imputation, {Jiit. to clear a passage for a boat to pass).",185,0.975,1,no,pending,yes
kha-n1906-002823,pynkhyllew,pynkhyllew,verb,word,to flatter.,185,0.975,1,no,pending,yes
kha-n1906-002800,pynkriang,pynkriang,verb,word,to catch hold of one on the way.,183,0.975,1,no,pending,yes
kha-n1906-002833,pynlat,pynlat,verb,word,"to delay, to procrastinate.",185,0.975,1,no,pending,yes
kha-n1906-002835,pynphuh,pynphuh,verb,word,to beautify or make grand ; {lit. to make a thing blossom). J pi^M } ^ 4.^ girdle or wrap a piece of cloth round the bust.,185,0.975,1,no,pending,yes
kha-n1906-002836,pynryngkang-par,pynryngkang-par,verb,compound,"to banish, to send into exile ; to deport.",185,0.975,1,no,pending,yes
kha-n1906-002838,pynshadsuloi,pynshadsuloi,verb,word,"to have parade exercises, to drill.",185,0.975,1,no,pending,yes
kha-n1906-002839,pynshait,pynshait,verb,word,"to be forward ; — ka, n. an arbitration or panchayet ; u — an arbitrator.",185,0.975,1,no,pending,yes
kha-n1906-000332,pynshet,pynshet,verb,word,to let down a load.,24,0.975,1,no,pending,yes
kha-n1906-002837,pynshfid'khaw-iang,pynshfid'khaw-iang,verb,compound,"to speak or behave as if intoxicated with liquor. Pynshadkhun, u. to dandle.",185,0.975,1,no,pending,yes
kha-n1906-002842,pynshoi,pynshoi,verb,word,"to tempt, to entice, to allure. [^Imit, pynshoi- pynshad.]",186,0.975,1,no,pending,yes
kha-n1906-002840,pynshok,pynshok,noun,word,"in Khasi States, contributions for State purposes.",185,0.975,1,no,pending,yes
kha-n1906-002841,pynshong,pynshong,verb,word,to make a reasonable settlement ; — to give full measure.,185,0.975,1,no,pending,yes
kha-n1906-002843,pyntha,pyntha,noun,word,a level country.,186,0.975,1,no,pending,yes
kha-n1906-002844,pynthame,pynthame,verb,word,"to mesmerise, to dazzle, to enchant.",186,0.975,1,no,pending,yes
kha-n1906-002845,pyntian,pyntian,verb,word,"to put into the mouth. Pyntip, V. to make known.",186,0.975,1,no,pending,yes
kha-n1906-002849,pyr-em,pyr-em,noun,compound,the spring season.,186,0.975,1,no,pending,yes
kha-n1906-002850,pyr-en,pyr-en,adverb,compound,with a swollen belly.,186,0.975,1,no,pending,yes
kha-n1906-002848,pyrda,pyrda,noun,word,"hangings, a curtain. Pyrdet, «^. hehind, (as, "" ki la khum ia u nongpyniap-briew da Pyrd6ng, (niam-), ka, n. a ceremony which is performed at the time when reconciliation is brought about between two contend- ing parties. Pyrdung (at-),(7cZ. well-arched, [as, ""ka jain ka 2>X-pyrdung ha beh ka Iyer.""]",186,0.975,1,no,pending,yes
kha-n1906-002851,pyrha,pyrha,noun,word,"a basket for measuring rice, containing from 4 to 7^ seers.",186,0.975,1,no,pending,yes
kha-n1906-002852,pyrhut,pyrhut,adjective,word,"breezy, windy ; hungry.",186,0.975,1,no,pending,yes
kha-n1906-002853,pyrjah,pyrjah,verb,word,"to smack the lips as a sign of anger or appreciation of food. Pyrmdn (khmih-), ad. from a distance or as a spectator (as, "" nga shu ia khraWi pyrmdn ia u Kbasi mynta ""). Pyrsa, n, a nephew or niece ; {uoc.) a son or daughter-in-law.",186,0.975,1,no,pending,yes
kha-n1906-002846,pyrkhat,pyrkhat,verb,word,"to consider, to think, \_lmit. pyrkhat-pyrdain .]",186,0.975,1,no,pending,yes
kha-n1906-002847,pyrkhing,pyrkhing,adverb,word,"tightly, strictly. * Hindi. 168 PYRKHUNG PYRTO P^^kli""^^' [ ^' ^° ^Gnd, to arch.",186,0.975,1,no,pending,yes
kha-n1906-002854,pyrsa-ksiew,pyrsa-ksiew,noun,compound,a grand-niece or nephew (mother's side).,186,0.975,1,no,pending,yes
kha-n1906-002855,pyrsat,pyrsat,verb,word,"to breathe, to blow, to hiss.",186,0.975,1,no,pending,yes
kha-n1906-002856,pyrshang,pyrshang,verb,word,"to attempt, to try. Pyrshah, prep, against, opposite to.",186,0.975,1,no,pending,yes
kha-n1906-002857,pyrshen,pyrshen,noun,word,"a pimple, a stye. Pyrshong (soh), u, n. a kind of sour fruit,",186,0.975,1,no,pending,yes
kha-n1906-002859,pyrsia,pyrsia,verb,word,retail buying and selling. \_Imit. pyrsia-pyrkat.],186,0.975,1,no,pending,yes
kha-n1906-002860,pyrsit,pyrsit,noun,word,fine particles of broken rice or pulses.,186,0.975,1,no,pending,yes
kha-n1906-002861,pyrsut,pyrsut,noun,word,"a pair of bellows — v. to blow, to set air in current.",187,0.975,1,no,pending,yes
kha-n1906-002862,pyrta,pyrta,verb,word,"to cry out, to call aloud.",187,0.975,1,no,pending,yes
kha-n1906-002863,pyrta shnong,pyrta shnong,verb,phrase,to cry round the village.,187,0.975,1,no,pending,yes
kha-n1906-002864,pyrthat,pyrthat,noun,word,"thunder ; — kaha tied u pyrthat, a clap of thunder.",187,0.975,1,no,pending,yes
kha-n1906-002865,pyrthei,pyrthei,noun,word,"the world, \_phr. ym don 2^yrtkei=Yevy, exceedingly.]",187,0.975,1,no,pending,yes
kha-n1906-002866,pyrthiew,pyrthiew,verb,word,to come out (as an eruptive disease) ; to burst (of roasted grain).,187,0.975,1,no,pending,yes
kha-n1906-002867,pyrthuh,pyrthuh,verb,word,"to imitate. Pyrto, V, to cherish a grateful remembrance of. 169 PYRTON RAH *Pyrton, ka^ n. a regiment.",187,0.975,1,no,pending,yes
kha-n1906-002869,pyrtuh,pyrtuh,noun,word,"a domestic-poojah of a S'iem (same as "" pai'tuli "").",187,0.975,1,no,pending,yes
kha-n1906-002868,pyrtung,pyrtung,adverb,word,"bulgingly (as, '* ka doh ka at pijrtung ba dait u dkhevv"").",187,0.975,1,no,pending,yes
kha-n1906-002870,pyrwa,pyrwa,verb,word,"to care, to be miudful of. E. R — The sixteenth letter in the Khasi Alphabet. Rakaid, «. young, stunted, [as, "" u khynnah ubadang rakdid u shian ba'n dih duma.""] Rakep (bah-), «cjf. awkwardly (carrying a big person on the back, or sticking to another's back), [as, "" u khynnah uba la san ruh u phah bah raktp ha i kmie.""]",187,0.975,1,no,pending,yes
kha-n1906-001332,qnercus spiuid,qnercus spiuid,adjective,phrase,"Dienglieng, ka^ n. the name of a tall and straight tree. {Bot.)",78,0.975,1,no,pending,yes
kha-n1906-002914,r'eng,r'eng,adverb,word,"raised by a prop on one side, (as, "" ka kpoh ka long kum- no re r'eng "") ; same as ryeng.",190,0.975,1,no,pending,yes
kha-n1906-002877,radha,radha,noun,word,"a goose. Rang, V. to cease to rain, to be fine (said of weather), rang, {abbrev. of shynrang), a male. rangbah, u, n. a man, an elder ; — a. grown up. [",188,0.975,1,no,pending,yes
kha-n1906-002881,rah-rong raman eah-rong,rah-rong raman eah-rong,verb,phrase,"to carry about as a show ; to expose other's faults, to calumniate. \Jm%t. rah-rong rah-ndm.] Kai, V. to decide, to pass orders. 'rai {ahhrev, of krai), «, n. millet, as u riishan, r««soh, ri^truh.",188,0.975,1,no,pending,yes
kha-n1906-002883,raiep,raiep,adverb,word,"like a fool clad in shabby clothes (as, "" balei me ieng raiep hangne ?"")",188,0.975,1,no,pending,yes
kha-n1906-002885,raiot,raiot,noun,word,"a subject, a rayat.",188,0.975,1,no,pending,yes
kha-n1906-002871,raked,raked,adverb,word,"in ragged or torn clothes, [as, "" ynda shang khldw eh, ki jaifi ki jot raked.^'",187,0.975,1,no,pending,yes
kha-n1906-002872,raken,raken,adverb,word,"waddlingly, (as, "" u iaid raken ba sa tohjdw"").",187,0.950,1,no,pending,yes
kha-n1906-002873,rakhe,rakhe,verb,word,"to observe. V Rakho, u, n. one who tends cattle, a cowherd.",187,0.975,1,no,pending,yes
kha-n1906-002874,rakot,rakot,noun,word,"a rakshasas, — a. voracious, greedy. Raktui,",187,0.975,1,no,pending,yes
kha-n1906-002896,ram,ram,adverb,word,"fiercely (like a tiger), [as, "" nga ioh-i ia u khla uba heh ramd?i.^'^ » Hindi, 171 RAM-EW RENG-'MAT E.am-ew, ka, n. tlic goddess of earth, the ground ; terra firma.",189,0.975,1,no,pending,yes
kha-n1906-002897,ramhah,ramhah,noun,word,a g-iant.,189,0.975,1,no,pending,yes
kha-n1906-002903,ranap,ranap,noun,word,the slope of a hill.,189,0.975,1,no,pending,yes
kha-n1906-002879,rang-'iar-khad,rang-'iar-khad,noun,compound,a sacrificial cock.,188,0.950,1,no,pending,yes
kha-n1906-002880,rangli,rangli,noun,word,"a poor lonely woman. [Imit. ka raugli-ka Juki,] Rah, V. to lift, to carry. * Hindi, 170",188,0.975,1,no,pending,yes
kha-n1906-002904,rani,rani,noun,word,"a reward given to the discoverer of a lost article, 'rap, 1. (abbrev. of iarap), v. to help ; 2. {abbrev. of "" trdp ""); — ka^ n. a",189,0.975,1,no,pending,yes
kha-n1906-002906,rapiej,rapiej,adverb,word,"as if pressed with a heavy load on the back, [as, '* nga iashem ia u ba u kit rapiej la u phan shi byrni.""]",190,0.975,1,no,pending,yes
kha-n1906-002907,rashi,rashi,noun,word,a sickle.,190,0.975,1,no,pending,yes
kha-n1906-002908,rashing,rashing,noun,word,"a slope, a side of precipice.",190,0.975,1,no,pending,yes
kha-n1906-002909,rasong,rasong,noun,word,"great good fortune ; the goddess of good luck. Rat, '0. to up-root. [Imit. rat-thiew.]",190,0.975,1,no,pending,yes
kha-n1906-002910,ratap,ratap,noun,word,"a piece of plaited bamboo work to protect the body from the impact of a load when carrying it ; a trap. Rat-da, ^/zr. used with yn or ym ; to denote conditional possibility ; as, "" u'n ra^f c^^ lei lada phi leit "" ; "" ym rat da lah batai ia kane.""",190,0.975,1,no,pending,yes
kha-n1906-002911,rati,rati,noun,word,a small seed used for weighing gold and silver ; a very small quantity.,190,0.975,1,no,pending,yes
kha-n1906-002884,rdid,rdid,adjective,word,"stunted, dwarfish, degenerated. Rain, ka^ n. self-respect, honour. Raimaw-raidieng, (her-, phet-), ad. wildly, anywhere and every- where (run), [as, "" ki kynthei tang shu ioh-i ia ki Sik ki her rainidiv-raidieng ^^""l",188,0.975,1,no,pending,yes
kha-n1906-002912,rdong,rdong,adverb,word,"in an arched position, as a cat does before springing on a rat.",190,0.975,1,no,pending,yes
kha-n1906-002913,red,red,noun,word,"a fabulous sea-monster, a brave or daring fellow. R'e, ai. full (as, "" nga sngewdap ka kpoh r'e ba nga bam soh- phlang "") ; puffed up (belly) ; same as rye.",190,0.975,1,no,pending,yes
kha-n1906-000110,relative pro,relative pro,noun,phrase,", as, Imba, uba, etc. 4. V. to flash, to light [as, "" ka leilieh ka &«.""] 'ba {abbrev. of kba), n, n, paddy, as, u '&a-lum= highland rice.",11,0.975,1,no,pending,yes
kha-n1906-002915,reng,reng,noun,word,"a horn, an antler.",190,0.975,1,no,pending,yes
kha-n1906-002916,reng-ngap,reng-ngap,noun,compound,the cheek-bone.,190,0.975,1,no,pending,yes
kha-n1906-002956,ri-war,ri-war,noun,compound,the lowlands on the southern slopes of the Khasi and Jaintia Hills.,193,0.975,1,no,pending,yes
kha-n1906-002945,rijied,rijied,noun,word,a post. \^Imit. u rijied-u khnong.],193,0.975,1,no,pending,yes
kha-n1906-002931,rikap,rikap,noun,word,"a stirrup. lii-kynti, ka, n. a private landed property. E^iew, V. to give out a sound, to produce a sound. ' rie\Y, 1. {abbrev. o{ britw),n.a,i)eYSon; 2. {abbrev. of shriew) an arum. riewbah, n. one who is not related, a stranger. [Imit.",192,0.975,1,no,pending,yes
kha-n1906-002946,rim,rim,adjective,word,"old. 'rimet, ?/, n. a large rattan cane {Bot calamus).",193,0.975,1,no,pending,yes
kha-n1906-002947,rin,rin,adverb,word,"in a row or line (as, ""ki briew ki ieng, rin, harud wah"").",193,0.975,1,no,pending,yes
kha-n1906-002937,ring-dong,ring-dong,verb,compound,to do a thing so as to suit one's interest or object.,193,0.975,1,no,pending,yes
kha-n1906-002939,ringmaw,ringmaw,verb,word,"to bring a monolith from a distance. Ring saiphla, ""v. to confirm a statement by referring to an eye- witness who would act as an arbiter.",193,0.975,1,no,pending,yes
kha-n1906-002940,ringsamthiah,ringsamthiah,verb,word,to be drowsy.,193,0.975,1,no,pending,yes
kha-n1906-002941,ringsan,ringsan,verb,word,"to catch fish by driving them along in water with a bamboo fence. Rinsrsdot, ) , • . -, .1 r>- "" J z/. to pine away, to languish.",193,0.975,1,no,pending,yes
kha-n1906-002942,ringsur,ringsur,verb,word,to sing.,193,0.975,1,no,pending,yes
kha-n1906-002943,ringtyllai,ringtyllai,noun,word,a tug-of-war.,193,0.975,1,no,pending,yes
kha-n1906-002944,ringtyrkhong,ringtyrkhong,verb,word,"deject, depress, pine away. Rih, V. to hide ; — u, n. a fever demon ; ague.",193,0.975,1,no,pending,yes
kha-n1906-002950,risang,risang,noun,word,a squirrel.,193,0.975,1,no,pending,yes
kha-n1906-002951,risaw,risaw,noun,word,October ; a small bamboo used for making arrows.,193,0.975,1,no,pending,yes
kha-n1906-002952,rishot,rishot,noun,word,"the chief post, a pillar.",193,0.975,1,no,pending,yes
kha-n1906-002953,rit,rit,adjective,word,small.,193,0.975,1,no,pending,yes
kha-n1906-002955,rit-jingmut,rit-jingmut,adjective,compound,narrowminded.,193,0.975,1,no,pending,yes
kha-n1906-002954,riti,riti,noun,word,"legal customs, established customs.",193,0.975,1,no,pending,yes
kha-n1906-002957,rmen,rmen,noun,word,the people living in the north of the Nongkhlaw elaka ; valleys.,193,0.975,1,no,pending,yes
kha-n1906-002959,rmiang rot vrmiang shyntur,rmiang rot vrmiang shyntur,noun,phrase,"the lip. Rmiew (um-), ka, n. exudation on a wound or sore, serum.",194,0.975,1,no,pending,yes
kha-n1906-002962,rnai,rnai,noun,word,"a tough kind of bamboo, used in making string (same as mriai). R6, ka, n. mercury. i",194,0.975,1,no,pending,yes
kha-n1906-002960,rniang,rniang,noun,word,an anvil.,194,0.975,1,no,pending,yes
kha-n1906-002961,rnong,rnong,noun,word,"brass or bronze. Rnuid, ^. having groves as a peeled orange; — n. ka, rnuid=^^YOYes, furrow.",194,0.975,1,no,pending,yes
kha-n1906-002963,rong,rong,noun,word,"colour, paint ; a show, a display \fmit. ka rong ka rup.] — V. to carry between the teeth, as a cat does a rat ; to carry away. Bongbthuh, ka^ n. gray or mouldy colour.",194,0.975,1,no,pending,yes
kha-n1906-002978,rsham rutl' ksham,rsham rutl' ksham,noun,phrase,"all the necessary tilings spread on the ground at the time of making a sacrifice, {^e.g. bottle -gourd, leaves, rice, a sieve, etc.). Rshiang, «, n. a kind of sun-grass. E-ta, ka^ n. age (same as ryta or yrta), Etan, '\ad. fast (cling), [as, ""ba'n leit shaiio shano ruh ym Eten, ) lait ba une u khiin u bat rten!^ ]",195,0.975,1,no,pending,yes
kha-n1906-002979,rtiang,rtiang,noun,word,"a tree bearing that name, {Bot. Quercus serrata),",195,0.975,1,no,pending,yes
kha-n1906-002999,rwai-mylluug,rwai-mylluug,verb,compound,"to sing a pathetic song. E/wat, V. to be on the lookout ; to explore ; — ka, n. a trace (road). Kwiiig, (wan-, leit-), v. to go and return the same day.",196,0.975,1,no,pending,yes
kha-n1906-003000,rwiang,rwiang,noun,word,"hxok.^Imit. ka bok-ka rwiang.] Bwieng, u^ n. the intestines of a bird.",196,0.975,1,no,pending,yes
kha-n1906-003018,ryadang-kti,ryadang-kti,noun,compound,the wrist.,197,0.975,1,no,pending,yes
kha-n1906-003001,ryben,ryben,adjective,word,thick (same as rben).,196,0.975,1,no,pending,yes
kha-n1906-003019,ryn-ieng,ryn-ieng,noun,compound,stature. [Imit. ryn-ieng-ryn-iot.],197,0.975,1,no,pending,yes
kha-n1906-003007,ryngkew ka,ryngkew ka,noun,phrase,dry land (as opposed to water).,196,0.975,1,no,pending,yes
kha-n1906-003011,ryngkiih,ryngkiih,adverb,word,"bending, but tall and big. Eynghang, ^^. widely open, ajar, (as, ""wat ieh rynghang ia ka iing""). Ryngiew {see ""rngiew"").",196,0.975,1,no,pending,yes
kha-n1906-003012,ryngmang-ryngmang,ryngmang-ryngmang,adverb,reduplication,"quite unexpectedly, fas, ""ei ba'n leit lah 'kven ri/ngmang-rj/ngmang ha u paitbah?"")",197,0.975,1,no,pending,yes
kha-n1906-003009,ryngngi,ryngngi,noun,word,"the sunny side of a place, (the opposite of dymmieio), Eyngkhai (ot), ad. closely, too near (cut), [as, ""wat ot ryngkhdi eh ia u dieng.""] Eyngkbat, ad, accidentally, by chance, [as, "" nga shu iashem ryngkhat ia u,""] Ryngkhi, (bud-), ad. following very closely (of children's ages); — ka, n, the back (of a knife or sword).",196,0.975,1,no,pending,yes
kha-n1906-003013,ryngwiang,ryngwiang,noun,word,a fishing rod; a small leafless bamboo.,197,0.975,1,no,pending,yes
kha-n1906-003022,rynniaw,rynniaw,noun,word,a black bird with a long tail which imitates the cries of other birds.,197,0.975,1,no,pending,yes
kha-n1906-000086,s,s,adjective,word,"2p. Same as Arshyieiig. Arsicn, ado, twice.",9,0.975,1,no,pending,yes
kha-n1906-003062,s'aid-ding,s'aid-ding,verb,compound,"to warm near the fire,",201,0.975,1,no,pending,yes
kha-n1906-003065,s'aid-sngi,s'aid-sngi,verb,compound,to bask in the sun. Same as syaid-sngi.,201,0.975,1,no,pending,yes
kha-n1906-003105,s'at sawriang s'at,s'at sawriang s'at,adjective,phrase,"addicted to, much given to. Same as syat.",203,0.975,1,no,pending,yes
kha-n1906-003150,s'ep,s'ep,noun,word,"perspiration, sweat, same as syep, Bep'ngi, 7ccf, n. the west, Ser, ka^ n. a seer =80 tolas. Set, V. to shut, to confine, to close, 'scw {abbrev. of ksew), n. a dog. 187",206,0.975,1,no,pending,yes
kha-n1906-003430,s'iang,s'iang,adjective,word,"high (pitch). Same as syiang. Siang-tyrpeng, ka, n, the shoulder-blade. Siah, V. to pare, to cut.",222,0.975,1,no,pending,yes
kha-n1906-003433,s'iar,s'iar,noun,word,"a cock, a hen, a fowl, (same as syiar).",223,0.975,1,no,pending,yes
kha-n1906-003450,s'iem,s'iem,noun,word,"a king, a chief, any member of a Siem family. \Imit. u S'iem-u kmie.] same as syiem.",224,0.975,1,no,pending,yes
kha-n1906-003451,s'iem-iong,s'iem-iong,noun,compound,a term applied to the S'iem of Nongspung.,224,0.975,1,no,pending,yes
kha-n1906-003452,s'iem-lieh,s'iem-lieh,noun,compound,a term applied to the S'iem of Nongkhlaw.,224,0.975,1,no,pending,yes
kha-n1906-003453,s'iem-sad,s'iem-sad,noun,compound,"the eldest or the youngest female member of the kS'iem's family, who has the charge of sacrificial ceremonies.",224,0.975,1,no,pending,yes
kha-n1906-003454,s'iem-shillong,s'iem-shillong,noun,compound,"the original name by which the Siems of I Khyrim (Nongkrem and Mylliem) were called, it is still used by the country people. Sien, V. to adorn, to deck, to put on as a flower. — Sien, (sufS.x)= time; as, shis^e;^=once, ars^Vfi, etc. Siep, V. to swell, to bulge out.",224,0.975,1,no,pending,yes
kha-n1906-003465,s'ir,s'ir,adjective,word,"to feel giddy ; to be afraid of. Same as syier, Sisa, kat n. lead.",225,0.975,1,no,pending,yes
kha-n1906-003060,s'liid,s'liid,adjective,word,"warm, same as sydid.",201,0.975,1,no,pending,yes
kha-n1906-003108,sa-tdani,sa-tdani,adverb,compound,"short and stout, [as, "" I D i long i hriew iba lyng- kot sci-tdamr^ Satep, Ica^ n. thatch at the ridges of the roof of a house.",203,0.975,1,no,pending,yes
kha-n1906-003030,sab,sab,adjective,word,cleanly. [,198,0.975,1,no,pending,yes
kha-n1906-003032,sabiah,sabiah,adverb,word,"at all; — 7z. u sabiah, rice cropped during the rainy season.",198,0.975,1,no,pending,yes
kha-n1906-003033,sabniup,sabniup,adverb,word,"hairy, bushy [as, ""u shniuh ka dngiem u heh sabnuip.''^'] fSabon, ka, n. soap. Sabuit, -u. to corrupt a thing by enchantment or witchery, (applicable to eatable things only) \ to have "" an evil eye."" \Imit. sabuit-sakai.] Sabut, ka^ n. proof, clue. Sak, ad, straightway, straight ahead (as, "" ka lynti ka beit sak nangne haduh iing "").",198,0.975,1,no,pending,yes
kha-n1906-003044,sadai,sadai,noun,word,earnest money.,199,0.975,1,no,pending,yes
kha-n1906-003045,sadhai,sadhai,adverb,word,"at pleasure, at random, (as, laid sadMi). Sadom, V. to drag or beat. Sador, ka, n, tin.",199,0.975,1,no,pending,yes
kha-n1906-003053,sah-daifimur,sah-daifimur,noun,compound,a form of punishment in the Khasi Penal Code by which a criminal is confined for hfe,200,0.975,1,no,pending,yes
kha-n1906-003057,sah-nang-ang,sah-nang-ang,verb,compound,"to be known as a tell-tale. \_Imit. sahnang ang. sahnanghap.] Sah-pud, V. to be omitted.",200,0.975,1,no,pending,yes
kha-n1906-003058,sah-teng,sah-teng,noun,compound,"what still remains to be done or completed. Sah'ti, \j Bati, j ^^^' ^' ^ '^^-- Bahuh, (leh-), ad. lavishly, prodigally. 'sai, {ahhrev. of hsdi)^ u, n. thread. 'sai-kait, w, w. a fibre of a plantain tree.",200,0.975,1,no,pending,yes
kha-n1906-003052,saham,saham,verb,word,"to yawn ; to warn, to hint at. Sfihkut, V. to be confined or kept in a place.",200,0.975,1,no,pending,yes
kha-n1906-003056,sahiaw 'sai-nar sahiaw,sahiaw 'sai-nar sahiaw,noun,phrase,"asthma ; a bronchial wheezing sound. Sahit, Ica^ n. firmament, sky. Sah-jit, V. to remain imnoticed or rejected by all.",200,0.975,1,no,pending,yes
kha-n1906-003061,said-ksan,said-ksan,verb,compound,to hold on in argument in spite of failure with a view to carry the point.,201,0.975,1,no,pending,yes
kha-n1906-003063,said-lah,said-lah,verb,compound,to keep on arguing in spite of failure ; obstinately stupid.,201,0.975,1,no,pending,yes
kha-n1906-003064,said-lwet,said-lwet,verb,compound,to gossip.,201,0.975,1,no,pending,yes
kha-n1906-003066,said-thma,said-thma,verb,compound,"{originally to debate) ; to deliver a speech in a Khasi Darbar ; to babble, \^Imit. saidthnia-saidktien.] 'saihpn, ?;, n. sun-hemp. 'sailung, ha^ n, a jhumed piece of land recently allowed to run waste.",201,0.975,1,no,pending,yes
kha-n1906-003077,saja,saja,noun,word,"punishment, — v. to punish.",202,0.975,1,no,pending,yes
kha-n1906-003034,sakar,sakar,adverb,word,"not closely, apart from one another (as, ""ieng sakdr wat ia ieng syndah eh""). Sa-ka-said, ) (lait-), <?cZ. very narrowly (escaped), [as, "" sa-i-sdtd Sa-i-^aid, ) bau maw bakawangu brie w u'n deiia nga.""]",198,0.975,1,no,pending,yes
kha-n1906-003035,sakhap,sakhap,adjective,word,lean and stunted.,198,0.975,1,no,pending,yes
kha-n1906-003036,sakhi,sakhi,noun,word,witness ; evidence. [/miL sakhi-satar.],199,0.975,1,no,pending,yes
kha-n1906-003037,sakhiih,sakhiih,verb,word,"to knock the head against, to butt. tSakhoit, u, n. itch caused by a parasite.",199,0.975,1,no,pending,yes
kha-n1906-003038,sakhrai,sakhrai,verb,word,"to feel tired or stiff. Sak'iah, ka,, n. hiccough, same as saki/iah.",199,0.975,1,no,pending,yes
kha-n1906-003043,sakiii,sakiii,adverb,word,"covered with longhair all over like a bear. Sad, ka, n, a ceiling ; the goddess who takes care of the Siem's clan, — y. to comb ',~iingscid, the house where the Siem performs his poojah, I.e., the house of the S'iem's youngest sister or niece. yivtit. ka sM-ka sunon.] *^ada, a. blank, plain.",199,0.975,1,no,pending,yes
kha-n1906-003039,sakma,sakma,verb,word,"to go astray. tSakor, ba, n. wet sugar, unrefined sugar. Sak-sak (laid-), ad. straight on (walk), precariously (ill), {pt-'^ without any consideration or mercy. oV.i ^' [ ad. reaching down to the knee like a clergyman's coat.",199,0.975,1,no,pending,yes
kha-n1906-003040,saktiaw,saktiaw,adverb,word,"like a poor little girl, [as, ""ine i khynnah i leh saktiaw ialade, balei? ""] * Hiudi. 1 t Bengali. 180",199,0.975,1,no,pending,yes
kha-n1906-003041,saktup saheb saktup,saktup saheb saktup,adverb,phrase,"like a bull frog, [as, ""nga ioli-i ia ka hynroh kaba licli saktupy^",199,0.975,1,no,pending,yes
kha-n1906-003042,sakuda,sakuda,noun,word,"a iiotcli or corn ; hard swelling. Sakud6m-rai-eh, z, n. a thick-set fellow.",199,0.975,1,no,pending,yes
kha-n1906-003078,sala,sala,noun,word,cotton cloth.,202,0.975,1,no,pending,yes
kha-n1906-003079,salia,salia,adjective,word,"disgusted, tired of, bothered. [Imit. salia-salait.]",202,0.975,1,no,pending,yes
kha-n1906-003080,salit,salit,adverb,word,"not in the body but from the side, (as, ""u kuli u shu dei • sallt nadong u maw ""), — ka, n. chip. \Imxt. salit-samong.]",202,0.975,1,no,pending,yes
kha-n1906-003081,salu,salu,noun,word,"a red cotton cloth. Sam, V. to divide, to share.",202,0.975,1,no,pending,yes
kha-n1906-003082,sam,sam,verb,word,"to bore, to pierce ; (prefix) to feel inclined, to feel a desire (as, in saw-thiah, sam-khyndew) . S'am, V. to be peevish, to be sulky (same as syarri).",202,0.975,1,no,pending,yes
kha-n1906-002179,same as lymu,same as lymu,noun,phrase,12B,140,0.975,1,no,pending,yes
kha-n1906-003083,sameh-blang,sameh-blang,noun,compound,a kind of shrub having tough bark and milky juice.,202,0.975,1,no,pending,yes
kha-n1906-003084,samep,samep,adjective,word,"woolly, thick with hair, [as, "" u niuhtmoh jong u uba",202,0.975,1,no,pending,yes
kha-n1906-003091,samiih,samiih,adverb,word,"with a long beard, [as, ""u dkhar uba jrong u niuhtmoh samuh.""] San, n, five ; — v. to grow np.",202,0.975,1,no,pending,yes
kha-n1906-003085,samla,samla,noun,word,a youth. \_Imit. samla-samhoi.] * HindL I X English. I 183,202,0.975,1,no,pending,yes
kha-n1906-003086,sammut sat sammut,sammut sat sammut,adjective,phrase,"funny, fanciful, exciting mirth (as, ""pLikIiies^»i«*e^^ aiu ? u wan leh sammut T)",202,0.975,1,no,pending,yes
kha-n1906-003087,samoi,samoi,noun,word,"season, time.",202,0.975,1,no,pending,yes
kha-n1906-003088,samparat,samparat,noun,word,"a kind of palm-tree with plicated leaves which generally grows on precipices. Samsam, ad, bitter (cold), [as, "" ka um ka la daitthah samsam.^'']",202,0.975,1,no,pending,yes
kha-n1906-003089,samsia,samsia,adjective,word,terrible-looking.,202,0.975,1,no,pending,yes
kha-n1906-003090,samtari,samtari,noun,word,"a sentinel. Samtawi (shad-), v. to have giddiness.",202,0.975,1,no,pending,yes
kha-n1906-003092,sanad,sanad,noun,word,a sanad or appointment letter (same as sunod).,203,0.975,1,no,pending,yes
kha-n1906-003046,sang,sang,adjective,word,"incestuous, sacrilegious, forbidden; taboo ;~;z. sangia and sangkla are certain religious observances of the War people, l^hnit. ka sang-ka ma.] S'ang, V. to roast, to toast, same as syang.",199,0.975,1,no,pending,yes
kha-n1906-003047,sangam,sangam,noun,word,the part of the jungle thick with trees and wet. l^hmt. ka sangam-ka sajah.],199,0.975,1,no,pending,yes
kha-n1906-003048,sangeh,sangeh,verb,word,"to pause, to stop. "" ^ixn^em.ad. inwardly, secretly (as, "" ka met baroh shirynneng ka shu pang sange??t"").",200,0.975,1,no,pending,yes
kha-n1906-003049,sangoh,sangoh,verb,word,"to butt (the head). Sangot, w, «. a town crier, a village policeman or petty official.",200,0.975,1,no,pending,yes
kha-n1906-003050,sangrang,sangrang,adverb,word,"dear, (as, "" kane ka jain ka la rem sangrang eh""); — a. hard, unrelenting.",200,0.975,1,no,pending,yes
kha-n1906-003051,sangsot,sangsot,adjective,word,"^ forbidden, piteous, [as, '' kaba mgQwsangsot ba'n lehbeiii ia kiba pli ki khunswet.""] Sah, -u. to remain, to lag or stay (behind) ; to elbow, to strike, to i-am ; (^suffix) over and over the same thing, continually fas' lehsaA, shongsa^, ihiaXisah, ieng.saA.]",200,0.975,1,no,pending,yes
kha-n1906-003094,saniur,saniur,adjective,word,"like a heap of tall grass, [as, "" balei phi iehnoh sahitir la ka kper.""']",203,0.975,1,no,pending,yes
kha-n1906-003093,santer,santer,verb,word,"to grow up prematurely (of person). Sani, 7;. to remand a case for retrial. Sanium, ka, w. a place overgrown with grass.",203,0.975,1,no,pending,yes
kha-n1906-003095,sap,sap,noun,word,"inherent quality, instinct ; alloy ; genius ; — hamsap, to take bribes.",203,0.975,1,no,pending,yes
kha-n1906-003096,sapa,sapa,adjective,word,"enough, sufficient (genera'ly used with ym, as, ""phi ai khyndiat eh ym sngew sapa ei ei ""). ""Saphriang, v, to spread, to extend.",203,0.975,1,no,pending,yes
kha-n1906-003097,saphret,saphret,adjective,word,"scattered; — ki, ?^. crumbs. [Imii. saphret-saphrong.]",203,0.975,1,no,pending,yes
kha-n1906-003098,sapiet,sapiet,noun,word,"a splinter, a chip. [ImU. ka sapiet ka sapai.]",203,0.975,1,no,pending,yes
kha-n1906-003099,sapoh,sapoh,noun,word,"rice mixed with yeast and fermented for making liquor, a malt.",203,0.975,1,no,pending,yes
kha-n1906-003100,sapra,sapra,verb,word,"to scatter. - Sar, V. to sweep ; — ka, n. serge, a Kashmiri chadar. Sara, u. to raise seedliugs for transplantation.",203,0.975,1,no,pending,yes
kha-n1906-003101,sarasg,sarasg,verb,word,"to become rusty ; — ka, n. rust.",203,0.975,1,no,pending,yes
kha-n1906-003102,saraw,saraw,noun,word,"an earthen saucer or plate. Sarew (prum), ka, n. scab of a sore, scales.",203,0.975,1,no,pending,yes
kha-n1906-003103,saro,saro,noun,word,a bird of the starling family.,203,0.975,1,no,pending,yes
kha-n1906-003104,sarong,sarong,adjective,word,"proud ; — ka, n. a kind of violin. 3at, a. hot, acrid, pungent j — ad. sorely ; — ka^ n. trouble, calamity. \_Imit. ka sat-ka jew.] 18^",203,0.975,1,no,pending,yes
kha-n1906-003107,sat-hyrsia,sat-hyrsia,adjective,compound,"pungent, acrid.",203,0.975,1,no,pending,yes
kha-n1906-003115,sat-syllang,sat-syllang,adjective,compound,"very hot or painful. Satrew, ka^ n. sore caused by itch.",204,0.975,1,no,pending,yes
kha-n1906-003564,sata,sata,noun,word,"[Imii. u soitdn-u bhut.] same as suidtdn. Sop, V. to cover, to thatch; — ad. completely, as, *'bsuh sop hapoh"" u phlang.""",232,0.975,1,no,pending,yes
kha-n1906-003109,sathe,sathe,adverb,word,"with a big and long coat, [as, "" ki Bhutia ki phong ka sopti kaba heh sal he. """,204,0.975,1,no,pending,yes
kha-n1906-003110,sati,sati,noun,word,a ring.,204,0.950,1,no,pending,yes
kha-n1906-003112,sati-synjat,sati-synjat,noun,compound,"a wedding ring. Sati-yngkuid, Tca^ n. a magic ring in Khasi folklore, supposed to have the same virtue as the "" Wonderful Lamp "" of the Arabian Nights.",204,0.975,1,no,pending,yes
kha-n1906-003111,satia,satia,adverb,word,"at all; sngew satia, v. to feel annoyed at; /eh salia, to annoy, to tease.",204,0.975,1,no,pending,yes
kha-n1906-003113,satlak,satlak,adverb,word,"all over (as, "" saflak ka pyrthei ki kmie ki ieit ia la kikhun"").",204,0.975,1,no,pending,yes
kha-n1906-003114,satlip,satlip,adverb,word,"with swollen eyelids. Sator, «. weak, unsteady, [hnit. sator-sajap.]",204,0.975,1,no,pending,yes
kha-n1906-003116,saw,saw,adjective,word,"four ; red. S'dw, "") V. to put near the fire, to expose to the action of Syaw, ) smoke. Sawa, V. to sound, to echo.",204,0.975,1,no,pending,yes
kha-n1906-003119,saw-ka-siau,saw-ka-siau,phrase,compound,"excitement ; heat of passion. Sawdong, «. four-cornered ; — ad. all-round. — ka, n. a square.",204,0.975,1,no,pending,yes
kha-n1906-003125,saw-saw-mynsiem,saw-saw-mynsiem,adjective,reduplication,"hot-tempered, irritable. Sawsyng-iang, «. bright red, crimson.",204,0.975,1,no,pending,yes
kha-n1906-003117,sawang,sawang,adjective,word,light ; portentous.,204,0.975,1,no,pending,yes
kha-n1906-003118,sawar,sawar,noun,word,a plummet.,204,0.975,1,no,pending,yes
kha-n1906-003120,sawiah-bseifi,sawiah-bseifi,noun,compound,a spenies of wild arum very common in the Khasi and Jaintia Hills.,204,0.975,1,no,pending,yes
kha-n1906-003121,sawlia,sawlia,adjective,word,very tender and reddish.,204,0.975,1,no,pending,yes
kha-n1906-003122,sawphew,sawphew,adjective,word,forty.,204,0.975,1,no,pending,yes
kha-n1906-003123,sawrang,sawrang,adjective,word,red (sunburnt).,204,0.975,1,no,pending,yes
kha-n1906-003124,sawreng,sawreng,adjective,word,"brown (as if from smoke). Sawriang, a, red (like the dawnj. 185 SAWRIEJ SKUL ^^^r^j'. ] a. bloodshot, bawtriej, )",204,0.975,1,no,pending,yes
kha-n1906-003126,sawtriang,sawtriang,adjective,word,red (as from anger) .,204,0.975,1,no,pending,yes
kha-n1906-003127,sbak,sbak,adverb,word,"with a thud (falling). Sbai, u,7i. a cowry ; shell ; money. kSbiak, ) acZ. exactly (fit), [as, "" ka jingtap ka biang hh.^ sbiak Sbok, ) ha ususpon.""J kiboh, kcf, u. manure ; — a, thick (as rice-water), — leh sboh, to pretend to be kind.",204,0.975,1,no,pending,yes
kha-n1906-003128,sbu,sbu,noun,word,"a plant yielding a black colour used in dyeing cloths {Bot. Strohilanthes flacidif alius) . Sbuh, y. to affect to be kind.",205,0.975,1,no,pending,yes
kha-n1906-003130,sbur,sbur,adjective,word,rich (soil).,205,0.975,1,no,pending,yes
kha-n1906-003129,sbuu,sbuu,adjective,word,"kind, good-hearted, generous.",205,0.975,1,no,pending,yes
kha-n1906-003144,sdung,sdung,adjective,word,"good-sized (fish). Seng, V. to lay as a foundation ; — ha^ n. an organization ; a com* munity ; meeting of a family or clan. Sengkhiin, t;. to be pregnant. 'seh, {ahhrev. of kseh), u, n. pine-wood. Seh, — a word used to complete a statement or to soften an express sion ; as, '*kam long kumta mo seh ? ai seh kato ka tari."" *seh-blei, lea, n. (Bot. Ta^us baccata), a species of tree.",206,0.975,1,no,pending,yes
kha-n1906-000143,see 'b,see 'b,adjective,phrase,"Bam, D. to eat. \_Imit. bam-dih.]",13,0.975,1,no,pending,yes
kha-n1906-002432,see narli,see narli,adjective,phrase,"g. Nat, ka^n. a bunch of plantains;—?*, w. (an abbrev. o^ pnat) v^. branch of a tree (cut so as to resemble a prong).",155,0.975,1,no,pending,yes
kha-n1906-003146,sei,sei,verb,word,to produce ; to pull out ; to bring forth.,206,0.975,1,no,pending,yes
kha-n1906-003147,sei lapeh,sei lapeh,adjective,phrase,"to have plenty of leaves, but without grain or fruit. Sei-luDg, 1). to sprout, to shoot forth. 'sein {ahhrev. of bsein), u, ??. a snake ; -iov.g, a cobra [^-her, -tyrnem^ ""thli, 'tameli, 'tyrsia, 'Star, etc., are names of different kinds of snakes.]",206,0.975,1,no,pending,yes
kha-n1906-003148,seisoh,seisoh,adjective,word,"productive, fruitful.",206,0.975,1,no,pending,yes
kha-n1906-003149,sem,sem,noun,word,"a shed, a pen ;— z>. to wear a cloth (apron) called "" ka jainsem.''* Sep, V. to go down (sun), to set ; — a. having no ' grain inside a pod.",206,0.975,1,no,pending,yes
kha-n1906-003200,sh'ah,sh'ah,noun,word,"a cactus, same as slnjah»",209,0.975,1,no,pending,yes
kha-n1906-003278,sh'iap,sh'iap,noun,word,sand.,213,0.975,1,no,pending,yes
kha-n1906-003299,sh'ing,sh'ing,noun,word,"a bone. \Imit. ka sh'ing-ka shrub.] — a cowrie a pice (when used after cardinal numbers); — w, n. a seed. Sanpiu as shyieng.",214,0.975,1,no,pending,yes
kha-n1906-003300,sh'ing-budlum,sh'ing-budlum,noun,compound,the spine.,214,0.975,1,no,pending,yes
kha-n1906-003241,sha-pushi,sha-pushi,noun,compound,"a tea-pot. 8har, v. to choke ; — ha, n. a funnel.",210,0.975,1,no,pending,yes
kha-n1906-003183,shaba kurat,shaba kurat,noun,phrase,sawdust.,208,0.975,1,no,pending,yes
kha-n1906-003185,shabdr,shabdr,adverb,word,"outside, externally.",208,0.975,1,no,pending,yes
kha-n1906-003184,shabein,shabein,adverb,word,"big and distorted (mouth) ; [as, "" ki Negro \i don ka shyntur kaba heh shabeiil.'' ]",208,0.975,1,no,pending,yes
kha-n1906-003186,shabi,shabi,noun,word,"a key. Shak (mar-), a. exactly equal ; — n. a bundle of dried fish.",208,0.975,1,no,pending,yes
kha-n1906-003193,shad,shad,verb,word,"to dance. [Imit. shad-kmen.] Shdd-khalek, v, to dance round a group of girls dancing ^by men only).",208,0.975,1,no,pending,yes
kha-n1906-003194,shadem,shadem,noun,word,the chest; the breast. [Imit. ka shadem-sharuh ],208,0.975,1,no,pending,yes
kha-n1906-003195,shadien,shadien,adverb,word,"behind. » Hindi. 189 SHAD-MASTIEH SHALANI Shad-mastieh, ha. n. a sword-dance. Sh;kl-nolikjat, ka, n. a dance performed by the meml3ers of tlie family who organise the occasion before the general dance. Sliado, *) 1 1 Shadod, j ""■ °^^-",208,0.975,1,no,pending,yes
kha-n1906-003196,shador,shador,noun,word,"a chadar ; a thin white cotton chadar. Shado-ki-shadia, ki^ n. old persons.",208,0.975,1,no,pending,yes
kha-n1906-003198,shaduh,shaduh,adverb,word,"up to, as far as.",209,0.975,1,no,pending,yes
kha-n1906-003203,shah-jing-it,shah-jing-it,verb,compound,to fast.,209,0.975,1,no,pending,yes
kha-n1906-003202,shahaw,shahaw,adverb,word,"having defective teeth (as, "" ka tymmen kaba la lop bniat shaliaio "").",209,0.975,1,no,pending,yes
kha-n1906-003201,shahksew,shahksew,noun,word,a sill.,209,0.975,1,no,pending,yes
kha-n1906-003204,shahshkor,shahshkor,verb,word,"to listen, to be attentive. Shai, V. to become clear, to become light.",209,0.975,1,no,pending,yes
kha-n1906-003206,shai-byrngut,shai-byrngut,verb,compound,to become twilight.,209,0.975,1,no,pending,yes
kha-n1906-003210,shaia,shaia,adjective,word,"twisted, warped (said of a plank); — n. the inhabitant of Shella-poonjee.",209,0.975,1,no,pending,yes
kha-n1906-003205,shaia,shaia,adverb,word,"late at night (as, wat iaid shaia).",209,0.975,1,no,pending,yes
kha-n1906-003207,shain,shain,verb,word,to chop.,209,0.975,1,no,pending,yes
kha-n1906-003208,shaiong,shaiong,verb,word,"to become dizzy, to be puzzled, to be dazed. Shait, V. to be active, to be healthy; to be accustomed to; to be impudent.",209,0.975,1,no,pending,yes
kha-n1906-003209,shaitmet,shaitmet,verb,word,to become healthy or strong.,209,0.975,1,no,pending,yes
kha-n1906-003187,shakhait,shakhait,verb,word,to handle or deal severely ; to gnaw.,208,0.975,1,no,pending,yes
kha-n1906-003188,shakhat,shakhat,noun,word,"a small bird. Sh;ikiar, ka, n. the side of a house, the eaves. [Imit. ka; shakiar-* sharali.]",208,0.975,1,no,pending,yes
kha-n1906-003189,shakri,shakri,noun,word,a servant. [Imit. shakri-shakor.],208,0.975,1,no,pending,yes
kha-n1906-003190,shaku,shaku,noun,word,a knife.,208,0.975,1,no,pending,yes
kha-n1906-003191,shakuriaw,shakuriaw,noun,word,a jingling small bell ; a tinkling cymbal.,208,0.975,1,no,pending,yes
kha-n1906-003192,shakyntir,shakyntir,noun,word,a small bird of moaldy colour.,208,0.975,1,no,pending,yes
kha-n1906-003212,shalai,shalai,verb,word,to manage.,209,0.975,1,no,pending,yes
kha-n1906-003211,shalak,shalak,adjective,word,"clever active, tactful.",209,0.975,1,no,pending,yes
kha-n1906-003213,shalami,shalami,adjective,word,"inclined, sloping.",209,0.950,1,no,pending,yes
kha-n1906-003214,shalan,shalan,verb,word,to export ; to send up.,209,0.975,1,no,pending,yes
kha-n1906-003215,shalani,shalani,noun,word,"a small round winnowing-basket ; a sieve. * Hindi. 190 SHALAP SHAp Slialap, hay n. a cliip, a small piece of wood split out of a big one.",209,0.975,1,no,pending,yes
kha-n1906-003217,shalor,shalor,adverb,word,"upwards. Slialt^i' 1 ^^' -^^'^^ ^^""^ ^^'^^' oviform. Shalyngka, % n. a lever, a jumper. Shalyng-or, i^ n. a spinning top.",209,0.975,1,no,pending,yes
kha-n1906-003218,shalyng-ur,shalyng-ur,noun,compound,"a kind of wasp. Slialymmen, Tca^ n. a small insect which chirps ; a cymbal.",209,0.975,1,no,pending,yes
kha-n1906-003219,shalynnai,shalynnai,noun,word,a small fish common in hill streams.,210,0.975,1,no,pending,yes
kha-n1906-003221,sham-sham,sham-sham,adjective,reduplication,"very precipitous, [as, "" ki pynnoh ia u 'men Lang- iiiuh na ka riat kaba shdin-shdm.^''",210,0.975,1,no,pending,yes
kha-n1906-003223,shamoit,shamoit,noun,word,a small spoon.,210,0.975,1,no,pending,yes
kha-n1906-003222,shamok,shamok,verb,word,"to produce fire from a flint, to strike (fire).",210,0.950,1,no,pending,yes
kha-n1906-003225,shana,shana,noun,word,"gram. Shanam,",210,0.975,1,no,pending,yes
kha-n1906-003229,shanduwa,shanduwa,noun,word,a high canopy made of cloth placed above the funeral pyre; (a shamianah).,210,0.975,1,no,pending,yes
kha-n1906-003230,shane,shane,adverb,word,"hither, this side.",210,0.975,1,no,pending,yes
kha-n1906-003231,shaneng,shaneng,adverb,word,upwards ; northward ; — n. north.,210,0.975,1,no,pending,yes
kha-n1906-003199,shang,shang,noun,word,"a basket; — v. to roam, to associate with. Sbah, V. to suffer, to endure, to permit ; to side with ; to be due from.",209,0.975,1,no,pending,yes
kha-n1906-003232,shaniah,shaniah,verb,word,"to trust, to lean on, to confide in. \Ijnit. shaniah- shakhien.]",210,0.975,1,no,pending,yes
kha-n1906-003234,shano,shano,adverb,word,where ?,210,0.975,1,no,pending,yes
kha-n1906-003236,shano-re-shano,shano-re-shano,adverb,compound,"somewhere. Bhdn'ti, V, to support or rest on the hand. Shc4p, ha^ 01. a seal, an impression. [Imit. ka sh^p-ka mohor.]'— V. to impress. * Hiudi. 191 SHAPHANG SHAWEI Bhai^liang, prep, towards, in the direction of ; with reference to.",210,0.975,1,no,pending,yes
kha-n1906-003235,shano-shano,shano-shano,adverb,reduplication,"anywhere, wherever.",210,0.975,1,no,pending,yes
kha-n1906-003237,shaphrang,shaphrang,adverb,word,"forward, to the front.",210,0.975,1,no,pending,yes
kha-n1906-003238,shaphrat,shaphrat,noun,word,"a piece of iron or copper- plate worn hy servants as a badge, a chaprass. 8hapia, v. to press, to sqeeze.",210,0.975,1,no,pending,yes
kha-n1906-003240,shapnloit,shapnloit,noun,word,a lark.,210,0.975,1,no,pending,yes
kha-n1906-003239,shapoh,shapoh,adverb,word,"inside, inwardly, internally. .",210,0.975,1,no,pending,yes
kha-n1906-003242,shara,shara,noun,word,small shot.,210,0.975,1,no,pending,yes
kha-n1906-003244,sharai,sharai,verb,word,"to watch, to guard, to tend. Shar^j, ha, n. an insect of a greenish colour sometimes used as a bait for j&sh ; a kind of insect cocoon found among grass.",211,0.975,1,no,pending,yes
kha-n1906-003243,sharak,sharak,noun,word,a lamp.,210,0.975,1,no,pending,yes
kha-n1906-003245,sharati,sharati,noun,word,a flute used on funeral occasions.,211,0.975,1,no,pending,yes
kha-n1906-003246,share,share,adverb,word,dim-eyed ; sqriinting.,211,0.975,1,no,pending,yes
kha-n1906-003248,shariid,shariid,adverb,word,"outside, out o^ the way ; — leit rud, to answer a call of nature. [^Imit. sharud-shariaug ; sharud-shakiar.]",211,0.975,1,no,pending,yes
kha-n1906-003247,sharing,sharing,noun,word,"a slope, a declivity.",211,0.975,1,no,pending,yes
kha-n1906-003249,sharum,sharum,adverb,word,"downwards, southward — n. south.",211,0.975,1,no,pending,yes
kha-n1906-003250,sharyntoh,sharyntoh,noun,word,"a mantis. Shat, V. to throw, to cast.",211,0.975,1,no,pending,yes
kha-n1906-003252,shat-khmaf,shat-khmaf,verb,compound,"to cast one's eyes upon, to have a fancy for.",211,0.975,1,no,pending,yes
kha-n1906-003251,shata,shata,adverb,word,"there (out of sight) ; — ha, n. an umbrella. Shata-batabak, ha^ n. a circular leaf umbrella with a bamboo- handle.",211,0.975,1,no,pending,yes
kha-n1906-003253,shatei,shatei,adverb,word,"up there, northward; — u. north.",211,0.975,1,no,pending,yes
kha-n1906-003254,shathie,shathie,adverb,word,"down there, southward ; — n. south. Shato, €td. towards that known direction, there.",211,0.975,1,no,pending,yes
kha-n1906-003255,shaton,shaton,noun,word,a cap made of plaited cane and leaf for protection against the heat of the sun.,211,0.975,1,no,pending,yes
kha-n1906-003256,shatri-jain,shatri-jain,noun,compound,"a cloth-umbrella. Shdw, V, to fetch, to meet on the way.",211,0.975,1,no,pending,yes
kha-n1906-003258,shawei,shawei,adverb,word,"to some other quarters, elsewhere. # Hindi. 192",211,0.975,1,no,pending,yes
kha-n1906-003259,shawei-sha-ar shet-thai shawei-sha-ar,shawei-sha-ar shet-thai shawei-sha-ar,adverb,phrase,"somewhere else. Shawei-shawei, ad, towards some other parts, elsewhere.",211,0.975,1,no,pending,yes
kha-n1906-003257,shawkad,shawkad,noun,word,"a lintel, a frame of doors and windows.",211,0.975,1,no,pending,yes
kha-n1906-003260,shawroi,shawroi,noun,word,"a plinth. Shka, /'«, n. a junction of rivers. See ka sddd.",211,0.975,1,no,pending,yes
kha-n1906-003233,shdn-mohor,shdn-mohor,noun,compound,an obsolete silver coin of the Jaintia Eajas.,210,0.975,1,no,pending,yes
kha-n1906-003266,shem-duk,shem-duk,verb,compound,to be in trouble ; to suffer calamity.,212,0.975,1,no,pending,yes
kha-n1906-003267,shem-pap,shem-pap,verb,compound,to be visited with calamity.,212,0.975,1,no,pending,yes
kha-n1906-003268,shemphang,shemphang,verb,word,"to understand, to be clever. [^Imit. shemphang- shemlad.]",212,0.975,1,no,pending,yes
kha-n1906-003269,shemsang,shemsang,verb,word,to come across an evil omen; to come across a very rare thing. \I7nit. shemsang-shem-ma. ] Shem-sat. v. to meet with trouble or calamity. {Iinit. shemsat- shemjew.],212,0.975,1,no,pending,yes
kha-n1906-003270,shen-shen,shen-shen,adverb,reduplication,"soon, presently ; — ad. staggering. Shep, (i-), D. to suit, to fit. Shep-da (ym-)» Z*^*^^'- denoting improbability, would not ; [as, ""la u ialeh ruh u'm shep-da lah.""]",212,0.975,1,no,pending,yes
kha-n1906-003271,sheptieng,sheptieng,verb,word,"to be afraid of, to fear. Sher, -v. to plant in, to ram ; — u, n. a small fish in the hill streams called by that name.",212,0.975,1,no,pending,yes
kha-n1906-003272,sherkhang,sherkhang,verb,word,"to plant sticks crosswise in the way so as to obstruct it ; to set a barrier. Shot, V. to cook, to boil ; to deceive ; to plot , to conspire.",212,0.975,1,no,pending,yes
kha-n1906-003274,shet-jakai,shet-jakai,verb,compound,"to make a sham cooking as children do. Shet-thdi, v, to parboil. 195 SHET-KA-UM-KA-DING SHIKI\ 6het-ka-um-ka-ding, phr. to cook plainly {i.e., with water, salt* and chillies).",212,0.975,1,no,pending,yes
kha-n1906-003273,shet-kylla,shet-kylla,verb,compound,to prepare a spiced curry ; to deal treacherously.,212,0.975,1,no,pending,yes
kha-n1906-003337,shi wait,shi wait,noun,phrase,one sweep of the sword ; one score or throwing of the dice in gambling.,216,0.975,1,no,pending,yes
kha-n1906-003297,shi-dur,shi-dur,adjective,compound,of the same form or shape ; peculiar.,214,0.975,1,no,pending,yes
kha-n1906-003301,shi-hali,shi-hali,noun,compound,a number containing four.,214,0.975,1,no,pending,yes
kha-n1906-003302,shi-hara,shi-hara,noun,compound,"a set, a group of the same kind of things.",214,0.975,1,no,pending,yes
kha-n1906-003303,shi-hud,shi-hud,noun,compound,"one portion ; — ad. in one way ; [a-^, "" ki dak jong u ba u thoh ki shu i-tynnad shihild.''",214,0.975,1,no,pending,yes
kha-n1906-003304,shi-iing-shisem,shi-iing-shisem,noun,compound,"one family, one house.",214,0.950,1,no,pending,yes
kha-n1906-003305,shi-jhap,shi-jhap,noun,compound,"a number containing 16 (applicable only to the number of children born) ; a quiverful. Shiliang, «. half, opposite, one side, (as in the words— sAf/xa»^- mamla, shiliang-Avnow^, shiliavg-woh, etc.).",214,0.975,1,no,pending,yes
kha-n1906-003284,shi-kaddei,shi-kaddei,adverb,compound,"very much ; [as, *' nga sngewbha shikaddei ba phi la jop ha ka",213,0.975,1,no,pending,yes
kha-n1906-003287,shi-katta,shi-katta,adverb,compound,all the while.,213,0.975,1,no,pending,yes
kha-n1906-003293,shi-kur,shi-kur,noun,compound,"one clan. \_Iinit. shikur-shikmie.] Shi-kuri, ki, 71. a number containing 20, a score*",214,0.975,1,no,pending,yes
kha-n1906-003294,shi-kuro,shi-kuro,noun,compound,a faction.,214,0.975,1,no,pending,yes
kha-n1906-003309,shi-lnger,shi-lnger,noun,compound,"one whole length ; — ad. throughout tlie whole length ; uninterruptedly ; [as, "" baroh shibiger ka jingim jong nga dap tang ka khuslai suda.""J Shi-lymbher, kay n. one large heap. Shi-lynter, ka, 71, the whole length, one piece (cut off from a whole length). Shim, V. to take, to receive.",214,0.975,1,no,pending,yes
kha-n1906-003312,shi-mat,shi-mat,noun,compound,"one joint, a portion between two joints.",215,0.975,1,no,pending,yes
kha-n1906-003313,shi-met,shi-met,adverb,compound,"personally, [as, "" u briew ialade hi shimei u lak ba'n ioh bdm kumno kumno ruh.]"" X95 SHIMI SHI-TDA I Shimi, kO'i «, a chemise.",215,0.975,1,no,pending,yes
kha-n1906-003316,shi-mynsiem,shi-mynsiem,adverb,compound,"dearlv, intimately, ["" as, ki ia ieit shi-mynsiem bad u.""] Shin, (peit-), ad, scrutinously, searchingly, [as, ** u briew hynne u peit-shin ia uwei u khynnah.]",215,0.975,1,no,pending,yes
kha-n1906-003320,shi-piam,shi-piam,noun,compound,a length— as much as can be passed round with both the arms ; a clasp.,215,0.975,1,no,pending,yes
kha-n1906-003321,shi-piam-star,shi-piam-star,noun,compound,"a length— as much as can be passed round with a head-strap or "" star.'",215,0.975,1,no,pending,yes
kha-n1906-003298,shi-rukom,shi-rukom,adjective,compound,"sui g e fieri i, peculiar.",214,0.975,1,no,pending,yes
kha-n1906-003324,shi-ryn-ieng,shi-ryn-ieng,adverb,compound,from head to foot.,215,0.975,1,no,pending,yes
kha-n1906-003329,shi-tda,shi-tda,noun,compound,a length measured from the tip of the thumb to that of the middle finger when both are stretched out. * Hindi. 196,216,0.975,1,no,pending,yes
kha-n1906-003336,shi-tyllup,shi-tyllup,adverb,compound,"all over, [as, "" baroh shi-tyllup ka pyrthei ki tip ba don u nongthaw ia ka pyrthei.""]",216,0.975,1,no,pending,yes
kha-n1906-003277,shiah-buit,shiah-buit,noun,compound,a briar.,213,0.975,1,no,pending,yes
kha-n1906-003280,shibhdr,shibhdr,noun,word,"a number containing 32 fruits (at Cherra) (used iu selling oranges.) Shibit, ad, in a short time ; — a. lasting for a short time. {Imtt. shibit-arbit.] — la shibit, after a short time.",213,0.975,1,no,pending,yes
kha-n1906-003281,shibriew,shibriew,noun,word,"one share, one vote. Shibiin, «. much, many ; — ad. very much. Shibyllai, «^. in large quantity or number, [as, "" u la lum Ipa ka dieng shibyllai. ""]",213,0.975,1,no,pending,yes
kha-n1906-003282,shibyllien,shibyllien,adverb,word,"in large number (of persons walking) ; [as, '• nga ioh-i shibyllien u briew u leit sha iing Kashari. ""]",213,0.975,1,no,pending,yes
kha-n1906-003283,shibynta,shibynta,noun,word,one portion.,213,0.975,1,no,pending,yes
kha-n1906-003296,shida,shida,adjective,word,"innocent, simple, unsophisticated. Shi-dana, ka n. a bit, a little quantity.",214,0.975,1,no,pending,yes
kha-n1906-003333,shidr,shidr,adverb,word,"devotedly, much (given to), [as, ""u khla ba u*n da lah ba'n ioh te shitir kein ia ka miaw,""] Shit-lhep, ) V. to be close (atmosphere) ; to become oppressively Shit-lhop, 3 hot.",216,0.975,1,no,pending,yes
kha-n1906-003407,shiin-thlongmluh-thlongsying,shiin-thlongmluh-thlongsying,phrase,compound,"to cherish a bitter inimical spirit, to be at dagger's drawn. Shun ym pat pei, la paw pen ryngkew, phr. to have the real nature of a person exposed prematurely. Shur, V. to press forward. *Shuri, ka^ n. a long knife, a dagger. Shut, V. to sharpen, to whet ; to hotly discuss.",221,0.975,1,no,pending,yes
kha-n1906-003286,shikar,shikar,adjective,word,"profligate, licentious.",213,0.975,1,no,pending,yes
kha-n1906-003288,shikdw,shikdw,noun,word,"a number containing 1280 or 16 pens (used with ties, cowries, and chillies) .",213,0.975,1,no,pending,yes
kha-n1906-003289,shikham,shikham,noun,word,"a handful. Shikha-shi-man, (iadei-), n. to be related by marriage.",213,0.975,1,no,pending,yes
kha-n1906-003290,shikhem,shikhem,noun,word,"a ball of rice or earth, as much as could be grasped between the fingers and palm of the hand. *Sliikhep, ka, n, one occasion. Shikhmat, ka, n, life-time. 8hikhrum-ka-bneng, phr. the whole world, the whole lot.",213,0.975,1,no,pending,yes
kha-n1906-003291,shikhub,shikhub,noun,word,"a measurement equal to the breadth of four fingers. tShikia, ka, n. o, circular frame of cane or bamboo-tie suspended for putting in or carrying things. * Hindi. t Bengali. 194",213,0.975,1,no,pending,yes
kha-n1906-003292,shiklah shi-met sliiklah,shiklah shi-met sliiklah,noun,phrase,"an arm's length. Shikticn, ka, ft. a mouthful.",213,0.975,1,no,pending,yes
kha-n1906-003295,shikyntien,shikyntien,noun,word,a morsel ; a single word.,214,0.975,1,no,pending,yes
kha-n1906-003306,shiliang-khmat,shiliang-khmat,adverb,compound,"partially, dishonestly.",214,0.975,1,no,pending,yes
kha-n1906-003307,shiliang-shiliang,shiliang-shiliang,noun,reduplication,"ea^h side, each party. - '",214,0.975,1,no,pending,yes
kha-n1906-000001,shillon,shillon,adjective,word,"1906, Frke 2s, 3d!.] [Price Be, 1-8 anms. Agents for tha skle of &00U8 published by th«",1,0.975,1,no,pending,yes
kha-n1906-001622,shillong,shillong,noun,word,"the Laitlyngkot Sat. ]ing (j/ii^y), ka, n. a house, [/mi/, ka ing ka sem.] * Hindi. i 91 IING-BRIEW IH ling-briew, ling-ki-briew, {leit-) n. marriage, (as, "" u kbiin jong nga um pat leit iing-briew.'"") Ing, V. to be burnt, to catcb tire. 'ing {abbrev. of "" sb'ing""), ka, n. a bone. 'ing {abbrev. of "" sying ""), u, n. ginger. I- ngap, V. to appear fascinating or attractive. [Imit. i-ngap-i- bang.]",102,0.975,1,no,pending,yes
kha-n1906-001327,shillong statio,shillong statio,noun,phrase,"It is said that the tree was of such an enormons size that it over-shadowed the whole earth, [^Imit. diengiei-diengpiet.]",78,0.975,1,no,pending,yes
kha-n1906-003308,shilot,shilot,noun,word,Sylhet.,214,0.950,1,no,pending,yes
kha-n1906-003310,shim-bteng,shim-bteng,verb,compound,to take the place of ; to continue ; to succeed to.,214,0.975,1,no,pending,yes
kha-n1906-003311,shim-khyndew,shim-khyndew,verb,compound,to wane (said of the moon).,215,0.975,1,no,pending,yes
kha-n1906-003314,shim-shah,shim-shah,verb,compound,to buy a thing sm credit. [Imit. shim-shah-shim sham. ],215,0.975,1,no,pending,yes
kha-n1906-003315,shim-siew,shim-siew,verb,compound,to take a thing by paying its cost price.,215,0.975,1,no,pending,yes
kha-n1906-003317,shini,shini,noun,word,"sugar. Shipa, ka^ n. need, want, trouble. [Imit. shipa-shipi.] Ship^d, kay n. a length as much as can be clasped or embraced with both outstretched arms. ^ Shipki,",215,0.975,1,no,pending,yes
kha-n1906-003319,shiphang,shiphang,adverb,word,"for a short time, for the time being, [as, "" phi sngewbha ba'n ap hangne shiphang.^'] Shiphah, kat n. a measure=:l spoonful of iron-ore=2 of a lump sold in the market.",215,0.975,1,no,pending,yes
kha-n1906-003322,shipung,shipung,noun,word,a length — from one joint to another.,215,0.975,1,no,pending,yes
kha-n1906-003323,shir,shir,noun,word,"an open handful of things, as much as will fill up the hollow of a hand. *Shira, Uj iu parched rice. Sh • f * f ^j *^- ^ small black bird having a long forked- tail",215,0.975,1,no,pending,yes
kha-n1906-003326,shisha,shisha,adjective,word,"true, real, — ad. indeed, of course.",215,0.975,1,no,pending,yes
kha-n1906-003325,shisien,shisien,adverb,word,"once, at one time. Shish ! Inter] . fie !",215,0.975,1,no,pending,yes
kha-n1906-003327,shisyndon,shisyndon,adverb,word,at once.,216,0.975,1,no,pending,yes
kha-n1906-003328,shit,shit,adjective,word,"hot, warm, close. [Imit. ka shit-ka syang.] Sh'it, V. to pinch, to nip. Same as shyit.",216,0.975,1,no,pending,yes
kha-n1906-003330,shit-dang shlir shit-dang,shit-dang shlir shit-dang,verb,phrase,"to feel very hot (applicable to persons only). Shiteng, «. half — n, once. \Innt. shiteng-shiliang.] Shiteng-ar-teng, ha^ n. more than one occasion, often. Shiteng-synnia, haba^ n. midnight. l^Imit. shiteng-synnia shi- teng-dummoh.]",216,0.975,1,no,pending,yes
kha-n1906-003335,shit-rhem,shit-rhem,verb,compound,"to become glowingly hot, to become zealous or enthusiastic.",216,0.975,1,no,pending,yes
kha-n1906-003331,shithi,shithi,noun,word,"a letter, an epistle.",216,0.975,1,no,pending,yes
kha-n1906-003332,shithoh,shithoh,noun,word,"a very small quantity, {Jiit. as much quantity as can be taken with the tip of the finger); [as, "" ym donmliih ha iing shithoh ruh.""]",216,0.975,1,no,pending,yes
kha-n1906-003334,shitom,shitom,noun,word,"trouble, pain, difficulty. [^Imit. shitom-shijot.] tShitor, (kha-), ka,n.2i large flat fish.",216,0.975,1,no,pending,yes
kha-n1906-003197,shiul-sawangki,shiul-sawangki,verb,compound,"to dance like nautch girls. Shad-sohtyngker, z; . to dance round and round by joining hands together.",209,0.975,1,no,pending,yes
kha-n1906-003338,shiwat,shiwat,adverb,word,"once, on one occasion, — n. a single string of a necklace or string. Shla, V. to be angry, to be indignant. Shlkn, V, to dare, to venture.",216,0.975,1,no,pending,yes
kha-n1906-003261,shkait,shkait,adverb,word,"well (dressed) [as, ""u riam saheh pyrton shkait ha ka Dorbar. ""]",211,0.975,1,no,pending,yes
kha-n1906-003262,shkdw,shkdw,noun,word,a husband or wife (Synteng) .,211,0.975,1,no,pending,yes
kha-n1906-003263,shken,shken,noun,word,a small species of bamboo.,211,0.975,1,no,pending,yes
kha-n1906-003264,shkiah,shkiah,verb,word,"to throttle, tojiress on the throat.",211,0.975,1,no,pending,yes
kha-n1906-003265,shkor,shkor,noun,word,"ear. on 1 ,.' > (rkliie-), ad. by showing the teeth ; to grin ; [as, "" Haba nga kylli ia u, n rkhie pynban shdai. ""] Sheng-sheng, (jrong-\ ad. very high (precipice) ; [as, "" ka riat kaba jrong sheng-sheng. ""] Shem, D. to find, to meet, to discover.",212,0.975,1,no,pending,yes
kha-n1906-003340,shlei,shlei,verb,word,"to overflow. Shleifi-shlein, (nep-), ad. pointed, [as, ""ki rah la ki dieng kiba ne'p shleiri-s/ilem^']; — «. forward; impudent.",217,0.975,1,no,pending,yes
kha-n1906-003341,shlem,shlem,noun,word,"a smelting-house, an ii'on- workshop. Shier, (nep-), ad, very (long and pointed), [as, ""u sum uba nep shier:']",217,0.975,1,no,pending,yes
kha-n1906-003342,shlim,shlim,noun,word,"a small earthen cup fitted to a hookah for smokin g {Beng. kholki). Shlir, (nep-), ad. very (pointed), taperingly. * Hindi. I t Bengali. 197 SHL0lf5 SHONG-DOR Shloin, (mill-), ad. promiuently (appear); [as, ""uprek u tarn ahloih shabar.""]",217,0.975,1,no,pending,yes
kha-n1906-003343,shlur,shlur,adjective,word,"bmve, courageous, daring.",217,0.975,1,no,pending,yes
kha-n1906-003344,shmoh,shmoh,noun,word,"{Bot.) Tlectucomia; a species of cane. Shmoiii, ) (dap-), ad. up to the brim (full), [as, "" wat theh eh ka Smoin, ) um ha ba'ii da dap s/^mom.""]",217,0.975,1,no,pending,yes
kha-n1906-003345,shmuin,shmuin,adverb,word,"visibly (appear), [as, "" ki reug ki la paw shmuifi.^^] Shna, V. to make, to construct, to build.",217,0.975,1,no,pending,yes
kha-n1906-003346,shnat,shnat,noun,word,"quarters, division of a country. \^Irnit. ka shnat- ka kuna.]",217,0.975,1,no,pending,yes
kha-n1906-003347,shnet,shnet,noun,word,a fin.,217,0.975,1,no,pending,yes
kha-n1906-003275,shngain,shngain,verb,word,"to feel safe, to feel quite at home.",212,0.975,1,no,pending,yes
kha-n1906-003348,shniah,shniah,noun,word,a mason's chisel; — v. to chisel out.,217,0.975,1,no,pending,yes
kha-n1906-003349,shniuh,shniuh,noun,word,"hair, fur. Shnong, ka, ti. a village, a town. [ImU. ka shnong-ka thaw.] Shong, V. to sit, to settle. [ Imit. shong-sah.]",217,0.975,1,no,pending,yes
kha-n1906-003382,shoh-'niangkur,shoh-'niangkur,verb,compound,to sacrifice a pig and to summon all the members of the same clan to come together in one house to partake of it.,219,0.975,1,no,pending,yes
kha-n1906-003380,shoh-dap,shoh-dap,verb,compound,"to castrate (a bull). Shoh-doh, V. to kill an animal for food. [Bnlt. shohdoh-shohkah.]",219,0.975,1,no,pending,yes
kha-n1906-003381,shoh-dohkha,shoh-dohkha,verb,compound,to poison fish. [Imii. shoh-doh kha-shohdohthli.],219,0.975,1,no,pending,yes
kha-n1906-003383,shoh-noh,shoh-noh,verb,compound,"to commit murder for the propitiation of ** u Thlen"" \_Imit. shoh-noh-shoh-tuh.]",219,0.975,1,no,pending,yes
kha-n1906-003384,shoh-samthiah,shoh-samthiah,verb,compound,to drowse.,219,0.975,1,no,pending,yes
kha-n1906-003385,shoh-thah,shoh-thah,noun,compound,"a robin-red breast ; — a. smitten with frost. Shoh-thdw, V. to work in iron, to work as a blacksmith. Shoh tyndep, v, to confoundj to mislead, to bewitch. 199",219,0.975,1,no,pending,yes
kha-n1906-003386,shohshkor shch shohshkor,shohshkor shch shohshkor,noun,phrase,an earring.,219,0.975,1,no,pending,yes
kha-n1906-003387,shoifi,shoifi,adverb,word,"to the brim (full) ;— /, n. a very small bird. Shon, V. to press, to impress, to print. Shop, V, to thrust out, to oust; to thresh (rice, millet, etc.) , to husk a second time. Shrak, "") (ieng-), ad. in order, in a row, [as, ""ki shipai ki ieng Shi-iak, j shi\ik ha kyrkit/']",219,0.975,1,no,pending,yes
kha-n1906-003350,shong-basa,shong-basa,verb,compound,to live as a lodger or stranger. [,217,0.975,1,no,pending,yes
kha-n1906-003364,shong-dor,shong-dor,verb,compound,"to be worth. [Imit. shong-dor-shongmur] ; to sit with body bent. 8hong-dur, a, becoming, proper. 19S",218,0.975,1,no,pending,yes
kha-n1906-003368,shong-fiiangrait-hoh,shong-fiiangrait-hoh,adjective,compound,having an ill temper.,218,0.975,1,no,pending,yes
kha-n1906-003352,shong-kha,shong-kha,verb,compound,to marry. [Tmit. shongkha-shongman.],217,0.975,1,no,pending,yes
kha-n1906-003366,shong-mangkariang,shong-mangkariang,adjective,compound,"bad tempered, envious. Shong-nia, a, reasonable, right.",218,0.975,1,no,pending,yes
kha-n1906-003367,shong-niang-raitliang,shong-niang-raitliang,adjective,compound,"having an envious spirit, {lit. to be aifected with tapeworm).",218,0.975,1,no,pending,yes
kha-n1906-003369,shong-per,shong-per,adjective,compound,"to become light-minded, to be flippant. Shongprah-shongshang, arL to a very old age. [It is a custom among some of the Khasis to place very old people in a basket, hence the meaning of the word.]",218,0.975,1,no,pending,yes
kha-n1906-003370,shong-rait-hoh,shong-rait-hoh,adjective,compound,"stingy, niggard.",218,0.975,1,no,pending,yes
kha-n1906-003375,shong-shiliangkhmat,shong-shiliangkhmat,adjective,compound,having second sight.,218,0.975,1,no,pending,yes
kha-n1906-003373,shong-sngi,shong-sngi,verb,compound,"to be off one's work, to rest.",218,0.975,1,no,pending,yes
kha-n1906-003379,shong-thap,shong-thap,verb,compound,"to settle temporarily in any place and not as a citizen ; to sojourn. [Imit. shongtbap-shongbiang.] Shoh, V. to beat ; [^Imit. shoh-dat.] — a. pleasing, touching, affect-",219,0.975,1,no,pending,yes
kha-n1906-003353,shongksaw,shongksaw,verb,word,"to be lucky, to be experienced.",217,0.975,1,no,pending,yes
kha-n1906-003354,shongksuid,shongksuid,verb,word,to have evil spirits ; to be possessed. [Imit. shong- ksiiid-shongkhrei.],217,0.975,1,no,pending,yes
kha-n1906-003355,shongkulai,shongkulai,verb,word,to ride a horse.,218,0.975,1,no,pending,yes
kha-n1906-003356,shongkun,shongkun,verb,word,to have a fascinating or dignified appearance.,218,0.975,1,no,pending,yes
kha-n1906-003357,shongkur,shongkur,verb,word,"to marry a member of the same clan, which is consi- dered incestuous. [Imit. sbongkur-shongsang.]",218,0.975,1,no,pending,yes
kha-n1906-003358,shongkurim,shongkurim,verb,word,"to marry, [Imit. shongkurim-shongkupai.]",218,0.975,1,no,pending,yes
kha-n1906-003359,shongkyllaifi-mungor,shongkyllaifi-mungor,verb,compound,"to sit cross-legged, to sit like a native tailor.]",218,0.975,1,no,pending,yes
kha-n1906-003360,shongkyrndi,shongkyrndi,verb,word,"to sit, (without moving) on the same place.",218,0.975,1,no,pending,yes
kha-n1906-003361,shongkyrni,shongkyrni,verb,word,addicted to.,218,0.975,1,no,pending,yes
kha-n1906-003362,shongkyrthai,shongkyrthai,verb,word,"to squat in the same place, to be firmly seated.",218,0.975,1,no,pending,yes
kha-n1906-003372,shongsah,shongsah,verb,word,"to sit in the same place, to remain permanently, to abide.",218,0.975,1,no,pending,yes
kha-n1906-003371,shongsang,shongsang,verb,word,to contract an incestuous marriage.,218,0.975,1,no,pending,yes
kha-n1906-003374,shongshan,shongshan,verb,word,to have an unpleasant or sinister appearance.,218,0.975,1,no,pending,yes
kha-n1906-003376,shongsynran,shongsynran,verb,word,to act as a bride's man or bride's miid.,219,0.975,1,no,pending,yes
kha-n1906-003377,shongsynri,shongsynri,verb,word,to be visited with the sin of any one who acts treacherously against any member of his clan.,219,0.975,1,no,pending,yes
kha-n1906-003378,shongsynrop,shongsynrop,verb,word,to sit close together.,219,0.975,1,no,pending,yes
kha-n1906-003363,shonkynrong,shonkynrong,verb,word,"to sit on the heels, to squat.",218,0.975,1,no,pending,yes
kha-n1906-003389,shrah,shrah,noun,word,"arable land, fallow land. Shrat, V. to clear off th^ scales of a fish by means of a daw or other sharp instrument.",219,0.975,1,no,pending,yes
kha-n1906-003388,shrang,shrang,adjective,word,"dry, parched (earth or weather) .",219,0.975,1,no,pending,yes
kha-n1906-003391,shrei,shrei,adverb,word,"appearing in great numbers, as eggs or teeth, [as, "" dap da ki pyileng ksi j^m ha ka khlieh jong u""; ""u rkhie sAm ia nga kumba rkhie u bieij ""J; — abundantly.",220,0.975,1,no,pending,yes
kha-n1906-003392,shrem,shrem,adverb,word,"many (standing prominently), [as, ''u ong ba ki mih kynsan 5 ngut shrem ki nongshohnoh ha lynti.""] Shri, V. to show the teeth, to grin. Shriak, (ieng-), ad. well (arranged), in order, [as, **u pynieng shriaJc ia ki pliang ki luta ha ka ahuari.""]",220,0.975,1,no,pending,yes
kha-n1906-003390,shreng,shreng,noun,word,"the fin on the back of a fish ; the rind of a jackfruit or of such like-fruit ; spine, prickle.",220,0.975,1,no,pending,yes
kha-n1906-003393,shrieh,shrieh,noun,word,"a monkey, an ape. Shiiew, ka, 11. an arum-root.",220,0.975,1,no,pending,yes
kha-n1906-003394,shrip,shrip,noun,word,a basket put in'the stream for catching fish.,220,0.975,1,no,pending,yes
kha-n1906-003396,shroin,shroin,adjective,word,brittle.,220,0.975,1,no,pending,yes
kha-n1906-003395,shrong,shrong,noun,word,"a carved-margin, ornamental work. \_Imit. ka shrong-ka shrub.]",220,0.975,1,no,pending,yes
kha-n1906-003397,shrop,shrop,adverb,word,"all at once, (applicable to money — being a form of onomatopsea), [as, "" u slew baroh 20 tyngka shrop na ka bynta ka ram ki briew.""] Shrut, V. to seize with the teeth ; to gnaw, — w, n. a cigar. Shtah, V. to dress a stone with a masons chisel or a piece of wood with an adze or dao. Same as stah.",220,0.975,1,no,pending,yes
kha-n1906-003398,shu,shu,adverb,word,"just, only ; — v. {Imper.) to set a dog upon.",220,0.975,1,no,pending,yes
kha-n1906-003276,shugiam,shugiam,adjective,word,"very tasty or palatable. Bhi-=^refix, which means one, Shi 1 int, fie I Shiah, 11, n. a thistle, a thorn.",212,0.975,1,no,pending,yes
kha-n1906-003399,shuki,shuki,noun,word,"a chau\ Shukor, V. to deceive, to cheat, — a. treacherous.",220,0.975,1,no,pending,yes
kha-n1906-003401,shun,shun,noun,word,lime.,221,0.975,1,no,pending,yes
kha-n1906-003404,shun-dewiong,shun-dewiong,noun,compound,lime burnt with coal.,221,0.975,1,no,pending,yes
kha-n1906-003405,shun-dieng,shun-dieng,noun,compound,lime burnt with wood. ',221,0.975,1,no,pending,yes
kha-n1906-003402,shun-kot,shun-kot,noun,compound,catechu. '' --,221,0.975,1,no,pending,yes
kha-n1906-003403,shun-kpu,shun-kpu,noun,compound,slaked lime.,221,0.975,1,no,pending,yes
kha-n1906-003406,shun-maw,shun-maw,noun,compound,"unslaked lime, quick lime.",221,0.975,1,no,pending,yes
kha-n1906-003408,shutak,shutak,noun,word,a chatak or j^ of a seer.,221,0.975,1,no,pending,yes
kha-n1906-003409,shuti,shuti,noun,word,"a dirty thing, a base thing, [Imit. shuti-shuwai]; a holiday; any underhand work.",221,0.975,1,no,pending,yes
kha-n1906-003410,shuwa,shuwa,adverb,word,"first, before, previously, beforehand. Shw^r, ka, n. an evil spirit known by that name and believed to possess certain clans in the Khasi Hills ; she is supposed to attack people by convulsive fits. [^Imit. ka shwdr-ka tyng- kieng.] • Shyngkhan or (shyngkhen) , v. to be in a fix or dilemma ; to be between Scylla and Charybdis.",221,0.975,1,no,pending,yes
kha-n1906-003413,shyllangmat,shyllangmat,noun,word,the brow.,221,0.975,1,no,pending,yes
kha-n1906-003414,shylliah,shylliah,noun,word,a mat. \_Imit. ka shylliah-ka tlieng.],221,0.975,1,no,pending,yes
kha-n1906-003415,shyllip-nud,shyllip-nud,noun,compound,"the pit of the stomach. Shylluit, V. to bloom. * Hiadi, \ 201 SHYM SIaK Shym, «=s a particle used with negative verbs in the past tense, as ""lira shym lah ba'n kren,'* Shympet, ka^ n, a carbuncle,",221,0.975,1,no,pending,yes
kha-n1906-003417,shympriah'jat,shympriah'jat,noun,word,"a toe,",222,0.950,1,no,pending,yes
kha-n1906-003416,shympriah'ti,shympriah'ti,noun,word,a finger.,222,0.975,1,no,pending,yes
kha-n1906-003418,shymprong,shymprong,noun,word,"a prawn, a shrimp. Shyndiid, (leh-), ad, poutingly, sulkily. Shynna, adv, conspicuously, clearly. Shynn^i, ka, n. the afterbirth or placenta. Shynrang, u^ n. a male ; a pipe. Shynrang-kjat, ka, n, the shins.",222,0.975,1,no,pending,yes
kha-n1906-003412,shyng-iar,shyng-iar,noun,compound,"a jet of water, a stream of water, a fountain. Shyng-6id, ka, n. a manger.",221,0.975,1,no,pending,yes
kha-n1906-003411,shyngkup,shyngkup,noun,word,the first room of a Khasi house ; an enclosed porch.,221,0.975,1,no,pending,yes
kha-n1906-003420,shynrain,shynrain,noun,word,"a dried small twig. [Imit. shynraifi-shynriah] — v. to cut jokes, to flirt. [Imit. shynrain — tyng-in.]",222,0.975,1,no,pending,yes
kha-n1906-003419,shynrdi,shynrdi,noun,word,"turmeric. Shynraifi, (-i), noble, grand, dignified.",222,0.975,1,no,pending,yes
kha-n1906-003421,shynreh,shynreh,noun,word,"a buffalo. Shynriah'ti, (same as shympriah'ti), finger. Shynrong, ka, n, a skull, an egg-shell ; the timber frame of a roof.",222,0.975,1,no,pending,yes
kha-n1906-003422,shynroin,shynroin,adjective,word,beautifully set (teeth) .,222,0.975,1,no,pending,yes
kha-n1906-003423,shynroin-riap,shynroin-riap,adjective,compound,"possessing winning manners ; sociable. \_Imit shy nroin-shynriap . ] Shyntur, A;«, w. a mouth, a word.",222,0.975,1,no,pending,yes
kha-n1906-000183,shyntur bafan,shyntur bafan,noun,phrase,a state official in the Khasi Hills ; a petty village official in the Jaintia Hills.,15,0.975,1,no,pending,yes
kha-n1906-003424,shyrkait,shyrkait,noun,word,"the groin. Shyrkhei, v, to set the teeth on edge ; to be dreadful.",222,0.975,1,no,pending,yes
kha-n1906-003425,shyrpet,shyrpet,noun,word,the fat oily part of a fish.,222,0.975,1,no,pending,yes
kha-n1906-003426,shyrti,shyrti,verb,word,to clear the jungle for cultivation ; to j hum.,222,0.975,1,no,pending,yes
kha-n1906-003427,shyrtong,shyrtong,noun,word,a crest (of a fowl or bird).,222,0.975,1,no,pending,yes
kha-n1906-003428,shyrwat,shyrwat,noun,word,"(see shirwat). *si, n. (1) ahbrev. of ""masi'*=a cow or bull; (2) ahbrev. oi *'ksi"" =head vermin.",222,0.975,1,no,pending,yes
kha-n1906-003429,sia,sia,noun,word,"ink ; — ad. devotedly. Siak, (belt-), ad. straight on, [as, ""ka lynti ka beit siak nangne haduh shnong.""] * Hindi, 202 SIANG 'SI-KHARJ Siang, ka^ n, a spoon;— t;. to spread a cloth or a mat; to pave ; (as, siang mdw); to fall down from the sky, like a paper-kite ; to offer an oblation to the spirit of the dead.",222,0.975,1,no,pending,yes
kha-n1906-003442,sia-shi-sia,sia-shi-sia,adverb,compound,"unceasingly, constantly, [as, "" u bam sia-shi-sia ia ka ja ha ba'n da lut shi khiew.""] ' Siat, V. to shoot, to infect.",223,0.975,1,no,pending,yes
kha-n1906-003441,sia-sia,sia-sia,adverb,reduplication,in anger and in a threatening attitude.,223,0.975,1,no,pending,yes
kha-n1906-003431,sian,sian,adjective,word,"clever, intelligent.",223,0.975,1,no,pending,yes
kha-n1906-003432,sianti,sianti,adjective,word,"cunning, precocious, clever. S'ian, (dap-), ad. full, [as, "" u sein-iong u leit kyllain syian ha lyeit u rishot.""] Same as syian, Siap, V. to insert. Siar, V. to sharpen a daw or knife with a small hone ; — ka, n treachery between the members of the same clan or house. *siar, {ahhrev. of ""ksiar""), ka, n. gold, (as, ka siar sla, ka siar tyllij",223,0.975,1,no,pending,yes
kha-n1906-003437,siar-long-kha,siar-long-kha,noun,compound,any treacherous act affecting the father or his relatives.,223,0.975,1,no,pending,yes
kha-n1906-003438,siar-shrong,siar-shrong,noun,compound,"a kind of earring worn by males,",223,0.975,1,no,pending,yes
kha-n1906-003434,siarkait,siarkait,noun,word,"a plantain-flower; a work like a plantain-flower,",223,0.975,1,no,pending,yes
kha-n1906-003443,siat-jingmut,siat-jingmut,verb,compound,to strike one's mind.,223,0.975,1,no,pending,yes
kha-n1906-003444,siat-shon-shiw,siat-shon-shiw,verb,compound,"to tread on the corns of another. Siat-thong, (ia-) , v. to have a shooting match. Siaw, V. to wliistle. Sidw-maw-iang, ""v. to teach one a hard lesson.",223,0.975,1,no,pending,yes
kha-n1906-003445,siaw-siaw,siaw-siaw,adverb,reduplication,in a whisper. \_Imit. siaw-siaw-soit-soit.],223,0.975,1,no,pending,yes
kha-n1906-003469,sid,sid,noun,word,"a leaf, a surface, a page. Slak, (dait*), ad. firmly, [as, "" kane ka lyntang ka leit stak hang- ne.""J glang, ka, n, a small bird. m",226,0.975,1,no,pending,yes
kha-n1906-003449,sieh,sieh,verb,word,"to plant, to drive in ; — ka, n. the afterbirth, the placenta. Siej, u. or ka^ n. bamboo. \Imit. u siej-u skong.]",224,0.975,1,no,pending,yes
kha-n1906-000238,siei,siei,noun,word,"God, a god. \Imit. ki blei-ki-dken.]",19,0.975,1,no,pending,yes
kha-n1906-003448,sieng,sieng,adjective,word,smelling like snuff or chillies.,224,0.975,1,no,pending,yes
kha-n1906-003455,sier,sier,noun,word,"a deer, a samhur\—v. to turn the insides of entrails out and clean them. Si^w, V. to pay. {Imii. siew-tda.] 'slew, {ahbrev. of "" ksiew""), n. a grandchild.",224,0.975,1,no,pending,yes
kha-n1906-003457,siewspah,siewspah,verb,word,"to redeem, to compensate. [^Imit. siewspah-siew- phew.] . *siew-tun, n. a greatgrandchild. [Imit. u",224,0.975,1,no,pending,yes
kha-n1906-003602,siih-dong,siih-dong,verb,compound,"to stretch far inland or into another's kingdom. Siih-jut, V. to have false pains.",234,0.975,1,no,pending,yes
kha-n1906-003599,siih-khun,siih-khun,verb,compound,to be in labour.,234,0.975,1,no,pending,yes
kha-n1906-003606,siih-ot,siih-ot,noun,compound,dysentery.,234,0.975,1,no,pending,yes
kha-n1906-003607,siih-pynpur,siih-pynpur,noun,compound,"a running-stitch. Suh-sat, V. to be entangled, to suffer troublej^-y?. ka^ calamity.",234,0.975,1,no,pending,yes
kha-n1906-003612,siih-tyngka,siih-tyngka,verb,compound,"to bribe. *suid, {ahbrev. of ""ksiiid""), n. an eyil-spirit, a devil.",234,0.975,1,no,pending,yes
kha-n1906-003460,sim,sim,noun,word,"a bird. [Imit. ka sim-ka doh.] *si-mdd, ka, n. a bed-bug.",225,0.975,1,no,pending,yes
kha-n1906-003462,sim-ldi-dieng,sim-ldi-dieng,noun,compound,a meddlesome and talkative fellow.,225,0.975,1,no,pending,yes
kha-n1906-003463,sim-puhdieng,sim-puhdieng,noun,compound,"a creeper (bird). Sim-puhwieh, ) , . , , Sim-ktieh f ' ^' ^ ^^^P®' ^ woodcock. Sim-pyllieng, «, w. the rainbow. • Sim-sohphoh, w, w. a hoopoe, a fop. Sim-tung, m, «. a blackbird.",225,0.975,1,no,pending,yes
kha-n1906-003466,sisia,sisia,noun,word,wild cinnamon.,225,0.975,1,no,pending,yes
kha-n1906-003468,siw-siw-siaw-siaw,siw-siw-siaw-siaw,adverb,reduplication,Whisperingly.,226,0.975,1,no,pending,yes
kha-n1906-003400,sjiiih,sjiiih,adverb,word,"again, further more; — v. (Imper.) get away, get aside ; wait ! (menacing), I will see you! 200 shOhshuwa shylluit Shubshuwa, ph\ wait for the present. Shuin, V. to touch, to come in contact with ; to press upon. Shum ! Inter'], there you are ! Shun, V. to hate, to be inimical with. {Imit. shiin-pen.]",220,0.975,1,no,pending,yes
kha-n1906-003132,skah,skah,adjective,word,"thick, adhesive (said of boiled rice or lime mortar). Skai, u. to corrupt food out of envy by mantras ;- ka^ a. an evil spirit who causes flatulence. Skain, u^ n. a fly ; kaba kynjoh hliasTcdin, housewarming.",205,0.975,1,no,pending,yes
kha-n1906-003131,skak,skak,adverb,word,"tightly (fasten), [as, "" kinonglute ki la syrwiah aTiaJc ia u trai-iiug na ka ryntlang.""]",205,0.975,1,no,pending,yes
kha-n1906-003133,skap,skap,noun,word,husk.,205,0.975,1,no,pending,yes
kha-n1906-003134,skaw,skaw,noun,word,"a small bottle-gourd for holding liquor or water, especially at the time of pujah.",205,0.975,1,no,pending,yes
kha-n1906-003135,skei,skei,noun,word,"a barking red deer, a muntjac. --Skhak, at/, tightly (bind) (as, "" tehha ba'nda skhem shhalc'). _Skhem, a. firm ; — ad. firmly, securely. _Skhep, ka, n. the hijD.",205,0.975,1,no,pending,yes
kha-n1906-003136,skit,skit,noun,word,"kinds, sorts.",205,0.975,1,no,pending,yes
kha-n1906-003137,skong,skong,noun,word,a species of large bamboo.,205,0.975,1,no,pending,yes
kha-n1906-003138,skop,skop,noun,word,"the cover, husk.",205,0.975,1,no,pending,yes
kha-n1906-003139,skop-khuiang,skop-khuiang,noun,compound,"the cocoon. Skuin, V. to itch ; to desire strongly.",205,0.975,1,no,pending,yes
kha-n1906-003140,skum,skum,noun,word,"a nest, a heap of grass, a butt ; the core of a boi,* ^ Skul, ^a^ n. a schpol ; a chapel. 186 SKOT 'SEW Skiit, V. to trace a line round a plot of land ; to mark out.",205,0.975,1,no,pending,yes
kha-n1906-003471,sla'jat,sla'jat,noun,word,the sole.,226,0.975,1,no,pending,yes
kha-n1906-003473,sla'ti,sla'ti,noun,word,"the palm. Sleh, V. to anoint, to wash (the head). [Imit. sum-sleh.]",226,0.975,1,no,pending,yes
kha-n1906-003470,slait snad slait,slait snad slait,adverb,phrase,"tightly, well (fit), [as, "" kine ki juti ki biang sZazY ha nga.""]",226,0.975,1,no,pending,yes
kha-n1906-003472,slap,slap,noun,word,rain.,226,0.975,1,no,pending,yes
kha-n1906-003475,slem,slem,adjective,word,"long, late. Slew, ka, V. kind of palm-tree whose leaves are generally used in making leaf-nmhrellas. {£ot.",226,0.975,1,no,pending,yes
kha-n1906-003339,slilan,slilan,noun,word,a plant whose leaves resemble those of a pine- apple plant. {Bot. Pandamus.),216,0.975,1,no,pending,yes
kha-n1906-003477,slung,slung,noun,word,"a lock-up in which lunatics are confined in the Khasi HiUs. Sma, V. to hare a bad smell, to smell.",226,0.975,1,no,pending,yes
kha-n1906-003479,smaintien,smaintien,verb,word,to wash the lips.,226,0.975,1,no,pending,yes
kha-n1906-003478,smak,smak,adverb,word,"smartly, (beat), fas, ""u thap smah na ka khlieh.'^J Smai, V. to swear, to take an oath. \^Imit. smai-spot.]",226,0.975,1,no,pending,yes
kha-n1906-003480,smat,smat,adjective,word,"active, smart. Smep, a J. in a large bundle (as herbs), [as, **u wallam u jhur shi Smiar, (dap-), «d to the biim, [as, **ka pipa ka dap da ka um _Smiej, V. to feel ticklish, to feel dreadful. Smoin, (dap-), ac^. to the brim, [as, ""dap smoin ka um ha ka pipa.""] Smom-smom, ""i flf^. very (soft as wool), [as, **nga kum ktah ia Smop-smop, j kaei kata kaba jem smom-smom.''^ Sbur ' \ ^' ^^^^ ^^ ^^^» ^^^^ ^^ manute.",226,0.975,1,no,pending,yes
kha-n1906-003501,smir-thapbawa,smir-thapbawa,noun,compound,"a spider's web. Sok, «. equal to the occasion, faithful*",227,0.975,1,no,pending,yes
kha-n1906-003481,snad,snad,noun,word,"a comb, (same as snat) . I English* 206",227,0.975,1,no,pending,yes
kha-n1906-003482,snah soh-amirphor snah,snah soh-amirphor snah,adjective,phrase,"to be expert in climbing up or sitting on a tree, a rock, a horse, etc., [as, '•uba snah kiew dieng ; uba snah shong- kuMi.""]",227,0.975,1,no,pending,yes
kha-n1906-003484,snaiap,snaiap,noun,word,"a spirit, a ghost, a wraith ; — ban snaiap, incubus.",227,0.975,1,no,pending,yes
kha-n1906-003485,snait,snait,noun,word,a strainer.,227,0.975,1,no,pending,yes
kha-n1906-003486,snam,snam,noun,word,blood. [Imit. ka sndm-ka ksuit.],227,0.975,1,no,pending,yes
kha-n1906-003487,snap,snap,noun,word,"a, relic, remaining articles. Snar, u. n. a wedge ; a hard and seasoned wood, the heart (of a tree).",227,0.975,1,no,pending,yes
kha-n1906-003483,sndi,sndi,adjective,word,"tired, irksome.",227,0.975,1,no,pending,yes
kha-n1906-003489,snem,snem,noun,word,"a year, an evil-spirit who brings on headache and other diseases ; cholera.",227,0.975,1,no,pending,yes
kha-n1906-003488,sneng,sneng,verb,word,"to reprove, to correct, to advise. [Imit. sneng-krdw.]",227,0.975,1,no,pending,yes
kha-n1906-003490,snep,snep,noun,word,"a bark, a rind, a cover. Snep-k6r, ka, n. a cocoanut. Sn^r, ka, n. a feather.",227,0.975,1,no,pending,yes
kha-n1906-003154,sng,sng,adverb,word,"severely, very, [as, ""u la thap 87igar ia u na ka ng^p.""""! Sngem, a, moist, wet. cj ^ ' J z'. to feel, to hear. Sngow, j '",207,0.975,1,no,pending,yes
kha-n1906-003152,sngaid,sngaid,adjective,word,"fat, plump.",206,0.975,1,no,pending,yes
kha-n1906-003160,sngew-diaw,sngew-diaw,verb,compound,"to have a melancholy temperament, to be low I spirited.",207,0.975,1,no,pending,yes
kha-n1906-003170,sngew-niun,sngew-niun,verb,compound,"to be unwell, to be out of sorts.",207,0.975,1,no,pending,yes
kha-n1906-003155,sngewbha,sngewbha,verb,word,to be pleased. [ImiL sngevvbha-sngewmiat.],207,0.975,1,no,pending,yes
kha-n1906-003156,sngewbieij,sngewbieij,verb,word,"to feel awkward, to feel out of sorts. [ImU. sngew- bieit-sngew anna.]",207,0.975,1,no,pending,yes
kha-n1906-003157,sngewblaw,sngewblaw,verb,word,to feel lonely.,207,0.975,1,no,pending,yes
kha-n1906-003158,sngewbynriew,sngewbynriew,verb,word,to feel better.,207,0.975,1,no,pending,yes
kha-n1906-003163,sngewhun,sngewhun,verb,word,"to be satisfied, to be contented.",207,0.975,1,no,pending,yes
kha-n1906-003164,sngewjlep,sngewjlep,verb,word,to feel faint.,207,0.975,1,no,pending,yes
kha-n1906-003165,sngewjli,sngewjli,verb,word,"to have nausea, to be sick.",207,0.975,1,no,pending,yes
kha-n1906-003166,sngewjuh,sngewjuh,verb,word,"to feel quite at home, to be tamed.",207,0.975,1,no,pending,yes
kha-n1906-003159,sngewkmen,sngewkmen,verb,word,to be joyful.,207,0.975,1,no,pending,yes
kha-n1906-003167,sngewlem,sngewlem,verb,word,to have sympathy for.,207,0.975,1,no,pending,yes
kha-n1906-003168,sngewmyllen,sngewmyllen,verb,word,"to be absorbed in, to divert one's attention.",207,0.975,1,no,pending,yes
kha-n1906-003169,sngewmyllung,sngewmyllung,verb,word,to be pathetic.,207,0.975,1,no,pending,yes
kha-n1906-003161,sngewngiew,sngewngiew,verb,word,to have a presentiment.,207,0.975,1,no,pending,yes
kha-n1906-003162,sngewnguh,sngewnguh,verb,word,"to be thankful, to be grateful.",207,0.975,1,no,pending,yes
kha-n1906-003171,sngewpeitmat,sngewpeitmat,verb,word,to feel better ; to be wakeful.,207,0.975,1,no,pending,yes
kha-n1906-003172,sngewsaitmet,sngewsaitmet,verb,word,to feel disgusted.,207,0.975,1,no,pending,yes
kha-n1906-003173,sngewsih,sngewsih,verb,word,"to feel sorry for, to grieve. [Imit. sngewsih-sngew diaw.]",207,0.975,1,no,pending,yes
kha-n1906-003174,sngewsyn-ei,sngewsyn-ei,verb,compound,to have pity for.,207,0.975,1,no,pending,yes
kha-n1906-003175,sngewtngieng,sngewtngieng,verb,word,"to be squeamish. Sngewthuh, r. to understand. [Jmit. sngewthuh-sngewthaw.] 188",207,0.975,1,no,pending,yes
kha-n1906-003177,sngi,sngi,noun,word,"sun ; day. Sngi-Balang, ha^ n, Wednesday ; a day when the Church meeting is held.",207,0.975,1,no,pending,yes
kha-n1906-003178,sngi-palci,sngi-palci,noun,compound,Thursday.,208,0.975,1,no,pending,yes
kha-n1906-003179,sngi-poh-ia,sngi-poh-ia,noun,compound,"week-day. Sngi-saitjaifi, ka^ n. Saturday.",208,0.975,1,no,pending,yes
kha-n1906-003180,sngi-thohdieng,sngi-thohdieng,noun,compound,Priday.,208,0.975,1,no,pending,yes
kha-n1906-003181,sngi-u-blei,sngi-u-blei,noun,compound,"Sunday (among the Christians only). See "" Buhibar:'",208,0.975,1,no,pending,yes
kha-n1906-003153,sngjiid-diengthang,sngjiid-diengthang,adjective,compound,"very fat (applicable to a baby ; the belief is that when a baby is unusually fat, it is likely to die). Sngap, V. to listen, to hear. Sng^p, ka, 71. a gill, a barb.",206,0.975,1,no,pending,yes
kha-n1906-003176,sngop shadien sngop,sngop shadien sngop,adjective,phrase,growing between liigli trees so as to be entirely oversha- dowed by them.,207,0.975,1,no,pending,yes
kha-n1906-003182,sngur,sngur,adjective,word,"clear, transparent. Sha, prep, to, towards ; — u, n. tea. 'sha ? {abbrev. of shisha)=Te[\l\j ? is it so ? Shaba, u, n, chewed mixture oE pin and betelnut; the red layers and flesh inside the gill of ijsh.",208,0.975,1,no,pending,yes
kha-n1906-003491,sni,sni,noun,word,"a sting ; —v. to cherish a revengeful spirit. Suing, ka or u, n. a. tree of the oak family.",227,0.975,1,no,pending,yes
kha-n1906-003492,sniang,sniang,noun,word,a pig.,227,0.975,1,no,pending,yes
kha-n1906-003493,snieh,snieh,noun,word,"a skin, a hide, a leather.",227,0.975,1,no,pending,yes
kha-n1906-003494,snieh-doh,snieh-doh,noun,compound,"complexion, appearance.",227,0.975,1,no,pending,yes
kha-n1906-003495,snier,snier,noun,word,"entrails, bowels, limit, ka snier-ka snap.]",227,0.975,1,no,pending,yes
kha-n1906-003496,sniew,sniew,adjective,word,"bad, evil, wicked. [Imii, sniew-smeh.]",227,0.975,1,no,pending,yes
kha-n1906-003498,sniew- jew,sniew- jew,adjective,phrase,"very ugly. Sni-riang-ksiar, \ u, n. a god of the Synteng people located in a Soni-riang-ksiar, ) plantain tree or shrub near a dwelling house. Snob, V, to cling to, to adhere, to hang on.",227,0.975,1,no,pending,yes
kha-n1906-003497,sniew-bok,sniew-bok,adjective,compound,unlucky.,227,0.975,1,no,pending,yes
kha-n1906-003499,snuid,snuid,noun,word,a grove ; corrugation.,227,0.975,1,no,pending,yes
kha-n1906-003500,snur,snur,noun,word,"a cleavage, a crack, a seam.",227,0.975,1,no,pending,yes
kha-n1906-003528,sob- mad,sob- mad,noun,phrase,"a kind of citron, the leaves and rind of which have a very agreeable sweet smsU.",229,0.975,1,no,pending,yes
kha-n1906-003504,soh-brdi,soh-brdi,noun,compound,"a small sour fruit with a hard seed. Sohbrap,",228,0.975,1,no,pending,yes
kha-n1906-003506,soh-broi,soh-broi,noun,compound,"sljx Indian jujube, a Chinese date-plum.",228,0.975,1,no,pending,yes
kha-n1906-003507,soh-byrthit,soh-byrthit,noun,compound,"a shrub, the flower or fruit of which sticks to the clothes coming in contact with it.",228,0.975,1,no,pending,yes
kha-n1906-003522,soh-jew,soh-jew,noun,compound,"sour fruit, lime. [Jmi^. sohjew-sohsat.] * Hindi, 208 SOH.JHALIA SOH^IANGRIANG Soh-jyllih, «, n. a lime fruit of very good quality obtained from Jowai. Soh-jymbuin, u, n, teat, nipple.",229,0.975,1,no,pending,yes
kha-n1906-003511,soh-khdw-iong,soh-khdw-iong,noun,compound,blackberry.,228,0.975,1,no,pending,yes
kha-n1906-003518,soh-kynphor,soh-kynphor,noun,compound,"a papaya. Soh-kyrsiew, u^ n, a tuber of a certain creeper about the size of a plum which is cooked and eaten ; a kind of wild potato. Soh-kwit, u, 11. a, citron.",229,0.975,1,no,pending,yes
kha-n1906-003519,soh-kyrbam,soh-kyrbam,noun,compound,chalita.,229,0.975,1,no,pending,yes
kha-n1906-003524,soh-lah,soh-lah,noun,compound,"a kind of black potato, potato. Soh-lap6r, «, n. the fruit of a small palm. Soh-lew, M, w. a fruit used in poisoning fish.",229,0.975,1,no,pending,yes
kha-n1906-003523,soh-lang,soh-lang,noun,compound,small wild fruit growing in bunches and much liked by children and birds.,229,0.975,1,no,pending,yes
kha-n1906-003525,soh-liang,soh-liang,noun,compound,"a wild poisonous fruit about the size of a lemon, the stones of which are washed, cut and eaten. {Bot. Guno Oardia odorata). Soh-li-ia, w, «. a small sour fruit with a rough outside, the bark of the tree of which yields a black colour used in dyeing earthen- ware. {Bot. Myrica Nagi.) Sohlong, u^n. di, lemon. Soh-lyngdkhur, «, n. a mulberry.",229,0.975,1,no,pending,yes
kha-n1906-003526,soh-lyngkait,soh-lyngkait,noun,compound,a plaintain-like fruit of a certain wild creeper.,229,0.975,1,no,pending,yes
kha-n1906-003529,soh-manir,soh-manir,noun,compound,litchee.,230,0.975,1,no,pending,yes
kha-n1906-003533,soh-mylleng,soh-mylleng,noun,compound,"a sour wild fruit very common in the Bhoi country, after eating which water tastes very sweet.",230,0.975,1,no,pending,yes
kha-n1906-003534,soh-myndong,soh-myndong,noun,compound,a common lime.,230,0.975,1,no,pending,yes
kha-n1906-003535,soh-myntait,soh-myntait,noun,compound,a wild fruit as big as a bread fruit.,230,0.975,1,no,pending,yes
kha-n1906-003536,soh-nepbah,soh-nepbah,noun,compound,the fruit of a certain shrub used as a bait for fish (very common by the roadside).,230,0.975,1,no,pending,yes
kha-n1906-003520,soh-ngang,soh-ngang,noun,compound,"a small bitter brinjal, {Bat. solanvm indicum). Soh-iong,",229,0.975,1,no,pending,yes
kha-n1906-003540,soh-padoi,soh-padoi,verb,compound,"to rock, to swing.",230,0.975,1,no,pending,yes
kha-n1906-003541,soh-pai,soh-pai,noun,compound,"a fruit which looks like lime, but which has a sweet- ish taste. Soh-pailen, «, n. water-fungus.",230,0.975,1,no,pending,yes
kha-n1906-003542,soh-pairah,soh-pairah,noun,compound,"a fruit used for washing clothes, Kind, Kitha 5 {Bot. Sapinclus Mukorrosi).",230,0.975,1,no,pending,yes
kha-n1906-003543,soh-pdok,soh-pdok,noun,compound,a small berry; tomato.,230,0.975,1,no,pending,yes
kha-n1906-003544,soh-pdung,soh-pdung,noun,compound,"the big tubercular root of a certain plant used as a target in archery matches ; a butt. Soh-pen, «, n. a wild earth-nut.",230,0.975,1,no,pending,yes
kha-n1906-003545,soh-pet,soh-pet,noun,compound,the navel ; the ends of a twisted string.,230,0.975,1,no,pending,yes
kha-n1906-003546,soh-phan,soh-phan,noun,compound,"a jack-fruit. Sohphi, u, 72. a sour fruit about the size of a plum having a rough outside.",230,0.975,1,no,pending,yes
kha-n1906-003550,soh-pieng,soh-pieng,noun,compound,a mango.,231,0.975,1,no,pending,yes
kha-n1906-003551,soh-pong,soh-pong,noun,compound,species of fig.,231,0.975,1,no,pending,yes
kha-n1906-003552,soh-prew,soh-prew,noun,compound,"a species of fruit of a creeper, the cultivated variety of which is used as a vegetable ; {Bot. Luff a (Egyptiaca).",231,0.975,1,no,pending,yes
kha-n1906-003553,soh-pri-am,soh-pri-am,noun,compound,a guava.,231,0.975,1,no,pending,yes
kha-n1906-003554,soh-pyrshit,soh-pyrshit,noun,compound,"a small black fruit, used by some as a fish-bait, and also for making ink.",231,0.975,1,no,pending,yes
kha-n1906-003555,soh-pyrshong,soh-pyrshong,noun,compound,"a kind of fruit, — Assamese kamranga ; {Bot, A v err ho a caramhola).",231,0.975,1,no,pending,yes
kha-n1906-003557,soh-ramdieng,soh-ramdieng,noun,compound,a small fruit; {Bot. Baccauria saplda) {Beng. latka).,231,0.975,1,no,pending,yes
kha-n1906-003558,soh-ryngkham,soh-ryngkham,noun,compound,"a very small eatable fruit of a shrub. Suhsat } ^"" ^^ ^""*^ entangled, to be in trouble. Soh-shang, z^, n, a sour red fruit about the size of an apricot. 210 SOH-SHANGLEW """,231,0.975,1,no,pending,yes
kha-n1906-003538,soh-shang sohniamtra,soh-shang sohniamtra,noun,phrase,"an orange. (Same as so7i myntra.) Soh-ot, 11, n. an acorn wliicli is eaten by the people.",230,0.975,1,no,pending,yes
kha-n1906-003503,sohblei,sohblei,noun,word,"a sacrificer or Puja maker, who is held sacred for the time being.",228,0.975,1,no,pending,yes
kha-n1906-003537,sohiiiangriang,sohiiiangriang,noun,word,a fruit of the lemon kind and of a sweetish taste. 209 S0H5;iAMtRA ',230,0.975,1,no,pending,yes
kha-n1906-003508,sohkhalit,sohkhalit,adverb,word,"by a lucky turn of events, per chance, [as, "" soh- khalit lashai la jop ki Jap ia ki Eus.""]",228,0.975,1,no,pending,yes
kha-n1906-003509,sohkhaw,sohkhaw,noun,word,a grain of rice ; — ka ha'm sohkhdw (phr.) useless.,228,0.975,1,no,pending,yes
kha-n1906-003510,sohkhaw-ryndang,sohkhaw-ryndang,noun,compound,the throat.,228,0.975,1,no,pending,yes
kha-n1906-003512,sohkhia,sohkhia,noun,word,"a, cucumber ; the dewlap of a cow.",228,0.975,1,no,pending,yes
kha-n1906-003513,sohkhliang,sohkhliang,noun,word,"a scar. Sohkhlur, w, w. a small sour fruit about the size of a pea. Sohkhroh, "") -n. j i. - ^ i Sohkhruhi > ^' P^^*^^' ^^'^^^o pockmarks.",228,0.975,1,no,pending,yes
kha-n1906-003514,sohkhruh-sohkhr,sohkhruh-sohkhr,adjective,compound,"rugged, rough.",228,0.975,1,no,pending,yes
kha-n1906-003515,sohkhrut-sohkhret,sohkhrut-sohkhret,adjective,compound,"not smooth, rough. Sohkhyllum, «, n. a sour fruit resembling a guava.",228,0.975,1,no,pending,yes
kha-n1906-003516,sohkjup,sohkjup,noun,word,the flower of a hedge shrub containing honey- juice.,228,0.975,1,no,pending,yes
kha-n1906-003517,sohkpu,sohkpu,noun,word,bread fruit.,229,0.975,1,no,pending,yes
kha-n1906-003527,sohma,sohma,noun,word,"small grain-like fruits growing in bunches, the out-* side of which is covered with a sour white substance resembling hoarfrost, (it is used as a medicine in dysentery).",229,0.975,1,no,pending,yes
kha-n1906-003530,sohmliih,sohmliih,noun,word,Indian plum.,230,0.975,1,no,pending,yes
kha-n1906-003531,sohmrit,sohmrit,noun,word,black pepper.,230,0.975,1,no,pending,yes
kha-n1906-003532,sohmyngken,sohmyngken,noun,word,"chilli, red pepper. Soh-myngng6r, u, n, a shaddock or pomel.",230,0.975,1,no,pending,yes
kha-n1906-003547,sohphlang,sohphlang,noun,word,"an edible root, {Bot. Fleming ia vesliia).",230,0.975,1,no,pending,yes
kha-n1906-003548,sohphoh,sohphoh,noun,word,"a wild apple, a crab, {Bot. Ptjni^s granulata).",230,0.975,1,no,pending,yes
kha-n1906-003549,sohphoh-nongkhhiw,sohphoh-nongkhhiw,noun,compound,pear.,231,0.975,1,no,pending,yes
kha-n1906-003539,sohpyrdali,sohpyrdali,verb,word,to cling to a thing as a liulook does to a branch of a tree ; to hold the hands at the back of the head.,230,0.975,1,no,pending,yes
kha-n1906-000470,sohr,sohr,adjective,word,"""] Khai, V. to pluck with the nail.",31,0.975,1,no,pending,yes
kha-n1906-003556,sohra,sohra,noun,word,Cherra punji ; — a. bearing scanty fruits.,231,0.975,1,no,pending,yes
kha-n1906-003562,sohs'iem,sohs'iem,noun,word,"an alien, a foreigner. [Imit. u sohsyiem-u sohtaug.] a small species of orange but not so sweet. Soh-sning, ) „ „ ^« Soh-stap, S ""• ""■ ^"" ^""^^ 6oh-trun, w, n. a pine-apple. Soh-tyngkoh, v, to limp. Soh-tyntoi, w, n, a tamarind. Soi, V. to sign a name ; to pare with an adze or hoe ;— <j^. lasting, durable ; — u, n. a long pole used in propelling boats. IS6in, (laid-) ad. straight on, without difficulty, [as, "" ka lieng ka laid belt soin ynda lapyllait na ka lyngkor.""] Soit, (leit-), ad. away, [as, "" ynda kumta u sa leit noh soit sha la iing.""]",231,0.975,1,no,pending,yes
kha-n1906-003561,sohshnong,sohshnong,noun,word,"one who is not a citizen oE a State or Tillage, a stranger, an alien. \_Imit, soh shnong-sohthaw.] Sohshur, w, w. a wild pear.",231,0.975,1,no,pending,yes
kha-n1906-003560,sohshtin,sohshtin,noun,word,a strawberry.,231,0.975,1,no,pending,yes
kha-n1906-003618,soitd,soitd,noun,word,""" Sule, V. to be useful ; to be fit.",235,0.975,1,no,pending,yes
kha-n1906-003502,song,song,verb,word,"to pack, to tie up ; — ka, n. the horn (trumpet), a bundle. Soh, V, to cling, to adhere, to bear fruit;— «, w* a fruit. [Imit. u soh-u pdi, u soh-u syntiew.] goh-amirphor, w, n, a fabulous fairy fruit* 207 SOH.BAINGON SOH-JEW •Soh-baingon, «, n, brinjal. Soh-ben, m, n, a very palatable fruit eaten after being cooked, and resembling in shape the core of a mangoe-fruitlstone.",228,0.975,1,no,pending,yes
kha-n1906-003565,sop-bajar,sop-bajar,verb,compound,"to thatch a house by putting another layer of grasS over the old one ; a form of putting thatching-grass on the roof* Sop-jat,",232,0.975,1,no,pending,yes
kha-n1906-003567,sop-sarang,sop-sarang,verb,compound,"to become rusty. Sop-sieh, V. to repair an old thatching by spreading grass where necessary.",232,0.975,1,no,pending,yes
kha-n1906-003568,sopti,sopti,noun,word,"a coat. [Imit. sopti-sopjat.] S5r, ka, n, a station, an enlightened town ; — ad. noiselessly, steal- thily, (as, "" ka miaw ka par sbr ba'n thap kern ia ka khndi."")",232,0.975,1,no,pending,yes
kha-n1906-003571,sordar,sordar,noun,word,"a sirdar, a village headman. S*or, V. to crack. Same as syor.",232,0.975,1,no,pending,yes
kha-n1906-003572,sorjamin,sorjamin,noun,word,local enquiry.,232,0.975,1,no,pending,yes
kha-n1906-003569,sorkdr,sorkdr,noun,word,a Government.,232,0.950,1,no,pending,yes
kha-n1906-003570,sorki,sorki,noun,word,mortar.,232,0.975,1,no,pending,yes
kha-n1906-003573,sorshisor,sorshisor,adverb,word,"slowly but surely, (as, **u ia pahia u 8or$hi'Sorh&*iL leit ia khalai."") 211 SOT STING Sot, V, to catch, as with the tips of the fingers, to pick out. fSotti, a. pure, chaste. Sotsakular, ka^n.^i, solemn promise. (Same as *' soskular."")",232,0.975,1,no,pending,yes
kha-n1906-003559,sorshisor soli-slianglew,sorshisor soli-slianglew,noun,phrase,"the fruit of a shrub resembling an areca nut* The shrub is found all over the Bhoi country,",231,0.975,1,no,pending,yes
kha-n1906-003690,sp'iem,sp'iem,adjective,word,"similar, like ; (same as sriem) .",239,0.975,1,no,pending,yes
kha-n1906-003574,spah,spah,noun,word,"wealth, riches. \^Imit, ka spah-ka j)hew.] Spain, V. to bandage, to swathe. Spar,",232,0.975,1,no,pending,yes
kha-n1906-003577,spiid-san,spiid-san,adjective,compound,"to be on the way to maturity, to be in the stage of growing (said of persons only) .",233,0.975,1,no,pending,yes
kha-n1906-003578,spur,spur,noun,word,"a coarse country cotton cloth. Spud, V. reduced in size, applicable to persons only. St^d, a, wise, clever, learned. [Imit. stad-nang,]— w, n, a learned man. [Imit. u stad-u jhad.]",233,0.975,1,no,pending,yes
kha-n1906-002511,sruti,sruti,noun,word,a prostitute.,163,0.975,1,no,pending,yes
kha-n1906-003580,stait,stait,noun,word,"chaff, husk ; — v. to be reduced.",233,0.975,1,no,pending,yes
kha-n1906-003579,stang,stang,adjective,word,"thin. Stai, (lap-), V. to wither. StM, (shi-) n. a heap.",233,0.975,1,no,pending,yes
kha-n1906-003581,star,star,noun,word,Qt head strap made of cane.,233,0.975,1,no,pending,yes
kha-n1906-003582,stein,stein,noun,word,the fibre obtained from a bark of a tree used for making thread and rope. {Bot. ViUehrunia integri folia) .,233,0.975,1,no,pending,yes
kha-n1906-003583,stem,stem,adjective,word,yellow.,233,0.975,1,no,pending,yes
kha-n1906-003584,step,step,noun,word,morning.,233,0.975,1,no,pending,yes
kha-n1906-003585,step-phyrngap,step-phyrngap,adverb,compound,early in the morning.,233,0.975,1,no,pending,yes
kha-n1906-003586,stet,stet,adverb,word,"fast, quickly, (as, "" ka rel ka laid stet shibiin."")",233,0.975,1,no,pending,yes
kha-n1906-003587,stew,stew,noun,word,"a short reed or ekra. Sti, V. to become dry or wrinkle, to shrivel.",233,0.975,1,no,pending,yes
kha-n1906-003588,stieh,stieh,noun,word,a shield. [ImU. ka stieh-ka wait.],233,0.975,1,no,pending,yes
kha-n1906-003589,sting,sting,adjective,word,"light, not heavy. t Bengali. 212 STIR SUH-SIENG Stir,",233,0.975,1,no,pending,yes
kha-n1906-003591,stoug,stoug,noun,word,"a sod, turf. Stoi, ) ad, well (heaped up), (as, '* u ei ha lum stuiig ia u khyn- Stung, ) dew kumne ?"") Suha, V. to suspect; — adj. clean, (of persons only). \_Imit. sab- suba.)",233,0.975,1,no,pending,yes
kha-n1906-003592,suba-ni,suba-ni,adverb,compound,fastidiously clean.,233,0.975,1,no,pending,yes
kha-n1906-003596,suda,suda,adjective,word,"empty, vacant; — ad. entirely, wholly, only (as, ""nga ehem tang ka shitom suda."") Sudakor, "") ■, , Bydakor, j ""' ""■ "" ''■'^'•^^^^^-",234,0.975,1,no,pending,yes
kha-n1906-003597,suh,suh,verb,word,"to sew, to thrust ; [ImiL suh-thain] ; to suffer from colio or throes. [Imit. suh-thar]; to deal in an underhand way.",234,0.975,1,no,pending,yes
kha-n1906-003603,suh-jyllai,suh-jyllai,verb,compound,to have intermittent or neuralgic pains.,234,0.975,1,no,pending,yes
kha-n1906-003604,suh-jyndong,suh-jyndong,verb,compound,"to have dysury ; ka, n. difficult urination.",234,0.975,1,no,pending,yes
kha-n1906-003600,suh-khylliap,suh-khylliap,noun,compound,hemming.,234,0.975,1,no,pending,yes
kha-n1906-003601,suh-kyndang,suh-kyndang,verb,compound,to pass a string or thread or stick through the body of a thing ; to string pieces of meat together.,234,0.975,1,no,pending,yes
kha-n1906-003605,suh-mar-iap,suh-mar-iap,verb,compound,"to make the last effort, to plunge into any enter- prise as the last resource ; to hazard.",234,0.975,1,no,pending,yes
kha-n1906-003608,suh-sieng,suh-sieng,adjective,compound,very pungent (smell). t Hindi. 213 SI^,234,0.975,1,no,pending,yes
kha-n1906-003610,suh-tak,suh-tak,noun,compound,"a long temporary stitch, a tack.",234,0.975,1,no,pending,yes
kha-n1906-003611,suh-thiecl,suh-thiecl,verb,compound,"to take root. Sdh-tok, V. to throw gently (as in playing with cowries).",234,0.975,1,no,pending,yes
kha-n1906-003598,suhbudkhia,suhbudkhia,noun,word,"a back-stitching. Suh-buit, V. to incite, to plot.",234,0.975,1,no,pending,yes
kha-n1906-003613,suid-khai,suid-khai,verb,compound,"to care, to take heed (used with ym). *suid-kynta-maramj il, n. the evil spirit who brings on headache. 'siiid-ngon, \ it, n. the evil spirit who attacks people in their even- 'suid-briew, ) ing or morning walk characterised by a stabbing pain in the sides or by hoarseness.",234,0.975,1,no,pending,yes
kha-n1906-003616,suid-niew,suid-niew,verb,compound,"to care (used negatively with ym). 'suid-tynjang, «, n. a lame demon who lives in the jungle and is known by his call of "" kaw-hoit — kaw-hoit""; it is believed that any one who calls out in response to his call is attacked by him and tickled to death. 'suid-um, ih n, the evil spirit who attacks women and causes mis- carriage or sterility. Suin, kcti 11. the sky, an atmosphere. Suit, V. to pour as a libation; to gild. [_Imit. suit-shor.] 'suit, {ahhrev. of ""ksuit""), ka, n> matter from a sore or wound; pus. Suit, V. to pour some water into the fire in order to put it out.",235,0.975,1,no,pending,yes
kha-n1906-003593,suk,suk,adjective,word,"happy, contented. \_Imit. suk-saifi.] Suka, ka, n, a four-anna piece, a s%H^ one- fourth of a rupee.",233,0.975,1,no,pending,yes
kha-n1906-003594,suki,suki,adjective,word,"slow, gradual. \Im'Lt. suki-suloi.] Slid, V. to take off, to pull out (as grain from a bunch.) fSudu,",233,0.975,1,no,pending,yes
kha-n1906-003619,suloi,suloi,noun,word,a gun. \Imit. ka suloi-ka man.],235,0.975,1,no,pending,yes
kha-n1906-003620,suloi-shamok,suloi-shamok,noun,compound,a matchlock.,235,0.975,1,no,pending,yes
kha-n1906-003621,sulom,sulom,noun,word,"dandriff on the face. Sum, V. to bathe. \Imit. sum-sleh.] Slim) v, to spear, to lance, to hurl. 214",235,0.975,1,no,pending,yes
kha-n1906-003622,sumar syngkai sumar,sumar syngkai sumar,verb,phrase,"to take care of, to be careful. [Imit. sumar-sukhdr.]",235,0.975,1,no,pending,yes
kha-n1906-003623,sunod,sunod,noun,word,"a sanad or appointment parwana. Sup, tt, n, a big basket for putting in grain, etc.",235,0.975,1,no,pending,yes
kha-n1906-003624,supdok,supdok,adverb,word,"short and stout, (as, "" i briew iba lyngkot supdoh *'). Suphu, (heh-), ad. bulky, (as, ""u briew uba beb suphu."")",236,0.975,1,no,pending,yes
kha-n1906-003625,supiw,supiw,adverb,word,"with fat and sunken eyes, (as, '' u briew uba dam supiw ki khmat."")",236,0.975,1,no,pending,yes
kha-n1906-003626,sur,sur,noun,word,"tune, voice, sound,^—si55r, v. to blow the nose. Siir, V. to stitch the mouth of a sack.",236,0.975,1,no,pending,yes
kha-n1906-003627,sur-ang,sur-ang,verb,compound,"to cover the mouth of an overfull sack with leaves, and.; then to stitch it, leaving it partially open.",236,0.975,1,no,pending,yes
kha-n1906-003628,sur-dam,sur-dam,verb,compound,to stitch so as to close an opening or rent.,236,0.975,1,no,pending,yes
kha-n1906-003629,sur-eitmat,sur-eitmat,verb,compound,to have the eye glued with eye-pus...,236,0.975,1,no,pending,yes
kha-n1906-003630,sur-eitmut,sur-eitmut,verb,compound,"to blow the nose. Suri, w. a wolf. Surik, V. to conspire or secretly consult with.",236,0.975,1,no,pending,yes
kha-n1906-003631,surok,surok,noun,word,"a road. Sur-thapbawa, r. to be covered with spider's web. Sut, ka^ n, interest. Slit, V. to pull gently ; to drag. Suwai, Ut V, particles of dust or sand.",236,0.975,1,no,pending,yes
kha-n1906-003633,suwaga,suwaga,noun,word,borax.,236,0.975,1,no,pending,yes
kha-n1906-003632,suwan,suwan,adjective,word,"satisfied, complete.",236,0.975,1,no,pending,yes
kha-n1906-003634,suwara,suwara,noun,word,saltpetre.,236,0.975,1,no,pending,yes
kha-n1906-003635,suware,suware,adverb,word,perfunctorily.,236,0.975,1,no,pending,yes
kha-n1906-003636,swdi,swdi,adjective,word,"frail, weak, infirm. Swait, V. to fly about, to hover, to prowl ; watching for opportuni- ties, to be on the look-out. Swar, V. to cross-examine. Sybak, {see sbak), ad. with a thud (as, ""nga thdp abak na ka ngdp."") Syboh, (same as sboh), ka^ ;?. manure, adhesive froth. [ J?wtV. ka sboh-ka sbur.]",236,0.975,1,no,pending,yes
kha-n1906-003637,sydang,sydang,verb,word,"to begin, to commence, (same as sdang),",236,0.975,1,no,pending,yes
kha-n1906-003665,syiang,syiang,adjective,word,high pitched.,238,0.975,1,no,pending,yes
kha-n1906-003649,syllai,syllai,noun,word,a cultivated land which has very recently been abandoned.,237,0.975,1,no,pending,yes
kha-n1906-003650,sylli,sylli,noun,word,"a small species of bamboo found on the Cherra side. """,237,0.975,1,no,pending,yes
kha-n1906-003651,syllih,syllih,noun,word,"a flying squirrel. Syllok, V. to insinuate, to take counsel together ; to have fellowship* Syllut, (pei-), ad. from one side to another, right through, clean through (pierced). Symbai, w, w. a seed.",237,0.975,1,no,pending,yes
kha-n1906-003652,symboh,symboh,noun,word,"a grain, a piece of the inside of a fruit. Bymboh-kpieng, u, n, a single bead. Sympa, ka,,n. a natural hive, as in crevices of rocks or hollow trees.",237,0.975,1,no,pending,yes
kha-n1906-003653,sympain,sympain,verb,word,"to wrap, to dress, to caress.",237,0.975,1,no,pending,yes
kha-n1906-003654,symparat,symparat,noun,word,a species of palm which generally grows on precipitous places. * Hindi. 216,237,0.975,1,no,pending,yes
kha-n1906-003655,symparbret synreit symparbrct,symparbret synreit symparbrct,noun,phrase,nettle-rash.,237,0.975,1,no,pending,yes
kha-n1906-003656,sympat,sympat,verb,word,"to whip, to thrash. Sympei, ka, n, a heap of earth in front of the hole of a mouse. Symphiah, w, 7i. a whisk. Symphlein, ad, bloodlessly (white), as, ""ubriewuba lieh sym^ phlein.^'",237,0.975,1,no,pending,yes
kha-n1906-003657,symphlen,symphlen,adjective,word,clestituto of hair.,238,0.975,1,no,pending,yes
kha-n1906-001329,symplocus racemos,symplocus racemos,adjective,phrase,A kind of tree the leaves of which are used in dyeinsj cloths.,78,0.975,1,no,pending,yes
kha-n1906-003658,syndah,syndah,adverb,word,"close by, against ; — v. to protect or put a thing bet- ween two things, (as in the sentence "" haba kit eit masi da si/)i' dah da ka trap ioh jakhlia ka met."")",238,0.975,1,no,pending,yes
kha-n1906-003659,syndam,syndam,adjective,word,"flat, low, depressed, well beaten.",238,0.975,1,no,pending,yes
kha-n1906-003660,syndem,syndem,adjective,word,flat-nosed.,238,0.975,1,no,pending,yes
kha-n1906-003661,syndim,syndim,adverb,word,"croncliingly, stealthily, (^s, '* u nongtuh u rih syndim ha khap u maw."")",238,0.975,1,no,pending,yes
kha-n1906-003663,syndon,syndon,adverb,word,"finally, once for all. Syndot-myrsiang, (Iay-), a. haying the peculiar unpleasant smell as of a jackal, smelling of musk.",238,0.975,1,no,pending,yes
kha-n1906-003662,syndong,syndong,verb,word,to roll up the clothes as when wading a stream.,238,0.975,1,no,pending,yes
kha-n1906-003664,synduk,synduk,noun,word,a box.,238,0.975,1,no,pending,yes
kha-n1906-003671,synfiiang,synfiiang,noun,word,"a collection, a contribution, subscription ; — v. to contribute, to subscribe. [B^iif. u synuiang — u bynhei.]",238,0.975,1,no,pending,yes
kha-n1906-003647,syng-it,syng-it,adjective,compound,"tight, choking.",237,0.975,1,no,pending,yes
kha-n1906-003648,syng-it-ldm,syng-it-ldm,noun,compound,"the place or saddle where two hills meet, yjig an, J ^^ 1^^^^ headed, (as, **ka khlieh kaba khiiid st/nglan**), Sylla, V. to consult, to conspire, to plot, to instigate, [/mit. sylla- syUok.] Syllang, (sat-), ad. very (hot or pungent), as from the effect of blisters.",237,0.975,1,no,pending,yes
kha-n1906-003639,syngkai-bamon symparat syngkai-bamon,syngkai-bamon symparat syngkai-bamon,noun,phrase,"a god who causes people to die by a violent death, as ia battle, by a tiger, etc.",236,0.975,1,no,pending,yes
kha-n1906-003638,syngkdi,syngkdi,noun,word,"the waist ; the loins. * Hindi, ~ ^15",236,0.975,1,no,pending,yes
kha-n1906-003640,syngken,syngken,noun,word,an uncle's (maternal) .wife.,237,0.975,1,no,pending,yes
kha-n1906-003641,syngken-kurim,syngken-kurim,noun,compound,"mother-in-law. Syngket, ka, n, a precipice.",237,0.975,1,no,pending,yes
kha-n1906-003642,syngkha,syngkha,noun,word,an armlet.,237,0.975,1,no,pending,yes
kha-n1906-003643,syngkhien,syngkhien,verb,word,to prop — ka^ n. a pillow.,237,0.975,1,no,pending,yes
kha-n1906-003644,syngkhin,syngkhin,noun,word,a bayonet.,237,0.975,1,no,pending,yes
kha-n1906-003645,syngkhlieh,syngkhlieh,noun,word,a pillow.,237,0.975,1,no,pending,yes
kha-n1906-003646,syngkhor,syngkhor,verb,word,"to snore. Syngngeit, v, to throw down to the ground with force. Syng-iang, ad, bright (red).",237,0.975,1,no,pending,yes
kha-n1906-003670,syniiia,syniiia,noun,word,"night, darkness.",238,0.975,1,no,pending,yes
kha-n1906-003666,synjap,synjap,adjective,word,"slack, not tight.",238,0.975,1,no,pending,yes
kha-n1906-003667,synjat,synjat,noun,word,"a pledge, an earnest.",238,0.975,1,no,pending,yes
kha-n1906-003668,synjor,synjor,adjective,word,"loose, not tight, lax. Synjuk, i). to be unanimous, to agree, to come to an understand- ing.",238,0.975,1,no,pending,yes
kha-n1906-003669,synlar,synlar,adjective,word,"i)lain, simple (food).",238,0.975,1,no,pending,yes
kha-n1906-003674,synran,synran,noun,word,"a disciple, a follower.",238,0.975,1,no,pending,yes
kha-n1906-003672,synrang,synrang,noun,word,a coping of a rock or care.,238,0.975,1,no,pending,yes
kha-n1906-003675,synrap,synrap,verb,word,"to join, to coalesce.",238,0.975,1,no,pending,yes
kha-n1906-003673,synrdi,synrdi,noun,word,autumn.,238,0.975,1,no,pending,yes
kha-n1906-003676,synrei,synrei,noun,word,a pestle generally made of wood.,238,0.975,1,no,pending,yes
kha-n1906-003677,synreit,synreit,verb,word,"to sprinkle. I 817 SYNREM SYRWIAH Synrem, «, n, a kind of stinging nettle. Synri, «, n. the womb,",238,0.975,1,no,pending,yes
kha-n1906-003678,synriah,synriah,verb,word,to sneeze.,238,0.975,1,no,pending,yes
kha-n1906-003679,synrop,synrop,adjective,word,"double, twin.",238,0.975,1,no,pending,yes
kha-n1906-003681,synrum,synrum,noun,word,"rubbish. [ImiL ka synrum-ka synrah.] Synsar, u, «. a broom.",238,0.975,1,no,pending,yes
kha-n1906-003680,synrvid,synrvid,verb,word,to sweep or scratch past a thing.,238,0.975,1,no,pending,yes
kha-n1906-003683,synsh,synsh,verb,word,"to ram, to drive in.",239,0.975,1,no,pending,yes
kha-n1906-003682,synshdr,synshdr,verb,word,"to rule, to govern ; [Imit, synshdr-khadar] ; — Ka, Syn^ 8'hdr, n. the highest goddess of the Synteng mythology.",238,0.975,1,no,pending,yes
kha-n1906-003684,syntdi,syntdi,noun,word,"a hunch, hump. Syntan, n, a hardy or strong-minded fellow.",239,0.975,1,no,pending,yes
kha-n1906-003685,synteng,synteng,noun,word,"people of the Jaintia Hills. [Imit. u Synteng-u Syngngor.J Syntiat, v. to lay in ambush ; to spy. Syntiew, w, n, a flower. [^Imit. u syntiew-u sktid.]",239,0.975,1,no,pending,yes
kha-n1906-003686,syntiew-khmut,syntiew-khmut,noun,compound,the tip of the nose.,239,0.975,1,no,pending,yes
kha-n1906-003687,syntuid,syntuid,verb,word,to slip.,239,0.975,1,no,pending,yes
kha-n1906-003688,syrbud,syrbud,verb,word,"to imitate, to follow. Syrdeng, ka^ n. a fence or wall made of bamboo or ekra, a parti- tion wall made up of planks.",239,0.975,1,no,pending,yes
kha-n1906-003689,syrdep,syrdep,verb,word,"to patch up, — n. a piece of rag. [Imit, ka syrdep-ka syrphong.J Syrngiew, ka, n. a shadow, yimit. ka syrngiew-ka syrnget.]",239,0.975,1,no,pending,yes
kha-n1906-003691,syrdoh,syrdoh,verb,word,"to make a knot, to tie in a knot. S ^^'d I ^' *° ^^ gently ; — ad. to the brim, by flushing up.",239,0.975,1,no,pending,yes
kha-n1906-003693,syrtok,syrtok,adjective,word,"up to the mark, complete ; justified by result.",239,0.975,1,no,pending,yes
kha-n1906-003694,syrwa,syrwa,adjective,word,"wasteful, squandering; — ka, n. a soup {Hindi).",239,0.975,1,no,pending,yes
kha-n1906-003695,syrwet,syrwet,noun,word,"a trace, a mark, a form for the ratification of an agreement, clue. Syrwiah, v, to fasten a rope round, to tie in a noose ; — u, n. a noose. 218 T TANG-SAW T, the eighteenth letter in the Khasi alphabet. Tabah, v, to throw or hang across the shoulder. TabdiS, V. to make the lips dirty. •",239,0.975,1,no,pending,yes
kha-n1906-003758,t,t,adverb,word,"trailing like a tail, [as, "" u khla u bud tern la u brlew.*'] Ten-ten, ad, elastic, producing fibres, tough, [as, "" ka doh kaba jwat ten-ten^ Xepi ""V, to bury, to inter. 1 TEP.",245,0.975,1,no,pending,yes
kha-n1906-003944,t'ut,t'ut,noun,word,"a quail (same as tyut). fTuta, n. a parrot. tTutia, u, n. sulphate of copper, blue vitriol. Twa, V. to fall down as a wall ; to subside. Twad, V. to feel by means of the hand.",261,0.975,1,no,pending,yes
kha-n1906-003696,tabit,tabit,noun,word,an amulet.,239,0.975,1,no,pending,yes
kha-n1906-003697,tabla,tabla,noun,word,"the shoulder-piece of an animal ; a chine ; a kind of Hindustani drum. *Tabut, ha^ n. a car used on the funeral occasion of great men ; a tazia. *Takda, «, urgent. Takhew' I ^* ^^^^^^hedly poor ; penurious j having scanty hair. Tynf^khuh ( ^* *° ^^^^k the head against. •",239,0.975,1,no,pending,yes
kha-n1906-003699,tad,tad,adjective,word,"cbeap ; — ad. as soon as, only. [As, *' tad ioh u shu pliet sba la shnong bak.""] TM-tyrpeng, ka^ n. an armlet.",240,0.975,1,no,pending,yes
kha-n1906-003700,tad-ynda,tad-ynda,adverb,compound,"until, till, when.",240,0.975,1,no,pending,yes
kha-n1906-003710,tai-tai,tai-tai,adverb,reduplication,"very (dirty) ; [as, "" kane ka sopti ka la jakhlia tai- tair]",241,0.975,1,no,pending,yes
kha-n1906-003711,taiar,taiar,verb,word,"to get ready, to prepare. Taiew, ka, n, a week.",241,0.975,1,no,pending,yes
kha-n1906-003712,tain,tain,adjective,word,"stunted, dwarfish. Tain-tMn, ^^. loudly [as, "" ia uba kyllut phi dei ba'n da kren eh tain-tamy^",241,0.975,1,no,pending,yes
kha-n1906-003714,tait-kur,tait-kur,verb,compound,to be excommunicated from the clan. \Imit. tait- kur — tait-kmie.],241,0.975,1,no,pending,yes
kha-n1906-003698,takma,takma,noun,word,"a medal. Tak6r *) Takraifi \ """"' *° ^^^^^^^ ^^^^ *^® knuckles (when cursing).",240,0.975,1,no,pending,yes
kha-n1906-003718,tal,tal,adverb,word,"tall and foolish, [as, "" u briew uba biej talep.'*]",241,0.975,1,no,pending,yes
kha-n1906-003715,tala,tala,noun,word,"a lock. Talad, 2;. to manage.",241,0.975,1,no,pending,yes
kha-n1906-003716,talain,talain,verb,word,"to whirl ; to wield. *Talasi, v, to search. Talba, ka, n, the shoulder-piece, same as tahla, *Talbi, V. to manage ; to conduct {e.g., a case).",241,0.975,1,no,pending,yes
kha-n1906-003721,talci,talci,adjective,word,blunt.,241,0.975,1,no,pending,yes
kha-n1906-003717,talen,talen,adjective,word,"bald, destitute of hair ; — ka, n. a talent.",241,0.975,1,no,pending,yes
kha-n1906-003720,talmah,talmah,adverb,word,"big, [as, ""u khla uba heh ka khlieh talmah.^^]^ Talon, V. to belabour, to maul. Talu, (pdi), «, n. a sugarcane;",241,0.975,1,no,pending,yes
kha-n1906-003719,talngeng,talngeng,adverb,word,"big (head) ; [as, "" nga ioh u dohthli uba heh fal- ngeng:']",241,0.975,1,no,pending,yes
kha-n1906-003722,talwar,talwar,noun,word,"a sword. Tarn, V. to pick up, to gather. * Hindi, 220 I TAM TARE Tarn, ad, more, in excess. Tama, ka^ n. copper. *Tamsa, ha^ n. a show, (,Hind.) a tamasha,",241,0.975,1,no,pending,yes
kha-n1906-003723,tamsneng,tamsneng,adjective,word,"wayward, wilful ; disobedient. \Imit. tamsa-tamhoi.]",241,0.975,1,no,pending,yes
kha-n1906-003724,tamti,tamti,verb,word,"to have a stealing propensity, thievish. [Imit. tamti- tamjat.]",241,0.975,1,no,pending,yes
kha-n1906-003725,tamtuin-tamtain,tamtuin-tamtain,adverb,compound,"unevenly. Tan, V. to go and fetch aiperson, to go and meet a person on the way. *T^n, V. to pull, to drag ; — ka, n, straitened circumstances, emer- gency ; crisis. Tana-tani, a(i. ia a precarious manner, [as, **ngi shu la itn tana-tani mynta shi snem.""]",241,0.975,1,no,pending,yes
kha-n1906-003701,tang,tang,adverb,word,"onl^^ ; to make a finish of tbe plaiting of wicker-baskets or nets ; to measure or heap up grain as much as a measuring basket can contain and holding one hand to support the grain. 'tang, {ahhrev. of "" ktang ""), ha, n. a pipe.",240,0.975,1,no,pending,yes
kha-n1906-003702,tang ba'n ndm,tang ba'n ndm,phrase,phrase,"nominally, [as, "" u ia ai khaw ia ki tang ha'n nam "";] formally. 'tangkro,",240,0.975,1,no,pending,yes
kha-n1906-003706,tangon,tangon,verb,word,"to club, to beat with bis: sticks on the head or body.",240,0.975,1,no,pending,yes
kha-n1906-003707,tangon-u-lymban,tangon-u-lymban,noun,compound,a form of caj)ital punisliment amongst the ancient Khasis by beating a person to death with a club.,240,0.975,1,no,pending,yes
kha-n1906-003709,tangtbari,tangtbari,noun,word,"a weaver's shuttle. *tang-um, ka, n. a bamboo pipe or chimga for carrying water. Tab, V. to use anytbing as an external application or ointment ; to smear ; to use as sauce {e.g., curry or salt) ; — ka. n. a snail. , Taboh, \ adv. wastef ully ; lavishly, [as, "" wat ju leh tahoh eh Tob-hoh, j ia ka jong ki briew.""] Tai, V, to winnow ; to bring reasons to bear on an argument ; to sift.",240,0.950,1,no,pending,yes
kha-n1906-003726,tania,tania,adjective,word,"frugal, economical.",242,0.975,1,no,pending,yes
kha-n1906-003727,tanoin,tanoin,verb,word,"to come and attack simultaneously (as a pack of hungry wolves). Tap, V. to cover, to screen ; — ka, n, a bundle of pan. Tap, V. to overreach, to encroach upon.",242,0.975,1,no,pending,yes
kha-n1906-003728,tap-khar-lyngngoh,tap-khar-lyngngoh,verb,compound,"to play blind man's buff. Tap-kpoh, V. to perform a poojah ceremony for the safe delivery of a child.",242,0.975,1,no,pending,yes
kha-n1906-003729,tap-la wbei,tap-la wbei,verb,phrase,to worship the spirit of the departed mother or • maternal grandmother by means of sacrifices.,242,0.975,1,no,pending,yes
kha-n1906-003730,tap-lubri,tap-lubri,verb,compound,"to perform the ceremony of naming a child. Tap lup, V. to cover completely ; — ad. all over.",242,0.975,1,no,pending,yes
kha-n1906-003731,tap-mohkhlieh,tap-mohkhlieh,noun,compound,a piece of cloth used by women to coyer the head.,242,0.975,1,no,pending,yes
kha-n1906-003732,tap-rngiew,tap-rngiew,verb,compound,"to make sacrifices for one's own good luck. \^Imit, tdprngiew-taprwiang.]",242,0.975,1,no,pending,yes
kha-n1906-003733,tap-thawlang,tap-thawlang,verb,compound,"to worship the original grandfather by means of sacrifices. Tar, V. to tear, to rend, — ad. scorchingly hot j [as, "" tiew ia ka um ha ding ha ba'n da khiuit tar,'']",242,0.975,1,no,pending,yes
kha-n1906-003734,tar,tar,noun,word,"a wire. Tarajur, ka^ n. scales, a balance. Tare, v, to grope. ^ -^ - — - * Hindi, ^2l TARI TDAW-TDAW Tarij ka^ n. a knife. *Tarik, ka^ n. date.",242,0.975,1,no,pending,yes
kha-n1906-003735,taro,taro,noun,word,"the goddess of wealth among the Syntengs, of whom the people are in great dread. She resembles the evil spirit of the Khasis called '* Ka Shuar."" Those who are suspected of possessing her are shunned by all. Tasa, ka^ n. a kind of drum ; a tambourine.",242,0.975,1,no,pending,yes
kha-n1906-003736,tasam,tasam,noun,word,"a worn-ont and useless tool or wares, \_Imit. tasam-takut], see also thungtasam.",243,0.975,1,no,pending,yes
kha-n1906-003737,tat,tat,conjunction,word,"if only, as soon as, [as, *' tat shu lah kane, nga'n leifc noh.""J ; — cheap. T^w, V. to put food into the month ; — ka^ n, a sheet of paper.",243,0.975,1,no,pending,yes
kha-n1906-003708,taug-sdw,taug-sdw,noun,compound,"the gullet. ♦ Hindi, 219 TANGTHARI *",240,0.975,1,no,pending,yes
kha-n1906-003738,taw,taw,adverb,word,"intensely (dark) ; [as, *' ki ia sah ha lum haduh ba'n da iongngit taw ""]. _",243,0.975,1,no,pending,yes
kha-n1906-003739,tawah,tawah,verb,word,"to hang, to suspend, to throw across. Tawfar,* I ^' *° ^° ^^ound and round. JTawlia, ka^ n. a towel. Tawoin, [same as ""tawain.""] ' Tba, V. to feel by touching.",243,0.975,1,no,pending,yes
kha-n1906-003741,tbem,tbem,adverb,word,"as if biting some thing in the mouth, [as, "" ka miaw ka dait tbem ia ka khnai ha ka shyntur.""] ; firmly (sticking).",243,0.975,1,no,pending,yes
kha-n1906-003740,tbeng,tbeng,adverb,word,"as if something is full in the mouth, or in a hollow vessel or pipe [as, ""u dumasla u dang dap tbeng shi tyndong.""] Tbeh, V, to light.",243,0.975,1,no,pending,yes
kha-n1906-003742,tbiak,tbiak,adverb,word,"clean of, [as, ""u dkhat tbiak ia u syntiew.""] Tbian, ka^n. floor.",243,0.975,1,no,pending,yes
kha-n1906-003743,tbit,tbit,adjective,word,"handy, skilful, tactful.",243,0.975,1,no,pending,yes
kha-n1906-003226,tcay,tcay,noun,word,a small metal lime-case.,210,0.975,1,no,pending,yes
kha-n1906-003745,tdaw-tdaw,tdaw-tdaw,adverb,reduplication,"hard and tough, [as, "" ka thalap ka long kaha eh fdaw'tdaw.^^] * Hindi. % Englisli* ^22 TDEM TEP Tdem, ka a, n. smoke.",243,0.975,1,no,pending,yes
kha-n1906-003746,tden,tden,adverb,word,"tenaciously, and firmly [as, ** u khnam u neh tclen ha u skum.""]",243,0.975,1,no,pending,yes
kha-n1906-003751,tdiih,tdiih,noun,word,the end (of a thread) or anything.,244,0.975,1,no,pending,yes
kha-n1906-003713,tdin-tdin,tdin-tdin,adverb,reduplication,"elastic. Tait, {abbrev. of kyntait), v. to reject, to set aside.",241,0.975,1,no,pending,yes
kha-n1906-003747,tdit-tdot,tdit-tdot,adverb,compound,"at all, [as, "" wat leit ai ei ei ia u tdit-tdotJ^]",243,0.975,1,no,pending,yes
kha-n1906-003748,tdong,tdong,noun,word,tail. [/mit. ka tdong— ka slmet.],244,0.975,1,no,pending,yes
kha-n1906-003749,tdong-bohkhaila,tdong-bohkhaila,noun,compound,"the fag-end of a dhoti,",244,0.975,1,no,pending,yes
kha-n1906-003750,tdong-sier,tdong-sier,noun,compound,a meadow haiiey.,244,0.975,1,no,pending,yes
kha-n1906-003752,te,te,conjunction,word,"then ; it is also used at the end of a sentence to denote surprise, as "" phi ong kumta te ? "" (you say so, do you ?). - '-",244,0.975,1,no,pending,yes
kha-n1906-003756,teh'sai-iong,teh'sai-iong,verb,compound,"to be engaged in a marriage contract (for young children only) . [Probably from the ancient practice of bind- ing a black thread to one of the toes of a girl as a pledge.] Tel, D. to build, to erect. Tei-pop, V. to charge with j to lay the blame upon. Teln-thap, «, n. nettle rash*",244,0.975,1,no,pending,yes
kha-n1906-003754,teh-kirmit,teh-kirmit,verb,compound,to be under a bond or agreement.,244,0.975,1,no,pending,yes
kha-n1906-003755,teh-ktien,teh-ktien,verb,compound,"to be engaged in a marriage contract. [Imit. teh- ktien-teh thylliej.] Teh-musorkar, -v. to keep one under restraint or under the cognizance of the authorities.",244,0.975,1,no,pending,yes
kha-n1906-003757,tej-tej,tej-tej,adverb,reduplication,"adhesive, like gum, [as, "" phi shet ka ja kaba jem t^j-tei kum ia u mynpang.""] Tern, t>. to play on a drum or stringed-musical instrument; to extinguish. [Imit. tem-put.]",244,0.975,1,no,pending,yes
kha-n1906-003753,teng,teng,adverb,word,"at some time or other, once, [as, "" u kren kum uba la shah ram teng ha nga'*]; — w. occasion, time ; as ^iteng, drteng, \i\-teng. Teng-teng, ad, occasionally. Teh, V. to bind, to fasten, \_Imit, teh-khum]. — it is also used at the end of a sentence to emphasize the adjective before it, [as, "" ew phi, u kulai u Jarnel u long uba heh noh teh.""] — and it is also used as a sort of digressive expression, [as, "" la nga pyn-i ia kata teh u phoi pynban.""]",244,0.950,1,no,pending,yes
kha-n1906-003760,ter,ter,adverb,word,"in order, in a row.",245,0.975,1,no,pending,yes
kha-n1906-003761,ter-lter,ter-lter,adverb,compound,"one whole length, [as, "" ka barrack ki shipai kaba jrong ter-lter.''] Ter-shi-ter, ad, in a series of objects ; one after another.",245,0.975,1,no,pending,yes
kha-n1906-003762,ter-ter,ter-ter,adverb,reduplication,"consecutively. Tew-tew, (eh), ad. very hard, [as, *' u tohjaw um pat ih, u dang eh tew-tew.'']",245,0.975,1,no,pending,yes
kha-n1906-004044,tfwei-u-dr,tfwei-u-dr,pronoun,compound,some other person.,268,0.975,1,no,pending,yes
kha-n1906-003779,th,th,adverb,word,"too, excessively, unreasonably ; — iaihan, v. not to do a thing when asked, simply because one looks to somebody else to doit. *Th^n, ka^ n. one whole piece of cloth, a tMn ; — v. to send for.",246,0.975,1,no,pending,yes
kha-n1906-003783,th,th,verb,word,"to give a slap ; to brush past any object. Th^p, V. to lay in wait, to ambuscade, to waylay, to be on the watch ; — a. poisonous (as, "" une u tit uba thap "").",246,0.975,1,no,pending,yes
kha-n1906-003767,thaba,thaba,adjective,word,"glaring, brilliant, bright, dazzling.",245,0.975,1,no,pending,yes
kha-n1906-003776,thah,thah,noun,word,"ice, hoar-frost, 224i THAIN THAP-MRAd Th6i3, V. to weave, to knit, to plait ;— A;^, n, district, direction. Thait, V. to cut asunder, to snap ; — a. weary, exhausted, TMit-tliMt, ad, without intermission, incessantly, [as, "" ki kyn- rup thdit-thdit ha doh ia u.""]",246,0.975,1,no,pending,yes
kha-n1906-003768,thakurain,thakurain,noun,word,"a phenomenon which appears dazzling and brilliant like the sun, a mistress of the house. Thdd, V. to expose, to spread, to curse, to scold. \_Imit. thdd-bM]; — ha, n. an exposed flat country. Thdd-IM, V. to become shameless ; to put to shame.",245,0.975,1,no,pending,yes
kha-n1906-003777,thala,thala,adjective,word,"vain ; — ad. vainly, uselessly. Thaldb, ha^ n. a chip of wood. *' Tliala-thaleifi, (leh), ad. in a rough way, carelessly. ThA,m, ka^ n. a crab. Tham^, v, to loose the clear vision of things ; to befool.",246,0.975,1,no,pending,yes
kha-n1906-003778,thamula,thamula,adjective,word,"joking, funny, [/mit. thamula-thamuleiu.]",246,0.975,1,no,pending,yes
kha-n1906-003780,thana,thana,noun,word,"person having some relationship, limit, thana-thakh^r. ]",246,0.975,1,no,pending,yes
kha-n1906-003781,thanat,thanat,noun,word,a police station.,246,0.975,1,no,pending,yes
kha-n1906-003782,thanda,thanda,adjective,word,"abated, cool, calm.",246,0.975,1,no,pending,yes
kha-n1906-003770,thang,thang,verb,word,"to burn, to cremate. Thang-kh4r, v. to be cremated by the State or by the public.",245,0.975,1,no,pending,yes
kha-n1906-003772,thang- jngap,thang- jngap,verb,phrase,to have the discolouring of the face.,245,0.975,1,no,pending,yes
kha-n1906-003771,thang-krei,thang-krei,verb,compound,"to burn the body without gathering the bones or without performing any ceremony. Thang-iong, v, to become sunburnt j to become dark owing to exposure.",245,0.975,1,no,pending,yes
kha-n1906-003774,thang-ram,thang-ram,verb,compound,"to burn a jangle for jhum cultivation, — ad. like a withered branch of a tree.",246,0.975,1,no,pending,yes
kha-n1906-003773,thang-rang,thang-rang,adjective,compound,to feel very thirsty.,246,0.975,1,no,pending,yes
kha-n1906-003775,thang-rong,thang-rong,verb,compound,"to perform a cremating ceremony with great show. Thang-saw, v, to heat a thing till it is red-hot. [Imit. thangsdw- thangsian.]",246,0.975,1,no,pending,yes
kha-n1906-003785,thap-ba-iong,thap-ba-iong,verb,compound,"to become dizzy. Thap-balieh, ^«, rj . a butterfly. Thap-balong, ka^ n. a large black butterfly.",246,0.975,1,no,pending,yes
kha-n1906-003784,thap-ba-ngem,thap-ba-ngem,noun,compound,a ground spider. •,246,0.975,1,no,pending,yes
kha-n1906-003787,thap-basim,thap-basim,noun,compound,a mole.,247,0.975,1,no,pending,yes
kha-n1906-003786,thap-bawa,thap-bawa,noun,compound,a spider.,247,0.975,1,no,pending,yes
kha-n1906-003788,thap-biej,thap-biej,adjective,compound,having some disordered state of mind ; demented.,247,0.975,1,no,pending,yes
kha-n1906-003789,thap-bulong,thap-bulong,noun,compound,"an evil spirit who brings insanity to the people. Th^p-k6r, ka, n. the back part of the ear.",247,0.975,1,no,pending,yes
kha-n1906-003792,thap-mrad,thap-mrad,verb,compound,"to swoon, to be under the influence of evil spirits ; to stalk. • Hindi. 223 THAP-NIANG THEP-SH'IENG Thap-niang, ka^ n. wing ; side.",247,0.975,1,no,pending,yes
kha-n1906-003793,thap-shrieli,thap-shrieli,verb,compound,"to cob, to give a slap on the buttock. ThtVr, V. to be pierced with a thistle or prick ; to feel hurt. *Thar, n, ka. brass plate, a tluil.",247,0.975,1,no,pending,yes
kha-n1906-003794,tharai,tharai,verb,word,"to suppose, to think, to presume. Tharia, ka^ n. a shallow and shingly bed of a stream.",247,0.975,1,no,pending,yes
kha-n1906-003795,tharu-thare,tharu-thare,adverb,compound,"roughly, [as, "" nga shu thain tharu-thare ia kane ka ruh"".] Thatthari, u, n, one who works in brass. That-tbat, (kyiub-), nc/. trembliniily, [as, *'u kyiuh thaHhat ba'n leit mill ling-kasbari""], — shiveriugly. Thaw, V. to make, to create. Thawdur, (leh-, kren-), cul in a queer or out-of-the-way manner, [as, *' balei phi kren thdiodur kumla ?""] Thawlang, u, n, the first maternal grandfather or the father him- self, [/mit. u Tbawlan2j-ka lawbei.]",247,0.975,1,no,pending,yes
kha-n1906-003796,thawlir,thawlir,adjective,word,"comical, joking.",247,0.975,1,no,pending,yes
kha-n1906-003797,thawnang,thawnang,adjective,word,"comic, /mimical.",247,0.975,1,no,pending,yes
kha-n1906-003798,thawshia,thawshia,adjective,word,"confirmed, habituated. Thdw-thaw, (jot-), ad. ragged or torn, in tatters, [as, ""ki jain jong u ki la jot thdw-thdio"" 7\ Theh, V. to pour in, to si)ill.",247,0.975,1,no,pending,yes
kha-n1906-003769,thdd-rong,thdd-rong,verb,compound,to use low or obscene words ; to tell tales.,245,0.975,1,no,pending,yes
kha-n1906-003799,theh-seij,theh-seij,verb,compound,"to pour out in abundance, 'thei, {abbrev. of kynthei), w. a woman. *thei-kha-iapsaw, a. a woman who has once married! and is hence experienced in the art of courting men. *thei-iaid, ka, n. a woman of bad character.",247,0.975,1,no,pending,yes
kha-n1906-003802,them,them,noun,word,"a hollow, a valley, a depression ; — z'. to subside ; Jca iapthem, n, cholera. Thep, V. to stow, to put in.",248,0.975,1,no,pending,yes
kha-n1906-003803,thep-mawbah,thep-mawbah,verb,compound,to deposit bones in a common ancestral tomb or cairn.,248,0.975,1,no,pending,yes
kha-n1906-003805,thet-thet,thet-thet,adverb,reduplication,"convulsively ; writhingly. Thew, V. to measure ; to take aim at ; to intend, [/mit. thew- woh.]",248,0.975,1,no,pending,yes
kha-n1906-003817,thiah -jing-it,thiah -jing-it,verb,phrase,"to go without food, to fast. [Imit. thiahjing-it -thiah thngan.]",249,0.975,1,no,pending,yes
kha-n1906-003814,thiah-ang,thiah-ang,verb,compound,to be asleep with the mouth open.,248,0.975,1,no,pending,yes
kha-n1906-003815,thiah-basa,thiah-basa,verb,compound,"to sleep for the night or as a lodger. [Imit. thiah- basa-thiahbasuin,]",248,0.975,1,no,pending,yes
kha-n1906-003816,thiah-kai,thiah-kai,verb,compound,to lie down by way of taking rest ; to take a short nap.,249,0.975,1,no,pending,yes
kha-n1906-003818,thiah-sngi,thiah-sngi,verb,compound,"to sleep till late in the day. l/miL thiah sngi -thiah them,]",249,0.975,1,no,pending,yes
kha-n1906-003819,thiah-thdi,thiah-thdi,verb,compound,to oversleep ; to waste time doing nothing.,249,0.975,1,no,pending,yes
kha-n1906-003809,thiang,thiang,adjective,word,sweet.,248,0.975,1,no,pending,yes
kha-n1906-003812,thiang -jngap,thiang -jngap,adjective,phrase,honey-sweet.,248,0.975,1,no,pending,yes
kha-n1906-003810,thiang-bluin,thiang-bluin,adjective,compound,saltish sweet taste.,248,0.975,1,no,pending,yes
kha-n1906-003811,thiang-byrjup,thiang-byrjup,adjective,compound,sourish sweet taste.,248,0.975,1,no,pending,yes
kha-n1906-003813,thiang-jlep,thiang-jlep,adjective,compound,"too sweet. Thiah, v, to sleep ; to lie down. [!mit. thiah-shong.]",248,0.975,1,no,pending,yes
kha-n1906-003820,thiar,thiar,noun,word,"a barn ; a large granary basket. Thiat, w, n, yeast, leaven.",249,0.975,1,no,pending,yes
kha-n1906-003821,thiaw,thiaw,adverb,word,"away, completely, [as, ""da kaba ialeh shitom u la jop thiaw ia ki jingeh baroh"".]",249,0.975,1,no,pending,yes
kha-n1906-003824,thied-baibat,thied-baibat,verb,compound,"to buy for ready money, to buy in cash.",249,0.975,1,no,pending,yes
kha-n1906-003825,thied-ei,thied-ei,verb,compound,better to buy.,249,0.975,1,no,pending,yes
kha-n1906-003826,thied-khutia,thied-khutia,verb,compound,"to buy retail, limit, thied khutia-thied khu- lain]",249,0.975,1,no,pending,yes
kha-n1906-003827,thied-shah,thied-shah,verb,compound,"to buy on credit. {Imit, thied shah-thied sham.] Thied-snam, «, n. vein, artery. Thiep, ka^ n. an uphill ; an ascent. Thiet, same as thied. Thiew, V. to weed. Thir, V. to spin; — ad. away (fly, jamp) ; [as, '* u kulai u ryng- kang thir ia ka 8yrdeng.""J Thit, ka^ n» birdlime. Thlen, «, w. a devil in the shape of a serpent supposed to be kept by certain clans in the Khasi Hills. He is propitiated with human blood and the nails taken from fingers and toes, or failing which, with human hair and pieces of garments clipped by means of a pair of silver scissors. He is believed to bring wealth and prosperity to his keepers. The people of the Khasi and Jaintia Hills are in constant dread of being murder- ed by the keepers of this monster. A boa-constrictor. Thlia, V. to bother, to tease. [Imit, thlia-thlait.] Thlieh, :;. to split, to strike. Thliem, «, n. a small leech.",249,0.975,1,no,pending,yes
kha-n1906-003822,thik,thik,adverb,word,"exactly, precisely. *Thikna, a» regular, certain, exact. [Imit. thikna-thikni.] Thie, V, to give response or answer to a call. 227 THIED THLONG-MLUH.",249,0.975,1,no,pending,yes
kha-n1906-003791,thkp-ngap,thkp-ngap,adverb,compound,"lonely, (sit), (as, ""u shong marwei thap-ngdp ha khlaw.""] — ka^ n. swelling of the jaw gland.",247,0.975,1,no,pending,yes
kha-n1906-000197,thle,thle,noun,word,[ImiL behnongshohnoh- behnongshohtuh.],16,0.975,1,no,pending,yes
kha-n1906-003828,thlien,thlien,adjective,word,"nervous, painful, Thliew, kaffi. a hole, a pit; depression. {Imit. ka thliew-ka sydr.] Thliew-ka iing, (phr. in every house ; [as, "" u _ Saheb Jerman Thliew-iing, \ Jones u ju leit rung man ka thliew iing.]",250,0.975,1,no,pending,yes
kha-n1906-003829,thlip,thlip,adverb,word,"entirely (dark) ; [as, ""phi pynran ia ka sharak ha ba'n da diam thtip ""?] Thlong, «, n. a wooden mortar for husking paddy, etc., a dhenH, [Imit. u thlong-u synrei.]",250,0.975,1,no,pending,yes
kha-n1906-003830,thlong-nar,thlong-nar,noun,compound,"an iron mortar. Thlong-mluh-thlong-sying, jphr. bitterly inimical; implacable* 228 THLUN THOH-PEN Thluu, a, stammering, stuttering. Thma, /'«, n. Vrar, battle, dispute [/m?7. ka thma-ka ktien.]",250,0.975,1,no,pending,yes
kha-n1906-003823,thlong-sying thied,thlong-sying thied,noun,phrase,"fibre, root, artery. [Imit. w. thiecl-u jaw.]— ■:;. to buy» to purchase.",249,0.975,1,no,pending,yes
kha-n1906-003831,thma-ka-ktien,thma-ka-ktien,noun,compound,law suit.,250,0.975,1,no,pending,yes
kha-n1906-003832,thmit,thmit,adjective,word,"too short, [as, ""plii la suh thmit eh ia kane ka sopti "".] — n, edge ; margin. Thmu, V. to purpose, to intend, to resolve.",250,0.975,1,no,pending,yes
kha-n1906-003833,thnam,thnam,verb,word,"to boil, to simmer. Thnam-sabon, ka, n, a lather.",250,0.975,1,no,pending,yes
kha-n1906-003834,thnat,thnat,adjective,word,having a finger or a toe branched.,250,0.975,1,no,pending,yes
kha-n1906-003835,thnat-syiar,thnat-syiar,noun,compound,the single horu-like claw of a cock.,250,0.975,1,no,pending,yes
kha-n1906-003836,thnem,thnem,adjective,word,"scarce and dear ; in great demand ; — ka, n. the compen- sation money paid by a \yoinan or a man who marries within one year after the death of her husband or before his bones have been deposited in the ancestral tomb ; compensation given to a husband or wife to pa.'ocure a divorce.",250,0.975,1,no,pending,yes
kha-n1906-003806,thngad,thngad,verb,word,"to promise or determine not to do the same thing over again, to repent, [/mtt. thngad- thngaw.]",248,0.975,1,no,pending,yes
kha-n1906-003807,thngan,thngan,verb,word,to be hungry. [Imit. thngan-jing-it.],248,0.975,1,no,pending,yes
kha-n1906-003808,thngiat,thngiat,noun,word,"Sb foreign particle in the eye, a mote.",248,0.975,1,no,pending,yes
kha-n1906-003837,thning,thning,noun,word,"a stalk (generally of a creeper), a plant destitute of leaves. Thnom *) Thnum' j ^•. ^° mutter, to mumble. *Thok, v, to cheat, to deceive, to humb'ig. \Imit. thok-shukor.] Thong, V. to bet ; to offer money ; (as, ""u ioh kain sordar da kaba iliO)uj tyngka ia ki rangbah shnong"".) Thoh, V. to cut trees ; to write, to make a mark ; to take with the tip of a finger; — a. having a mark or spot. \^Iinit. thoh-iar.] — ka^ n, an ornamental edging or border of a garment; a mark, a spot. Thoh-brain, ""> Thoh-bruin, C a, spotted, striped. Thoh-brew, }",251,0.975,1,no,pending,yes
kha-n1906-003840,thoh lung-thoh leng,thoh lung-thoh leng,adverb,phrase,with stains here and there ; perfuncto- rily.,251,0.975,1,no,pending,yes
kha-n1906-003841,thoh mut-thoh mat,thoh mut-thoh mat,adjective,phrase,"having dirty spots here and there ;— * ad, blotched. Thoh-pan, 7 x • 4 / n Thoh-pen, j ''' ^^^'^P'^ (across). * Hindi, 229 THOH-PUID THl)I ThowSid I ^' ^*^'^P®^ (lengthwise), having streaks.",251,0.975,1,no,pending,yes
kha-n1906-003838,thoh-khalai-nusip,thoh-khalai-nusip,verb,compound,to play in a lottery.,251,0.975,1,no,pending,yes
kha-n1906-003839,thoh-leng,thoh-leng,adjective,compound,having a white speck or a spot.,251,0.975,1,no,pending,yes
kha-n1906-003842,thoin-thoin,thoin-thoin,adverb,reduplication,"dearly, intensely (love) ; [as, ""ngeiieitthom-thom la ka ri""] — straight on, without any visible sign of difficulty ; [as, ""u khar hajikor u kiew thoiii'thom na u tyllai shalor u skong"".] Thorn, V. to tramjile, to clear ; to do in a high-handed manner. *Th6r, ka, n. the plains.",251,0.975,1,no,pending,yes
kha-n1906-003843,thor-thor,thor-thor,adverb,reduplication,"flutteringly, tremblingly, [as, **balei ki leit k'iuh thor-thor ian?""]; very (light). Thra, (um), ha, n. the water or fluid which issues before the delivery of a child.",251,0.975,1,no,pending,yes
kha-n1906-003845,thrait,thrait,adverb,word,"suddenly and forcibly, [as, ""u khla u la kynrup ia u knlai tlirait na u pdot"".j",251,0.975,1,no,pending,yes
kha-n1906-003846,thrait-thrait,thrait-thrait,adverb,reduplication,"at once or without hesitation or intermission (to attack) ; [as, ""ki briew ki la tiir thrait-thrait kein sha ka met jong nga"".]",252,0.975,1,no,pending,yes
kha-n1906-003844,thrang,thrang,verb,word,"to thirst, to pant.",251,0.975,1,no,pending,yes
kha-n1906-003847,threw,threw,verb,word,"to have a longing for, to have an ardent desire.",252,0.975,1,no,pending,yes
kha-n1906-003848,thri,thri,noun,word,"a cane, a bamboo string or tie. Thu ! \ Inter, a bargain now ! finished ! [as, ^Hhu, phi la lah Thuthen ! j"" ai-ei ho ia kane !"".]",252,0.975,1,no,pending,yes
kha-n1906-003852,thuh-tang,thuh-tang,verb,compound,"to recount, to relate in detail, to slander, limit. thuh tang-thuh thaw.] Thui, (tdem-), ad. out (issue of i smoke) ; [as, ""nga ioh-i tad ynda la tdem thid ka iiug"".] * Hindi, 2^0",252,0.975,1,no,pending,yes
kha-n1906-003849,thung,thung,verb,word,"to plant, to cultivate. {,hnit. thuug-tep.] — to appoint, to elect ; to get a carbuncle. Thung baji, z'. to fall head over heels; to stand on the head [/mit. thung baji-thung prah.] Thung-shriew {coloq.) = to die.",252,0.975,1,no,pending,yes
kha-n1906-003850,thung-shut,thung-shut,noun,compound,"a species of sedge, a rush.",252,0.975,1,no,pending,yes
kha-n1906-003851,thung-tasam,thung-tasam,verb,compound,"to swear solemnly. [Wben a Khasi solemnly re- pents and makes ah oath of promise not to continue to do the same thing, he takes hold of any worn-out dd or other piece of iron and plants it in the hearth or fire-place]. [Imit. thung tasam-thung takut.]",252,0.975,1,no,pending,yes
kha-n1906-003854,thurmur,thurmur,adverb,word,"inconsiderately, recklessly, [as, ""wat ju leh thurmur ia kaei kaei ka jong ki briew"".] Thut, V. to be offended, to be sorry, to be aggrieved.",253,0.975,1,no,pending,yes
kha-n1906-003853,thuta thynranci thuia,thuta thynranci thuia,noun,phrase,"a plume about 18 inches long worn by Khasis in their turbans when dancing. Thuli, (dew-), ka, n. hard earth, clay. Thuin, (ieng-, iaid-), ad. slowly up (walk away) ; [as, ""ynda la kyntu eh, u saieng thiim ba'n leit sha iing"".] Thuit, (pluh-), ad. in smoke ; [as, ""ka iing ka la pluh thuW\'] Thum, V. to take on one's lap ; — u, n, a mound, a boundary ma- sonry pillar. Thiip, V. to be reduced in size, to become lean. Thup, ka^ n. a regular heap of stones.",252,0.975,1,no,pending,yes
kha-n1906-003855,thwei,thwei,adjective,word,"a deep pool of water (in a stream). Thwat, V, to be on the lookout ; to clear jungle with a da. Thwet, V. to be on the scent of game. Thwiat, (lait-), ad, to have a hairbreadth escape, [as, **nga la siat ia u mynthna hynrei lait thwiat na ka khlieh'*.]",253,0.975,1,no,pending,yes
kha-n1906-003856,thyllah,thyllah,noun,word,a flea.,253,0.975,1,no,pending,yes
kha-n1906-003857,thyllain,thyllain,adverb,word,"very (heavy) ; [as, **une u diengngai uba khia thyllam''",253,0.975,1,no,pending,yes
kha-n1906-003858,thyllan,thyllan,verb,word,to get a shock.,253,0.950,1,no,pending,yes
kha-n1906-003859,thylleng,thylleng,noun,word,very young fruit ; — v. bearing young fruits.,253,0.975,1,no,pending,yes
kha-n1906-003860,thylli,thylli,adjective,word,empty ; without carrying anything.,253,0.975,1,no,pending,yes
kha-n1906-003861,thylliang,thylliang,noun,word,"the tree whose bark is improvised as a headstrap and string. Thyllieid, } ^' ""' *°^S^®- f^*^^^^' ^ t^ylliej""^ sabieng.] Thylliej-ding, ka, n, a tongue of fire, a flame. Thyllieng. u, n. the soft part of the bamboo which remains after the hard tough cover has been peeled off (same as khyllieng).",253,0.975,1,no,pending,yes
kha-n1906-003862,thyllieh,thyllieh,noun,word,"dandriff. Thyllong, (soh-), u, w. a Small fruit which a shrub growing on the riverside bears.",253,0.975,1,no,pending,yes
kha-n1906-003863,thymmdi,thymmdi,adjective,word,"fresh, new* Thymmei, ka^ n. a scar, a mark. Thynrang, z>. to be athirst ; to feel thirsty. 231 THYNRAM TIENG Thynrdm, ka^ n. a tree whose leaves have fallen off, a dried twig.",253,0.975,1,no,pending,yes
kha-n1906-003864,thynrei,thynrei,noun,word,"Slu evil spirit who is supposed to make the disease •^orse ; — v. to become aggravated, to become worse (in ill- ness).",253,0.975,1,no,pending,yes
kha-n1906-003865,thynrim,thynrim,adjective,word,slightly old (cloth).,254,0.975,1,no,pending,yes
kha-n1906-003866,thynron,thynron,verb,word,"to be convalescent. Thynreng, ""i ad undressed (hair), [as, ""baleiieng u fiiuhkhlieh Thynrung, ) Jong phi thynreng kumne?""]",254,0.975,1,no,pending,yes
kha-n1906-003867,thyrnia,thyrnia,noun,word,"a needle. Hi {abbrev. of kti), ka, n. hand, finger.",254,0.975,1,no,pending,yes
kha-n1906-003868,tiak,tiak,adverb,word,"just a little ; [as, "" tang shu kren U'ak u la bitar ia nga'\J Tian, v. to put a thing in the mouth ; to thrust a thing into the mouth. Tian-bishar, v, to bring to judgment; to complain; to bring to the notice of the court.",254,0.975,1,no,pending,yes
kha-n1906-003869,tiap,tiap,adverb,word,"directly, to the very spot (reach) ; [as, ""nga la poi tiap ha kawei ka jaka"".] *Tiar, ka^n. an instrument, a tool, a weapon, fittings, [/mil, ka tiar-ka tar.] 'tiar, (abhrev. of ""ktiar""), m, n. a centipede, [as, ""u 'tiar-sdw, u 'tiar-dieng,"" etc.]",254,0.975,1,no,pending,yes
kha-n1906-003875,tied-u-pyrthat,tied-u-pyrthat,noun,compound,"a clap of thunder, Tieng, v, to be afraid of, to fear. ♦Hindi. 232 »TIEH 'TIEW-JAMI-IANG *tieh, 1. (abbrev. of ^'ryntieli""), ka, n, a bow. 2. {abhrev. of ""ktieh""), ka, n. mucl, marsii. 3. {abbrev. of ""stieh""), ka, n. a shield, 'tieh-bali, ka^ n. a large shield used in battles, 'tieh-batur, ka, 7i. a bow for throwing small stones, a catapult, 'tieh-j^r, ^«, M. a bow consecrated to a male-child at the time of his naming ceremony. z,'®'^"" Z'^fJO (jem-), ad. sticky and soft like mud, [as, ""ka ja kaba Tej-tej,' i i<^^ ti^J-tiy"" ■] 'tien, {abbrev. of ""ktien"") ka^ n. a word, a language ; [as, "" ka",254,0.975,1,no,pending,yes
kha-n1906-003890,tihar,tihar,noun,word,"an evil spirit who is believed to cause a severe colic pain; severe colic. fTili, w, n. an oilman. Tim, V, to curse ; to mutter or chant formula while performing piija. [Imit. tim-mai.]",256,0.975,1,no,pending,yes
kha-n1906-003870,tik-shi-tik,tik-shi-tik,adverb,compound,"incessantly, [as, *'mynta ha kine ki sngi ka slap tik-sht-tik'\'\ Tika, V. to vaccinate.",254,0.975,1,no,pending,yes
kha-n1906-003871,tika-bamon,tika-bamon,noun,compound,"inoculation. *tikdew, ka, n. the pointing finger, 'tikhun, (same as "" 'tiduh"") z, n. the little finger. Tikia, «, n. a small cake of charcoal used as embers for smoking.",254,0.975,1,no,pending,yes
kha-n1906-003872,tikli,tikli,noun,word,"percussion cap ; a detonator,",254,0.975,1,no,pending,yes
kha-n1906-003891,tim-k,tim-k,verb,compound,"to call on the spirits as a Khasi diviner does at the lime when he performs sacrifices. [Imit. tim-knia-tim-khriam.] Tip, V. to know.",256,0.975,1,no,pending,yes
kha-n1906-003892,tip-briew,tip-briew,verb,compound,"to be conscious, to recover, to come to oneself [Imit. tip briew-tip mrad.] Tip-kein, ph7\ I do not know, I doubt. Tip-duk, V. to be industrious, to be actively engaged ; to be sen- sible. [7mit. tipduk-tip suk.] t.BengftU. m tlP-",257,0.975,1,no,pending,yes
kha-n1906-003894,tip-ma,tip-ma,conjunction,compound,"but, on the contrary.",257,0.975,1,no,pending,yes
kha-n1906-003896,tip-sngi,tip-sngi,adjective,compound,"to be well-behaved ; good. [Imii, tipsngi-tipnong.]",257,0.975,1,no,pending,yes
kha-n1906-003897,tip-tlmh-tip dai,tip-tlmh-tip dai,verb,phrase,"to recognise, to know. Tir, V. to cut into long strips or pieces (flesh, fish, skin, etc.,) ; (s/zz7zV-) much, very [as, **ka dohkha te shitlr keiu ia u kber.""]",257,0.975,1,no,pending,yes
kha-n1906-003898,tir-shi-tir,tir-shi-tir,adverb,compound,"again and again, line after line, [as, *' ki dkhiew ki mih ilr-.9hi-lir ba'n leit rong la ki pylleng "" ; ** u ia nga u shu kwah ba'n ialeh Hr'shi-lir"".] fTisi, u, n. linseed. Tista, ad, regularly. Tit, «, «. a mushroom ; fungus.",257,0.975,1,no,pending,yes
kha-n1906-003899,tit-thnat-syiar,tit-thnat-syiar,noun,compound,"a kind of mushroom. Tiw(dum — ), ad. completely (dark) [as, ; ""ka bneng ka la sdang ba'n dam tiiv.'^'\ Tla, V. to curse, to chide (with obscene words) ; [bniL tla — tlep.]",257,0.975,1,no,pending,yes
kha-n1906-004017,tjm-jakar,tjm-jakar,noun,compound,"the humours of the body ; human seedj Um-jah, ka, n, cold water. \Imit. umjah-umtngam.] XJm-j^r, ka, n. dews.",266,0.975,1,no,pending,yes
kha-n1906-004020,tjm-mat,tjm-mat,noun,compound,"tears. [Imit. ka um-mat-um-mut, ka iim-mat-ka iimpung].",266,0.975,1,no,pending,yes
kha-n1906-004021,tjm-mluh,tjm-mluh,noun,compound,"salt-spring, salt-water.",267,0.975,1,no,pending,yes
kha-n1906-004023,tjm-rieng,tjm-rieng,noun,compound,"fresh or pure water as distinguished from water in which something has been mixed or dissolved. Um-rmu ' 1 ^^^ ^* ^^^^^^i^^ on a wound lor sorej TJm-saw, ka^ n. a flood. [Imit, umsaw-umsian.] 243 UM-SHAR UWEl Um-shdr, ka, n, cold water poured into hot water to lower its temperature.",267,0.975,1,no,pending,yes
kha-n1906-004025,tjm-syep,tjm-syep,noun,compound,sweat : personal income.,267,0.975,1,no,pending,yes
kha-n1906-004026,tjm-thet,tjm-thet,noun,compound,water with which hands have been washed.,267,0.975,1,no,pending,yes
kha-n1906-004016,tjmja,tjmja,noun,word,conjee.,266,0.975,1,no,pending,yes
kha-n1906-004018,tjmjiat,tjmjiat,noun,word,"water which drains from the crevices of rooks, etc."", through marshy places.",266,0.975,1,no,pending,yes
kha-n1906-004022,tjmpohliew,tjmpohliew,noun,word,"a spring, a fountain. Um-pyrd6ng, ka, n. water in a well in which an oath, libation and rice is sprinkled in connection with sacrificial ceremonies. TJm-reit, (long-), a. lively and dark (complexion).",267,0.975,1,no,pending,yes
kha-n1906-004033,tjr-met,tjr-met,noun,compound,menstruation.,267,0.975,1,no,pending,yes
kha-n1906-004037,tjtai,tjtai,pronoun,word,he (within sight).,268,0.975,1,no,pending,yes
kha-n1906-004038,tjtai-tai,tjtai-tai,pronoun,compound,he (there within sight).,268,0.975,1,no,pending,yes
kha-n1906-004039,tjtei,tjtei,pronoun,word,he (up there).,268,0.975,1,no,pending,yes
kha-n1906-004045,tjwei pat,tjwei pat,phrase,phrase,"another. W, tlie 20tli letter in the Khasi Alphabet.",268,0.975,1,no,pending,yes
kha-n1906-003744,tkai-tkai,tkai-tkai,adverb,reduplication,"fat and plump, [as, ** u kulai jong una uba sn^aid tkai-tkai^ Tkor^tkoi*, ) ad. fat and tender ; [as, ** une u khynnah uba>ngaid Tkur-tkur, ) tkur-tkur.^'^ Tda, ka^n. 2b span, — v. to creep like a leech. Tdah, Art, n, the bottom : a running-stitch.",243,0.975,1,no,pending,yes
kha-n1906-003902,tlait,tlait,adverb,word,"securely (shut) ; [as "" ki la bon ilaii ia ka synduk ]",257,0.975,1,no,pending,yes
kha-n1906-003900,tlang,tlang,noun,word,winter.,257,0.975,1,no,pending,yes
kha-n1906-003901,tldi,tldi,noun,word,a palm-tree.,257,0.975,1,no,pending,yes
kha-n1906-003903,tlem,tlem,adjective,word,"spotless, pure. Tlieno^, ka, n. a large mat made of cane used in threshing paddy millet and job's-tears. Tlor, V. to wither, to fall off as leaves or rotten substance or tears.",257,0.975,1,no,pending,yes
kha-n1906-003790,tliap-u-ddp,tliap-u-ddp,noun,compound,a common ignorant fellow.,247,0.975,1,no,pending,yes
kha-n1906-003904,tlot,tlot,adjective,word,"weak, powerless.",257,0.975,1,no,pending,yes
kha-n1906-003905,tluh,tluh,noun,word,"a tree whose bark is very useful in making ropes, etc.",257,0.975,1,no,pending,yes
kha-n1906-003908,tm lifi-khli,tm lifi-khli,noun,phrase,"a kind of gronnd-craeper the leaves of which resemble that of a pine-tree, stag-moss.",258,0.975,1,no,pending,yes
kha-n1906-003907,tmain,tmain,noun,word,"moustache ; — tmaiii, ad. to the brim (full).",258,0.975,1,no,pending,yes
kha-n1906-003906,tmang,tmang,adverb,word,"loae'y ; [as, "" katno nga sngew tmang ba phi'm don sliuh hangne.""]",258,0.975,1,no,pending,yes
kha-n1906-003909,tmar,tmar,noun,word,a kind of small bamboo.,258,0.975,1,no,pending,yes
kha-n1906-003910,tmier,tmier,noun,word,"a margin, a rim, edge.",258,0.975,1,no,pending,yes
kha-n1906-003911,tmoh,tmoh,noun,word,chin ; — fellow (colloquial).,258,0.975,1,no,pending,yes
kha-n1906-003912,tmuin,tmuin,adverb,word,"quite (full) ; [as, "" ka um kala dap tmbih ha, a khiew.""] t Bengali. 235 tmOi5j trAit TmMfi, (mih), ad, coming out a little only [as, ** ki rcng ki la mih tDitiiu mynta.""] TmiTin-tmum, (sng^iid), ad. pulpy, fat, [as, ""u khynnah u nngaid Tnan, | ad. once for all (die) ; hard and stiff (applied to a dead Tneu, j body).",258,0.975,1,no,pending,yes
kha-n1906-003913,tnat,tnat,noun,word,"a brancli, a twig.",258,0.975,1,no,pending,yes
kha-n1906-003914,tndw,tndw,noun,word,"a big claw (of a crab) ; the wing (of a house). Tnum, kcty n. the ridge of a house. To = a sign of the imperative mood which means, '* let us,"" "" let you, "" "" let him,"" (as "" to ia leit noh ;'')—ad. allright, very well, as •' phi'n leit ai kane ka shit hi ? "" ""to,"" (very well).",258,0.975,1,no,pending,yes
kha-n1906-003763,tnga,tnga,noun,word,a husband or wife. [Imit. ka tnga-ka khdn.],245,0.975,1,no,pending,yes
kha-n1906-003764,tngang,tngang,adverb,word,"violently (hit), [as, '*u la kawang shimaw tngang na ka khlieb jong nga.""] Tngdr, d. shady, cool.",245,0.975,1,no,pending,yes
kha-n1906-003765,tngdw,tngdw,noun,word,"a hanuman, a langur.",245,0.975,1,no,pending,yes
kha-n1906-003766,tngen,tngen,adjective,word,"comfortable, cool. Tngit, a* dirty \--hay n. a dirt. [Imit. ka tngit-ka tngar.]",245,0.975,1,no,pending,yes
kha-n1906-003916,tohjaw,tohjaw,noun,word,a boil.,258,0.975,1,no,pending,yes
kha-n1906-003917,tohmet,tohmet,adverb,word,"roughly, without consideration or mercy, [as, "" wat leh tohmef ia ki khynnah bapli kib'yni donkmie shuh""] \_Imit. tohmet-tohjun.]",258,0.975,1,no,pending,yes
kha-n1906-003918,toi,toi,adverb,word,"otherwise, but. now at any rate, why not ; [as, "" u leit bakla kheiii tang kawei ka jingkhein ha ka eksamiu, tui la jop ma u ; "" ""ban da phi ong te toi ym leit heit ? ""] ; as a matter of fact.",259,0.975,1,no,pending,yes
kha-n1906-003919,toin-toifi,toin-toifi,adverb,compound,"easily, without resistance (come), [as, "" tang shu shim na ka kti u shu wan tom-tom.''",259,0.975,1,no,pending,yes
kha-n1906-003915,tok,tok,adverb,word,"just, [as, "" tang u shu kren tok nga'n shoh ia u""]. Tong, V. to draw (water from a well or vessel, or fish from a river); to fish. Toh, V. to peck, to bite. Tohkhat, "") ad. very occasionally, [as, ""ia kaba klet tohkhat te Tohkhatlet, ) mano mano ruh ia map.""] Tohkit, V. to enquire, to investigate.",258,0.975,1,no,pending,yes
kha-n1906-003920,top,top,adverb,word,"jtist, only, [as, "" tang phi shu leit pynbna top shaphang kane, nga'n beh ia phi nangne na shiiong "".]",259,0.950,1,no,pending,yes
kha-n1906-003921,tor,tor,noun,word,"the lungs; — a. impaired, weak. Torti, a careless, not doing up to the mark.",259,0.975,1,no,pending,yes
kha-n1906-003922,trai,trai,noun,word,"root, Lord, master, owner — ka trdi, n. principal money. [Imit. ka trai-ka dkhuh.]",259,0.975,1,no,pending,yes
kha-n1906-003924,trait,trait,adverb,word,"at once (catch) ; [as, ""ka miaw ka la kynrup tmit ia ka khndi""]j firmly, 236 TRAM TULA Tram, (iap-), v. to wither, to die (of trees and bamboos) ; — u, n. a disease of the pan leaves.",259,0.975,1,no,pending,yes
kha-n1906-003925,trang,trang,noun,word,bachelor's house in the Bhoi andLalung Tillages. Tr;,259,0.975,1,no,pending,yes
kha-n1906-003928,treh,treh,verb,word,"to consent, to agree. Trei, V. to work, to labour. [Imit. trei-ktah; trei-beng.]",259,0.975,1,no,pending,yes
kha-n1906-003927,treiig,treiig,noun,word,a mane.,259,0.975,1,no,pending,yes
kha-n1906-003929,trep,trep,noun,word,a temporary hut ; hynhiew trep hyniiiew skum (phr.) the earliest inhabitants of the world.,259,0.975,1,no,pending,yes
kha-n1906-003923,trf'ii-shnong,trf'ii-shnong,noun,compound,a native of a place ; a citizen. [Imit. trai-shuonff -trai-thaw.],259,0.975,1,no,pending,yes
kha-n1906-003930,triang,triang,noun,word,"an eel ; — ad, firmly (hold or grasp).",259,0.975,1,no,pending,yes
kha-n1906-003931,triem,triem,adjective,word,"dreadful, frightful. Trong,",259,0.975,1,no,pending,yes
kha-n1906-003933,trud iawbei,trud iawbei,noun,phrase,"white streaks on the body. *Trup-s\var, u, n. a cavalry soldier (same as tyllup-swar), Tuklar, r. to speak, to talk or discuss confusedly.",260,0.975,1,no,pending,yes
kha-n1906-003935,tuh-t aga briew,tuh-t aga briew,verb,phrase,"to commit adultery. Tuid, V. to flow, to run (water). Tuin-tuin, ^ri. hesitatingly, with fear, [as, ""balei phi iaid tuin"" iulu haba ong ba phi n iaid bran ""]. Tiiit, V. to suspect, to charge falsely with, as in the word tuii klim — to charge one falsely with committing adultery. Y^wl^y ka, w. a tola; u — , cotton or o;her similar material for igniting fire from the spark of a flint ; cleaned cotton. * Hindi, t Bengali. 237 TULE TYNGKENG Tule, V. to chide with obscene words. [Imit. tule — dangle.] *Tulop, kai n. pay, salary. [Imit. ka tulop— ka dorma] — v. to summon.",260,0.975,1,no,pending,yes
kha-n1906-003934,tukra,tukra,noun,word,"a piece, a part. Tiid, V. procrastinating, delaying. *tung, {abbrev. of ktung), ka, n. a vetch ; a small preserved fish. 'tung-rymbai, ka, 7i. bean which has been cooked and preserved and having a very disagreeable smell. *tung-tap, kay n, a small preserved fish. Tub, V. to steal. [Imit : tub — thiem.]",260,0.975,1,no,pending,yes
kha-n1906-003936,tulu,tulu,adjective,word,"having a big knob ; blunt, [as, ** une u dieng uba heh ka khlieh tidur] Tum-ki-tam, (ki — ) n. pi. articles of furniture.",260,0.975,1,no,pending,yes
kha-n1906-003937,tuma-tuma,tuma-tuma,adverb,reduplication,"in pieces (to chop), [as, "" ka khnai ka la dait tuma-tuma ia ka jain jong nga.""]",260,0.975,1,no,pending,yes
kha-n1906-003938,tun,tun,pronoun,word,"thou (it is used at the end of a sentence and is applica- ble to women only in colloquial language). Tup, Jca^ n. a cannon. [Imtt. ka tup — ka man.] •",260,0.975,1,no,pending,yes
kha-n1906-003939,tuphan,tuphan,noun,word,a gale ; a cyclone.,261,0.975,1,no,pending,yes
kha-n1906-003940,tupia,tupia,noun,word,"a cap, a hat. Tur, V, to advance, to rush ; to butt. *tur, (abbrev. of ""shyntur""), ka, n. a mouth.",261,0.975,1,no,pending,yes
kha-n1906-003941,tur-iap,tur-iap,verb,compound,"to rush desperately ; — n. ka, tongs {colloq).",261,0.975,1,no,pending,yes
kha-n1906-003943,turoi,turoi,noun,word,a trumpet.,261,0.975,1,no,pending,yes
kha-n1906-003942,tusbir,tusbir,noun,word,a picture ; a likeness.,261,0.975,1,no,pending,yes
kha-n1906-001285,tush,tush,interjection,word,a word used in calling a dog — ka,76,0.975,1,no,pending,yes
kha-n1906-003945,tybian,tybian,noun,word,"floor, same as tbian.",261,0.975,1,no,pending,yes
kha-n1906-003946,tybit,tybit,adjective,word,"handy, skilful, tactful (same as tbit).",261,0.975,1,no,pending,yes
kha-n1906-003966,tyllai,tyllai,noun,word,a rope,263,0.975,1,no,pending,yes
kha-n1906-003967,tyllai-snwali,tyllai-snwali,noun,compound,"a rope in a plough by which the neck of au ox is fastened. Tyllan,«d entirely, wholly, without reserve ; [as, *' ka miaw ka bam tyllan snier baroh ia ka khnai.""]",263,0.975,1,no,pending,yes
kha-n1906-003968,tyllawdiiig,tyllawdiiig,noun,word,"a firebrind. Tyllep, V, to cover completely, to hide. Tylli, w. number (of things or animals) ; — «. solid — ac?, wholly; bodily, as, *' phi kren ia nga kumba phi la ioh-mraw tt/li mo?*"" [Imit. tylli-tyllan.]",263,0.975,1,no,pending,yes
kha-n1906-003970,tylli-tyllan,tylli-tyllan,adverb,compound,"exactly (alike) ; [as, "" une u khynnah uba bit tf/lli-tf/llan ia la u kpa.""] Tyllong, ) u, n. the stock (of maize, etc.,) ; — «. ka, the handle (of Tlong, ) adao) ; the source of a stieam. Tyllun, V. to revolve, to roll, to tumble. Tyllup, V. to cover ;■ — sHtyllup ka pyrthei, phr. throughout the world ; the whole world. Tymblong, ) ad. like an idiot or dumb man, bewildered ; Tymbluiig ) [as, ""balei phi ieng tymbUftg kumne kum u biej ?].",263,0.975,1,no,pending,yes
kha-n1906-003969,tylliat,tylliat,verb,word,"to grind, to bruise.",263,0.975,1,no,pending,yes
kha-n1906-003971,tymbuit,tymbuit,noun,word,the elbow.,263,0.975,1,no,pending,yes
kha-n1906-003972,tymmen,tymmen,adjective,word,"old; — n. an old man or woman. \_Imit. u tymmeu- u-san ; u tymmen-u-kro.] Tymp;in, ka, n. a maclian (in a Khasi house) overhead where odds aud euds are kept, it is above ka ti/ny-ir. Tympom, ('nam-), u, ji. one of the three arrows shot from the funeral pyre towards the north, west aud so ith to keep off evil spirits.",263,0.975,1,no,pending,yes
kha-n1906-003973,tympew,tympew,noun,word,"a betel leaf, a pd;/ -lea,t",263,0.975,1,no,pending,yes
kha-n1906-003974,tymplia,tymplia,noun,word,"a shoulder ; — bah-tympha, u, n. a wall-plate. Tymphu, ('la-), ka, n. a tree resembling a papaya tree, the branches of which are used as pipes in a liquor distillery.",263,0.975,1,no,pending,yes
kha-n1906-003975,tyndah,tyndah,adverb,word,"along with, together, [as, "" u khia u bdm tyndah shfiiuh baroh ia ka blang.""] 240",264,0.975,1,no,pending,yes
kha-n1906-003964,tyndah tyngshdin,tyndah tyngshdin,verb,phrase,"to shine, to glare, to reflect. Tyngshop, ti, w. an effigy of a man made of bamboo work to repre- sent the first maternal uncle in a Khasi ceremonial dance.",262,0.975,1,no,pending,yes
kha-n1906-003976,tyndai tyrkhong tynddi,tyndai tyrkhong tynddi,noun,phrase,the inside of the roof.,264,0.975,1,no,pending,yes
kha-n1906-003977,tyndam,tyndam,adverb,word,"bluntly, [as, ** balelphi shu kren tyndam kumta ia nga.""]",264,0.975,1,no,pending,yes
kha-n1906-003978,tyndaw,tyndaw,adjective,word,"blunt, not pointed.",264,0.975,1,no,pending,yes
kha-n1906-003979,tyndep,tyndep,verb,word,"to forget or to lose one's memory, as if enchanted.",264,0.975,1,no,pending,yes
kha-n1906-003980,tyndi-tynda,tyndi-tynda,adverb,compound,"perchance [as, "" ngdn shu leit kein ioh tyndi' tynda ia kynduh pynban.""]",264,0.975,1,no,pending,yes
kha-n1906-003981,tyndong,tyndong,noun,word,"a short pipe, a case. \_Iinit. ka tyndong-ka tynnah].",264,0.975,1,no,pending,yes
kha-n1906-003982,tyndung,tyndung,verb,word,"to poke, to thrust, to goad. Tynjang, (suid-), u^n. a lame demon who haunts the jungle. It is said that as he walks he calls out ""kaw-hoit, kaw-hoit."" If he meets any person he tickles him to death.",264,0.975,1,no,pending,yes
kha-n1906-003986,tynfiian,tynfiian,verb,word,"to press in forcibly, to stow.",264,0.975,1,no,pending,yes
kha-n1906-003947,tyng-ab,tyng-ab,noun,compound,"a raven, a crow.",261,0.975,1,no,pending,yes
kha-n1906-003948,tyng-am,tyng-am,noun,compound,the jawbone ; a loud harsh voice.,261,0.975,1,no,pending,yes
kha-n1906-003949,tyng-am-duh,tyng-am-duh,noun,compound,"the wisdom tooth. tTyngka, ka, n. money, rupee. [Imit. tyngka-sbai.]",261,0.975,1,no,pending,yes
kha-n1906-003959,tyng-eh,tyng-eh,adverb,compound,"roughly, harshly, peverely, [as, *'da kaba leh tyng-eh u mut ba'n pyndiih ia kaba sniew.""]",262,0.950,1,no,pending,yes
kha-n1906-003962,tyng-ier,tyng-ier,noun,compound,"a platform suspended j ast above the hearth (ia a Khasi house) where firewood is kept. Tyngjlang, ^ lynuj eug, f o^r7. completely (taken by surprise), [as, ""u ieng Tyniijluiig, l"" lyngngoh tyvgjlung.'] Tyniijlong,J Tyni^mopj ad. full of leaves [as, *' ba'n lei ia une u jhur katne tyvgmepT^",262,0.975,1,no,pending,yes
kha-n1906-003961,tyng-in,tyng-in,verb,compound,"to flirt, to court.",262,0.975,1,no,pending,yes
kha-n1906-003958,tyngden,tyngden,adverb,word,"firmly, strongly, [as, ""ka khohwah jong phi kaba bha tt/ngden.'^~",262,0.975,1,no,pending,yes
kha-n1906-003960,tynghong,tynghong,adverb,word,"agape, spell-boand, [as *'u shynreh u peit tyngheng ia ngi.""] Tynghong, (peit-), ad. agape (said of a small mouth). Tyngngian (same as tynniaii), -v. to stuff, to cram.",262,0.975,1,no,pending,yes
kha-n1906-003950,tyngkai,tyngkai,verb,word,"to reserve, to keep in store, to economize. Tyns^kai-soh-thad, v. to preserve a thing carefully (used sarcasti- cally for what ought not to be done) .",261,0.975,1,no,pending,yes
kha-n1906-003951,tyngkan,tyngkan,verb,word,"to suppress, to reserve. Tyngkeng, ad, as if caught up between some obstacles, [""u la woh u jyrmi na ka kjat and nga la sahkut tpigkeng.] ■ - ^ ■■ ■ I <j. —»— 1^ * Hiadi. t Bengali. 238",261,0.975,1,no,pending,yes
kha-n1906-003957,tyngkdun,tyngkdun,adverb,word,"nicely dressed (like a little girl) ; gracefully [as, ""I khynnah iba i-tynnad tyngkdon.''']",262,0.975,1,no,pending,yes
kha-n1906-003952,tyngkhap tyngnin tyngkhap,tyngkhap tyngnin tyngkhap,verb,phrase,"to insert, to infix, to hide ; {^fmit. tyngkliap- tyngkhip], niang-tynkhap^ ka, n. a tick. Tyugkhap-m.iw, ka, n. crevice of a rock. Tyngkliip-tyngkhap, (sah-), ad. beliidclen or unnoticed ; carefully (set aside or liidden) ; [as, ""ym dondumasla mo briew na phi uba sah tyngkhip-tijngkhapT^",261,0.975,1,no,pending,yes
kha-n1906-003953,tyngkhiih,tyngkhiih,verb,word,to hit or get the head knocked against something.,261,0.950,1,no,pending,yes
kha-n1906-003955,tyngkoh,tyngkoh,adverb,word,"limping. Tyngkra (kha-), n. a small fish with sharp fins close to the gills.",262,0.975,1,no,pending,yes
kha-n1906-003954,tyngkong,tyngkong,noun,word,a platform next the door of the second room in a Khasi house.,262,0.975,1,no,pending,yes
kha-n1906-003956,tyngkrcin,tyngkrcin,adverb,word,"yividly (displayed), [as, *' la' u la iap hynrei ka dur jong u ka sah tij^igkrein^ Tyngkrong, (wait-), ka, n. a dao having two supporters at the back ol the edge used for cutting and dressing tisli, etc.",262,0.975,1,no,pending,yes
kha-n1906-003963,tyngmup,tyngmup,verb,word,"to speak or deal harshly. Tyngnan, "") Tyngniaw, S ac?. slender, small and thin [as, "" u briew uba rit Tj^Dgnin, ) tyngnan ''""^ TYNGSHAI^",262,0.950,1,no,pending,yes
kha-n1906-003965,tyngwoin,tyngwoin,verb,word,to go round and round.,263,0.975,1,no,pending,yes
kha-n1906-003983,tynjuh,tynjuh,verb,word,"to try, to test, to tempt.",264,0.975,1,no,pending,yes
kha-n1906-003984,tynnad,tynnad,adverb,word,"moderately, [as, "" ka jingheh kine ki dohkha kaba la tynnad'^l Tynnad, {suffix) == pleasant, pretty.",264,0.975,1,no,pending,yes
kha-n1906-003985,tynneng,tynneng,verb,word,to imitate.,264,0.975,1,no,pending,yes
kha-n1906-003987,tynrah,tynrah,verb,word,"to thrust, to lance.",264,0.975,1,no,pending,yes
kha-n1906-003988,tynrdi,tynrdi,noun,word,"root, source, origin. • Tynriew, u, 71. the leaves of a certain species of palm much used on the sourthern borders of the Khasi hills for thatching. [Imit. u tynriew-u tynddw],",264,0.975,1,no,pending,yes
kha-n1906-003989,tynrong,tynrong,verb,word,to put over on the top of something ; to carry on the head ; to lighten the load of a friend by taking a portion on one- self.,264,0.975,1,no,pending,yes
kha-n1906-003990,tynruh,tynruh,verb,word,to poke.,264,0.975,1,no,pending,yes
kha-n1906-003991,tynsah,tynsah,verb,word,"to ram in, to elbow.",264,0.975,1,no,pending,yes
kha-n1906-003992,tynsat,tynsat,verb,word,"to put in between two things, to insert ; to inset.",265,0.975,1,no,pending,yes
kha-n1906-003993,tynsong,tynsong,noun,word,a small net-bag for catching fish.,265,0.975,1,no,pending,yes
kha-n1906-003994,tyr-a,tyr-a,noun,compound,"dn species of small bamboo ; nol-bas {Beng.),",265,0.975,1,no,pending,yes
kha-n1906-004008,tyr-ut,tyr-ut,noun,compound,"the demoness who brings about misfortune to a man, esp. violent death. [I^nit. ka tyr-ut — ka smer],",266,0.975,1,no,pending,yes
kha-n1906-003995,tyrbeh,tyrbeh,adverb,word,"as if some adhesive substance is adhering to something, [as, "" phi wan nangno ba da ka ktieh suda tyrben baroh shiryn- ieng.""] Tyrkhang, «, w. a fern. Tyrkhong, a, dried, withered. 241 TYRHA TYRWIENG Tyrha, a> hot, inflamed. Tyrjain, "") ad. in bunches [as, "" ki ong ba u %o\i-grape u soh tyr' Tyrjup, j jaiti ha iing' I Babu William, mo?""]",265,0.975,1,no,pending,yes
kha-n1906-003996,tyrma,tyrma,adverb,word,"by chance, aimlessly, [as, ''phi leit iashang tyrma shato, la iap ho.""]",265,0.975,1,no,pending,yes
kha-n1906-003997,tyrnem,tyrnem,noun,word,"a hammer. *Tyrpad, ('la-), ha, n. a bay-leaf, tespdt. Tyrpait, Jca, n, a mashan or platform made of bamboo split or beaten flat. Tyrpeng, ka, 7t, a shoulder. {",265,0.975,1,no,pending,yes
kha-n1906-003998,tyrphin,tyrphin,noun,word,turpentine.,265,0.975,1,no,pending,yes
kha-n1906-003999,tyrphut,tyrphut,adverb,word,"nasty (wet) ; [as, "" balei ba u ksew u jhieh tyrphtit kumne ?""] Tyrpud, ka, n, a big lizard.",265,0.975,1,no,pending,yes
kha-n1906-004001,tyrsem,tyrsem,adverb,word,nicely (dressed).,265,0.975,1,no,pending,yes
kha-n1906-004002,tyrshait,tyrshait,adverb,word,"having the appearance of many fruits hanging on a tree ; [as, "" mynta ka snem u sohbha u sohmyntra tyrshait''']",265,0.975,1,no,pending,yes
kha-n1906-004003,tyrsiang,tyrsiang,adjective,word,"smooth, slippery. Tyrsim, ka, w. the nail, the hoof, the claw. Tyrsuh, v, to poke, to incite, to urge vehemently.",265,0.975,1,no,pending,yes
kha-n1906-004004,tyrtai,tyrtai,adverb,word,"very (dirty) ; [as, "" ki Mawshai ki dang lehsih mynno mynno phar tyrtai.'""']",265,0.975,1,no,pending,yes
kha-n1906-004005,tyrtew,tyrtew,adverb,word,"in ragged clothes ; [as, '' balei ba jot ka sopti tyrtew kumne ? ""]",266,0.975,1,no,pending,yes
kha-n1906-004006,tyrtho,tyrtho,noun,word,"a froth ; — z^. to babble, to make an empty show in speech.",266,0.975,1,no,pending,yes
kha-n1906-004007,tyrthup-um,tyrthup-um,noun,compound,foam.,266,0.975,1,no,pending,yes
kha-n1906-004009,tyrwa,tyrwa,verb,word,"to propose, to offer, to tender. Tyrwieng, ka, n, a potsherd. * Hiadi. J English. 2i2 U UM-SAW U, tlie 19tli letter in the Khasi Alphabet. U, p, sign of masculine, he, it, an, the.",266,0.975,1,no,pending,yes
kha-n1906-004012,u'm,u'm,phrase,phrase,"he not, he'll not.",266,0.975,1,no,pending,yes
kha-n1906-004029,u'n,u'n,phrase,phrase,"he will. line, p. this (near me).",267,0.975,1,no,pending,yes
kha-n1906-004011,u-ei,u-ei,pronoun,compound,"who P TJei-uet, /?. any, anyone. U-ei-re-u-ei, p, somebody, someone. Ullong, same as m'long. Urn, ka, n, water, juice. [ImiL ka um-ka wah.] — v. to melt, to dissolve ; — {contr. oi kyn-um) a brother-in-law (used as a term of respect and also in the case of address).",266,0.975,1,no,pending,yes
kha-n1906-004010,uba,uba,pronoun,word,"who, which, that. tJd, V. to groan, to complain, to hum, [Iniit. ud— khiiium.]",266,0.975,1,no,pending,yes
kha-n1906-000273,uf,uf,noun,word,a civet.,21,0.975,1,no,pending,yes
kha-n1906-001738,ui,ui,noun,word,a plant of a pungent taste which generally grows on wet places.,112,0.975,1,no,pending,yes
kha-n1906-001482,uj,uj,noun,word,"a drone. Ngap-wieh, 7/, n. a small bee that lives under-ground.",88,0.975,1,no,pending,yes
kha-n1906-004013,um-bah,um-bah,adjective,compound,"having much water in a stream or river ; — v. to over5 flow ; — ka, n. flood, big stream. [Imit, um-bah-um-san.]",266,0.975,1,no,pending,yes
kha-n1906-004015,um-koi,um-koi,noun,compound,a well where sacrifices and oaths are performed,266,0.975,1,no,pending,yes
kha-n1906-004024,um-sliit,um-sliit,noun,compound,"hot-water ; soup. Um-shitja, kat n. conjee. TJm-snam-(ia — ), v. to shed one's blood.",267,0.975,1,no,pending,yes
kha-n1906-004027,um-thlong,um-thlong,noun,compound,"water which gathers in a pot-hole of a stream, Um-thra, ka, n, water which issues before the delivery of a child, um-iimj (s'aid-), a. lukewarm, warm.",267,0.975,1,no,pending,yes
kha-n1906-004028,umwi,umwi,noun,word,"people living in the country through which the stream Umwi near Jarain passes. """,267,0.975,1,no,pending,yes
kha-n1906-004030,uno,uno,pronoun,word,which ?,267,0.975,1,no,pending,yes
kha-n1906-004031,uno-re-uno,uno-re-uno,pronoun,compound,"someone, somebody.",267,0.975,1,no,pending,yes
kha-n1906-004032,uno-uno,uno-uno,pronoun,reduplication,"whoever, any one. tlr, V. to slip, to fall ; — ad, with a rumbling noise ; with a warm sensation. \Imit. ur-hap.] Urlong, V. to happen, to come to pass (as predicted or expected).",267,0.975,1,no,pending,yes
kha-n1906-004034,urwir-urhap,urwir-urhap,verb,compound,"to reside as an alien in a place. ^ J Usa, V. to dress and smooth the plastering of a wall by means of a piece of board.",267,0.975,1,no,pending,yes
kha-n1906-003590,us,us,noun,word,a mud partition in a paddy field which separates one bed from another ; isle.,233,0.975,1,no,pending,yes
kha-n1906-002759,us pom-pom pruid pom-pom,us pom-pom pruid pom-pom,adverb,phrase,"to ashes (reduced) ; [as, "" dung ha ha'n da Iwet ^om-pom.'""",181,0.975,1,no,pending,yes
kha-n1906-000117,ut,ut,noun,word,gunpowder.,11,0.975,1,no,pending,yes
kha-n1906-004036,ut-shi-ut,ut-shi-ut,adverb,compound,"slowly, hesitatingly ; procrastinating, dilatory ; [as, '* ka jingkhreh ut-shi-ut naduh mynno ym lah dep shuh"".] tfta, p. he (out of sight).",268,0.975,1,no,pending,yes
kha-n1906-004040,uthie,uthie,pronoun,word,he (down there).,268,0.975,1,no,pending,yes
kha-n1906-004041,uto,uto,pronoun,word,he (near you).,268,0.975,1,no,pending,yes
kha-n1906-004042,uwei,uwei,adjective,word,one. • Hindi. 2U,268,0.975,1,no,pending,yes
kha-n1906-004043,uwei-la-uwei walfj tjwei-la-uwei,uwei-la-uwei walfj tjwei-la-uwei,pronoun,phrase,someone else.,268,0.975,1,no,pending,yes
kha-n1906-000023,uy,uy,noun,word,an angel.,6,0.975,1,no,pending,yes
kha-n1906-003017,uympliaug,uympliaug,noun,word,"February. Rymphai (noli-), ad. like flowing hair, [as, ""u shniuh u noh Eyndang, ka or u, n. neck ; voice. \Jmit. u ryndang-u tang ngiiid.] Ryndang-kjat, ka^ n. the ankle.",197,0.975,1,no,pending,yes
kha-n1906-001752,vax,vax,noun,word,"j dwkhlait) . Jaw-dtid, V. to slaver, to drivel. J^w-jaw, ad. in wet clothes, (as, *' balei phi iaid jaw-jaw ha u slap ?"") Jawlia, a^ very young or tender (as a baby).",113,0.975,1,no,pending,yes
kha-n1906-003076,villehrania integrifoli,villehrania integrifoli,adjective,phrase,"Sait, V. to wash. •■ - Saitmet (used with sngew — , i — ), a. offensive, 'sai-tar, ii^ n. a telegraph-wire. 'sai-tluh, 71, n. a very tough fibre obtained from the bark of a tree called "" ka tluh."" 'sai-tyllai, u, w. a rope, 'sai-woh, Uyii. a skein. ' jsai-wul, 2*, ^2. wool.",202,0.975,1,no,pending,yes
kha-n1906-004058,vwain,vwain,noun,word,"wine; — ad. easily (bent) ; (as, *' u prek u la dor iioam "" ); of a proper length (as, "" u ksai uba jrong wain ""). 245 'WAl-SOHLAPER —",269,0.975,1,no,pending,yes
kha-n1906-004046,wa,wa,interjection,word,"denoting surprise, hallo 1 Wah-wab,"") (jem-_), ad. flexibly, x)liably, [as, ""une ushken u long Web-Aveb,j"" ubajem 7f(?^-a'«i.""]",268,0.975,1,no,pending,yes
kha-n1906-004049,wad-buit,wad-buit,verb,compound,"to find out the secret, plan, trick, etc. """,268,0.975,1,no,pending,yes
kha-n1906-004050,wad-dong,wad-dong,verb,compound,to seek an excuse.,268,0.975,1,no,pending,yes
kha-n1906-004051,wad-lad,wad-lad,verb,compound,to seek a means or an opportunity.,268,0.975,1,no,pending,yes
kha-n1906-004053,wad-phoi,wad-phoi,verb,compound,"to seek a quarrel. Wang, u, or ka, n. a taro-stalk {Colncasia antiquorum); — ad. ajar . wide open, [as, "" u plie wang ia ka iing. ""] Wang-wang, \ (kylluid-), ad. very (loose) ; [as, ""kine ki juti ki Weng-weng, ) kyildid -wang-wang ha nga""j ; weakly.",268,0.975,1,no,pending,yes
kha-n1906-004054,wah,wah,noun,word,"a stream, a river; — v. to suspend, to hang. [/mU. ka wah-ka urn]",268,0.975,1,no,pending,yes
kha-n1906-004055,wah-bah,wah-bah,noun,compound,"a large river, [/mit. wahbah-wahsan.]",269,0.975,1,no,pending,yes
kha-n1906-004056,wah-duit,wah-duit,noun,compound,"a rivulet, a streamlet. [ImiL wahduit-wahrit.] Wai, V. to finish up, to cease, to bring to a close. Wai-wtii, (tlot-) ad. weakly, [as, "" nga dang sngew tlot wdi-wdi mynta ba'n laid jngai, ""] [/mit. waiwai-witwit.] V^i {abbrev. of ""kwai""), u, n. an areca nut; — {abbrev.oi "" khwai ""), 21', n. a fishing hook. »wai-khdw, ti, n. a fresh areca nut.",269,0.975,1,no,pending,yes
kha-n1906-004063,wai-wot,wai-wot,adverb,compound,"finally, [as, "" u kren wdiwot ynda la pynjew eh ia u bad u leit noh thiaw sha la shnong. ""]",269,0.975,1,no,pending,yes
kha-n1906-004062,wait-lyng-en,wait-lyng-en,noun,compound,"a da with a convex edge. Wait-lyngiigun, ka,'^n. a straight heavy ^« nsed in felling trees and in dressing timbers and planks. Wait-tyng krong, ka, ?2. a dci with two legs or props attached* to the back thereof, used in dressing fish, etc. V<4i-um, u, n. areca nut preserved in water, in a well or vessel.",269,0.975,1,no,pending,yes
kha-n1906-004061,waitlam,waitlam,noun,word,"a sword. Wait lyngkai, ka^ n. a del having a tapering point.",269,0.975,1,no,pending,yes
kha-n1906-004047,wak,wak,adverb,word,"abruptly ; asnnder, [a^, "" n phai noh ^vah na ka lynti kaba belt ""; "" u David u kad wak ia ka shyntm' n sing. ""] Wad, V. to seek, to search, to look for. \_Imit. wad-thud.] Wadnr,",268,0.975,1,no,pending,yes
kha-n1906-004064,wallam,wallam,verb,word,"to bring, to fetch. (Same as wanlam). Wan, V. to come.",269,0.975,1,no,pending,yes
kha-n1906-004067,wan-dm',wan-dm',verb,compound,"to be in the proper shape, symmetrical, [fmit. wan- diir-wandar.]",270,0.975,1,no,pending,yes
kha-n1906-004066,wan-doh,wan-doh,verb,compound,"to be full in flesh, especially after protracted illnessj [as, "" mynta u la wandoh pat, toi, u la sah kat i nap "".]",270,0.975,1,no,pending,yes
kha-n1906-004068,wan-met,wan-met,verb,compound,"to become full in flesh, to become strong, [fmit' wanmet-wanphad. ]",270,0.975,1,no,pending,yes
kha-n1906-004069,wan-on,wan-on,verb,compound,to accompany a person on his journey.,270,0.975,1,no,pending,yes
kha-n1906-004070,wan-rwing,wan-rwing,verb,compound,to go to any place and return back the same day.,270,0.975,1,no,pending,yes
kha-n1906-004071,wan-shaw,wan-shaw,verb,compound,to come and fetch a person or thing.,270,0.975,1,no,pending,yes
kha-n1906-004072,wan-tan,wan-tan,verb,compound,to come to meet a person on the way.,270,0.975,1,no,pending,yes
kha-n1906-004073,wan-wu'-wan-hdp,wan-wu'-wan-hdp,verb,compound,"to reside as a stranger and not as a citizen. War, 71. the people living in the southern low lands of the Khasi and Jaintia Hills ; [hnit. u War-u Riat.]",270,0.975,1,no,pending,yes
kha-n1906-004065,wankai,wankai,verb,word,to come on a visit. \Jmit. wan-kai-wan-iaid].,270,0.975,1,no,pending,yes
kha-n1906-004074,war,war,adverb,word,"far behind, spaciously, [as, ""ieng kylluid war.'']",270,0.975,1,no,pending,yes
kha-n1906-004075,waris,waris,noun,word,"a successor, an heir. Wat, V. {Jmper.), do not, don't ; — ad. ev0n[as, *' wat u masi ruh u tip la u kynrad.""] —wat (suffix) --= times, as, shl-wat once, ar-wa^ twice, etc. 246",270,0.975,1,no,pending,yes
kha-n1906-004059,wat vai-solilaper,wat vai-solilaper,noun,phrase,the fniit of a small kind of palm.,269,0.975,1,no,pending,yes
kha-n1906-004076,waw ym laplieng waw,waw ym laplieng waw,interjection,phrase,"alas ! dear me ! Weng, V, to remove, to take away. """,270,0.975,1,no,pending,yes
kha-n1906-004077,wei,wei,adjective,word,"one ; — conj. since, in asmucli as, [as, ** wei phi la kular topyndep mynta. "") ; — v. to pom*, 'wei, {abbrev. of ""thwei""), ka, n. a pool. Wer, V. to invite, to hire.",270,0.975,1,no,pending,yes
kha-n1906-004078,wer-kynbat,wer-kynbat,verb,compound,to weed.,270,0.975,1,no,pending,yes
kha-n1906-004079,wer-wer,wer-wer,adverb,reduplication,"as a rumour, (as, "" nga sngew wer-wer kumba ka sor Laban ka'n leit noh mo ? "") ""Wet, V. to put a strap round to carry, to fasten a "" star "" or head strap into a knot.",270,0.975,1,no,pending,yes
kha-n1906-004080,wia,wia,adverb,word,"with a whiz, (as, "" ka khlieng ka suh wia na jrong "".)",270,0.975,1,no,pending,yes
kha-n1906-004081,wiak,wiak,adverb,word,"just, a little, (as, "" tang shu lait wiak u la shoh ia ki. "") Wiang, V. to set fire to (a house or jungle)— ^'«, n. a (brass) plate. ""Wiar, V. to bark. ""Wiat, V. to draw (a bow string), to smile. """,271,0.975,1,no,pending,yes
kha-n1906-004082,wiat-samrkhie,wiat-samrkhie,verb,compound,"to smile. 'wieng, {contraction, of '' fyrwieng^^ ), ka, n. a potsherd. , ""Wieh, V. to dip, to steep ; — ti, n. earth-worm. [/mit. u wieh-u ktiar] . Win, V. to be uproarious, to be in a tumult, to move. ""Wir, (iaid-), ad. astray, as a stranger.",271,0.975,1,no,pending,yes
kha-n1906-004052,wiid-nia,wiid-nia,verb,compound,to seek a pretext for controversy ; to find out suitable arguments for prosecuting a case.,268,0.975,1,no,pending,yes
kha-n1906-004083,wit,wit,adjective,word,"hindering, obsructiug ; — v. to be in the family way. Woh, V. to fasten with a hook, to hook. Woh-daw, V. to seek a plea for argument. [Imit. wohddw-woh"" dong.]",271,0.975,1,no,pending,yes
kha-n1906-000182,wmhbas,wmhbas,adjective,word,"u Bynkew-u-basa, a village deity. * Hindi. [ t Bengali. | J English. 10 BASAN BElf^-",15,0.975,1,no,pending,yes
kha-n1906-004084,woh-nia,woh-nia,verb,compound,"to object, to criticise. Y. IT, the last letter in the Khasi Alphabet.",271,0.975,1,no,pending,yes
kha-n1906-000569,xhie-khynraw,xhie-khynraw,verb,compound,to reach the age of maturity.,37,0.975,1,no,pending,yes
kha-n1906-000741,xhyllew,xhyllew,adverb,word,"vainly, proudly (when praised) ; as, kren or leh kliyllei'o.",46,0.975,1,no,pending,yes
kha-n1906-004014,xjm-biah,xjm-biah,noun,compound,"saliva, spittle.",266,0.975,1,no,pending,yes
kha-n1906-004019,xjm-jung,xjm-jung,noun,compound,mine.,266,0.975,1,no,pending,yes
kha-n1906-003142,xl,xl,noun,word,"long grass used in thatcliing. Sdiah, V. to squeeze or press witH the thumb-nail, as one would do a flea. Sdie, ?/, n, an axe. Sdieh, V. to fry.",205,0.975,1,no,pending,yes
kha-n1906-001134,xynthih,xynthih,verb,word,"to jump up (high), — ad. completely, fully, [as, "" san snem kynthih nga la shoi:ig ryngkat bad phi mynta.""]",67,0.975,1,no,pending,yes
kha-n1906-004085,ym,ym,adverb,word,not.,271,0.975,1,no,pending,yes
kha-n1906-004086,ym banse,ym banse,phrase,phrase,"to be obliged to, it cannot be helped. Ym don bak, p/ir. not to have authority to do anything, not to dare.",271,0.975,1,no,pending,yes
kha-n1906-004087,ym laplieng,ym laplieng,phrase,phrase,"to be in a mighty hurry. 247 YM LEI-LEI YNGKOID Ym lei-lei, pkr, it will not fare ill, it will not go wrong ; it will be all right. Yn, cmx. v. will, shall.",271,0.975,1,no,pending,yes
kha-n1906-004088,yn lei,yn lei,phrase,phrase,"it will do no harm, it will be all right.",271,0.975,1,no,pending,yes
kha-n1906-004089,yn sa,yn sa,phrase,phrase,"it will. Ynda, conj, after, when, till.",271,0.975,1,no,pending,yes
kha-n1906-004090,yn-nai,yn-nai,adverb,compound,"no, not, I do not want it ; (as, ** phi'm ia bdm ja ? "" — **Em phi, koit, j>/« ndi, "") Yngkiiid (sati-), kai n. a magic ring. Addenda,",271,0.975,1,no,pending,yes
kha-n1906-000840,zenana lady ox parda nislii,zenana lady ox parda nislii,noun,phrase,"Koit. a. healthy, well ; — adv. all right, never mind. ** Hiudi. I t Bengali. j J Assamese. 45 k6it-k6it kpa-san Koit-koit, ) (jem-), ad. easily bent. [As, ""une u siej u long uba Kiiit-kuit, j"" ^Qxn koit k6it.''^\ Kolom, V. to plant a twig in the ground to grow.",53,0.925,1,no,pending,yes
kha-n1906-000142,'bd-liim,'bd-liim,noun,compound,,13,0.875,2,no,pending,yes
kha-n1906-002682,'don ki shara kiba rit phnain-phnat,'don ki shara kiba rit phnain-phnat,noun,phrase,^^',175,0.875,2,no,pending,yes
kha-n1906-001630,'ing- tyrkhong-ing-tyr-kha,'ing- tyrkhong-ing-tyr-kha,pronoun,phrase,],104,0.875,2,no,pending,yes
kha-n1906-001941,'lapbah-'lapsa,'lapbah-'lapsa,noun,compound,],124,0.875,2,no,pending,yes
kha-n1906-003072,'sai-ryndia,'sai-ryndia,noun,compound,,201,0.875,2,no,pending,yes
kha-n1906-002423,assam silk generally worn by wome,assam silk generally worn by wome,noun,phrase,fl,155,0.775,2,no,pending,yes
kha-n1906-002858,assamese kamrang,assamese kamrang,adjective,phrase,,186,0.875,2,no,pending,yes
kha-n1906-000169,bajas of jainti,bajas of jainti,adjective,phrase,,14,0.875,2,no,pending,yes
kha-n1906-000156,bamon,bamon,noun,word,a,13,0.875,2,no,pending,yes
kha-n1906-000014,berli,berli,noun,word,"(j) M.Otto Harrassowitz, Leipzijf. (3) M. Karl Hiersemann, Leipzig. (4) M. Ernest Leroux, 28, Rue Bonaparte, Paris. (5) MartinusNijhoff, The Hague. (6) Mr. Rudolf Haupt, Halle-a-S, Germany. f ,\ ', SHILLONG FRIN TED BY K. HILL,'>RISS'SUPISINTBNDIMT, SASTBRN BKNOAL AMD ASSAM. AUTHOU'S PREFxiOE. K53 In bringing out tliis little book before the public, I beg to say that I have engaged in a work so ardaous that I cannot profess to have successfully completed it, but, encouraged by the remem- brance that not a few persons have undertaken work of a similar kind in other languages on a small scale at first, I did not shrink from making a like attempt myself. When the work had beou finished, and part of it gone through the press, Sir Bampfyldd Fuller kindly took notice of it, and at his instance a coni- mittee, composed of U Dohory E-opmay, b,a., U Hajom Kissoi* Singh, and myself, as members, was appointed for revising and enlarging it. As the Cherra dialect has been selected and introduced by the ""Welsh Missionaries (and very wisely too) as a standard of the Khasi language, no attempt has been made to insert words of other dialects, excepting in a very few instances. No pains have been spared to consult as many of the bnoks and local newspapers available, as have been published up to date. I have great pleasure in acknowledging my personal obliga- tions to the",1,0.875,2,no,pending,yes
kha-n1906-001416,bo- rag,bo- rag,adjective,phrase,,83,0.875,2,no,pending,yes
kha-n1906-001347,casta- iiopsis s,casta- iiopsis s,pronoun,phrase,,79,0.875,2,no,pending,yes
kha-n1906-001314,cedrela toon,cedrela toon,adjective,phrase,,77,0.875,2,no,pending,yes
kha-n1906-002114,ceylo,ceylo,noun,word,,136,0.875,2,no,pending,yes
kha-n1906-001470,em,em,adverb,word,"no. Em==a word used at the end of a sentence to soften the expres- sion ; it is also equivalent to yon know, [as, "" ynda lah b^^m lah dih em, nga sa leit noh""]. (In Synteng it means there is.) fem (badon-ba-), a. well-to-do. fen, V. to cease from crying ; to keep silence. fen-ja, V. to remain without taking food. \_Imit. enja-enjhur.] fer, <7^. like the appearance of a sudden burst of flames; [as, *' ynda ka ding kala ieng er, ki sa kyndit.""] fer-^r, ad. in full blaze ; [as, "" ka ding ka dang meh ^r-^r.''] *6c {abbrev. of Iyer), ka, n. air, wind, breeze. *6r-batasi-er-batamon, ka, n. a cool refreshing breeze, 'er-kyllang, ka, 71. a cyclone. '6r-kyrtiah, ka, n.si storm mingled with rain. '6r-iong, ka, n. a storm. \_Imit. 'er--iong-'er-ngit.] *er-langthari, ka, n. a whirl- wind. Ew ! inter, ejaculation of dismay or surprise = Oh 1 Ah I G. G, the sixth letter in the Khasi alphabet, but very seldom used. It is pronounced egg. ('^^O *Gadda (see kadda.)",86,0.875,2,no,pending,yes
kha-n1906-000786,eurasia,eurasia,noun,word,,49,0.875,2,no,pending,yes
kha-n1906-000563,eussia bad u japa,eussia bad u japa,noun,phrase,""")",37,0.875,2,no,pending,yes
kha-n1906-001318,finns khasy,finns khasy,adjective,phrase,,77,0.875,2,no,pending,yes
kha-n1906-001594,hynroh,hynroh,noun,word,"a frog ; — ham hynroh-u-hndi, an eclipse of the moon. * Hindi. 84 I lADEI-JINGMUT I I, the ninth letter in the Khasi Alphabet. I, (1) pron. an expression of respect or endearment = he, she, it; [as, /kong, J bah, 1 mei, J hep.] ; it is also an expression of diminution, as, Jwait-rit, Jtyllai. (2) Prefix=to appear, to look; [as, z-sih= to abhor, i bha=to take a fancy to, to like.] (3) suffix=to get sight of, to see, as in the word ioh-i. la, (1) prep, to, for, concerning, of ; [as, ia nga, ia kata.] (2) sign of an 7?w/^r.=let us, come on, [as, la kein iigin leit mynta.] (3) Prefix=sign of plurality or mutuality ; [ns, "" ki ia lehkai ; u ia kren bad kiwei.""] (4) time, season ; [as, "" u la poi ha ka ia kaba biang.""] (5) reference meaning=regarding, concerning ; [as, "" J« kaba kwah ngakwah eh tang ba nga'm lah shuh "" .] labuit, V, to conspire, \lmit. labuit-iasap.] lakad-maw, v. to cause a split in the religion of the family or clan by erecting a tomb wherein to deposit bones separate from the ancestral tomb ("" see mawbah "") ; to schismatise. \Imit. lakad maw-kdd dieng.] lakM-jutang, -v. to break a covenant. * lakajia, v. to quarrel, to dispute. [Imit. lakajia-ia majia.] lakap, V. to make friends or join with, to make an alliance with : to have one as one's partner as in dancing, lakut, V. to make an agreement, to resolve. 'iad {abbrev. of kiad), ka, n. liquor, spirit,",94,0.875,2,no,pending,yes
kha-n1906-002455,iangrait-wei niangboit,iangrait-wei niangboit,noun,phrase,"a wood- worm. niangbri, u, n. a wild pig, a boar. niangbshiah, lea, n. a cbamelion. niangbulot, u, n. a kind of fly. niangkalaw, ha, n. a cockroacb. niangkbap-kor, tt,, n. an earwig. niangkbar, n, n. cbicken-pox. niangkbnap, ka, n. a disease wbicb attacks the hoofs of cattle ; a foot-and-mouth disease. niang khriat, u. n. a small eruption on the body produced by cold. niang kongwieng, ka, n. a species of beetle which is very common in the lowlands, so called fio pa its cry. niangkseh, u, n. a long insect covered with thick fur generally found in pine trees, niangksem, ka, w. an insect which emits a fluid very injarious to human eyes, and having a very bad smell, niangkulia, u, n. syphilis, gonorrhoea, niangkwang, u, n. a wild boar that has separated himself from a herd, niangkynjah, ka, n. any insect which chirps at dead of night, niangkynthah-um, u^ n. a May-fly. niangkyntur-eit. ka, n. a lamelicorn beetle, fiiangdkhiat, m, n. the parasite causing itch, scabies, nianglartham, ka, n. a scorpion, nianglong, u, n, chrysalis, nianglyngkut, u, n. red leprosy, niangmat, ka, n. opthalmia. niang-miaw, ka, n. a tiger-beetle, fiiangmong, u, n. a discolouring of the face, niangphlang, u, n. an insect found everywhere among grass on the higher plateau of the Khasi Hills, and which is eaten by some of the people, niangpyrsit, u, n. measles, niangrah, ?/, 7i. a white-ant. See ''Kruin\ niangrait-hoh (shong), a. having a bad temper and envious spirit niangraitliang, u, n. a tape-worm. niangraitwait, w, n. wot'm generally found in stagnant water, niangrait-wei, w, n. a barren boar. U2 NIANGRIANG",157,0.875,2,no,pending,yes
kha-n1906-000027,imil aibai-siew aibai-td,imil aibai-siew aibai-td,adjective,phrase,],6,0.875,2,no,pending,yes
kha-n1906-001260,imil dawai-dashi,imil dawai-dashi,noun,phrase,],74,0.875,2,no,pending,yes
kha-n1906-001636,imil ka ilaka-ka singman,imil ka ilaka-ka singman,adjective,phrase,],104,0.875,2,no,pending,yes
kha-n1906-001996,imil lehrain-lehsui,imil lehrain-lehsui,noun,phrase,],128,0.875,2,no,pending,yes
kha-n1906-003031,imil sab-sub,imil sab-sub,adjective,phrase,],198,0.875,2,no,pending,yes
kha-n1906-000579,indl khie step-khie phyrnga,indl khie step-khie phyrnga,pronoun,phrase,],37,0.875,2,no,pending,yes
kha-n1906-001645,ino-ino,ino-ino,pronoun,reduplication,"whoever, whichever. long {yong)j a. black. long-ngit, a, pitch dark (as night). [Imit. iong-ngit-iong- ng^in.] long-rein, a. dusk, (evening). longsynia, a. as black as night. longtili, a. as black as a Negro. long-umreit, a. beautifully dark (of complexion). loh. -y. to get, to gain, to obtain, to have, receive. [^L?at. ioh- kot] ; conj. — lest, per chance. * Hindi. 93 lOHKDONG ISAT lohkdong, | ^ ^^ ^^^ ^^^^ opportunity. [Mit. ioh-dong-ioh-lad.] loh-diang, -y. to receive. [Tmit. ioli-diang-ioh-bat.J loh-ei, V. to get gratis, to get for nothing ; to get by picking np from some place, loli-i, V. to see, to get sight of. loh-mon, v. to get to do one's own will. loh-nong, v. to get profit, to gain ; to obtain a reward, [fmif. iohnong-iohni.] loh-sa, V. to have an alternative ; [as, "" Nga leit pan ka bainong sngi na u Saheb A. B., hynrei u ong ba u'n ai tang 3 ana, namar b'ym ioh-sa (=could not be helped) nga shu shimkein.] lohsngew, I ^^ ^ j^ j^^l lohsngow, j lohthiah, v. to be asleep. [Imit. iohthiah-iohdem.] lop-iop, i, n. pendant, especially attached to an earing, — ad. hanging like a pendant. lor, ka, n. snow. (Pronounced yor). lor-ior, (iaid-), v. with slow and weak steps (walk) ; [as, ** balei phi iad ior-ior knm uba pang""?]",104,0.875,2,no,pending,yes
kha-n1906-001333,jbetula accuminat,jbetula accuminat,adjective,phrase,,78,0.875,2,no,pending,yes
kha-n1906-001351,jprunus ferru- gine,jprunus ferru- gine,adjective,phrase,,79,0.875,2,no,pending,yes
kha-n1906-001830,jyong jle,jyong jle,noun,phrase,"""]",117,0.875,2,no,pending,yes
kha-n1906-003015,khasi bea,khasi bea,noun,phrase,,197,0.875,2,no,pending,yes
kha-n1906-002905,khasi circular flat leaf umbrell,khasi circular flat leaf umbrell,adjective,phrase,,189,0.825,2,no,pending,yes
kha-n1906-000228,khasi vulca,khasi vulca,noun,phrase,,18,0.875,2,no,pending,yes
kha-n1906-000595,khir-khir khlemralfj khir-khir khar-kliar,khir-khir khlemralfj khir-khir khar-kliar,adverb,phrase,"studiously, (as, "" u wad dong hi khir- khir khar-khar ia nga"").",38,0.875,2,no,pending,yes
kha-n1906-000994,kora,kora,noun,word,,61,0.875,2,no,pending,yes
kha-n1906-001002,kylla-kaba-mut kyndang-kwah kylla-kaba-mut,kylla-kaba-mut kyndang-kwah kylla-kaba-mut,verb,phrase,"to repent. Kyllang, //, n. the K3dlang rock in Kliadsawplira ; a cyclone.",61,0.875,2,no,pending,yes
kha-n1906-002181,lyndang-pyllu,lyndang-pyllu,pronoun,compound,],140,0.875,2,no,pending,yes
kha-n1906-001474,nga,nga,pronoun,word,I.,87,0.875,2,yes,pending,yes
kha-n1906-002655,phareng,phareng,noun,word,a,173,0.875,2,no,pending,yes
kha-n1906-001607,phareng uba long ym i ia- she,phareng uba long ym i ia- she,pronoun,phrase,""") ''-^ lashet, V. to plot against, to betray. lashoh, V. to fight. [Imit. lashoh-iadat.] lashoh-dohkha, v. to poison fish in a stream. lasiat, V. to have a shooting match (with bows and arrows). lasiat-shon-shiw, v. to tread on one's corns. laslem, v. to remain late. lasnij V. to harbour a revengeful spirit. lasnoh, v. to connect, to cling. lasong, 2J. to prepare and give betel nut, etc., to another; to bundle up. [Imit. iasong-iatap.] lasop, V. to cover ; to concentrate one's energy to one object ; to throng round a person or thing. lasuh-mar-iap, phr. to make the last effort in any undertaking by risking one's life. 89 IASU[",100,0.875,2,no,pending,yes
kha-n1906-002777,pukir-u pukr,pukir-u pukr,adjective,phrase,],182,0.875,2,no,pending,yes
kha-n1906-001359,pyrus granw lat,pyrus granw lat,adjective,phrase,,79,0.875,2,no,pending,yes
kha-n1906-001987,qgg left unhatched by a he,qgg left unhatched by a he,noun,phrase,"Leh, :;. to do, to perform, to act. Lehbein, i}. to maltreat, to ill-treat. \_Imit. lehbein-lehkhoh.]",127,0.875,2,no,pending,yes
kha-n1906-002216,quee,quee,noun,word,,142,0.875,2,no,pending,yes
kha-n1906-001338,queroua dealhat,queroua dealhat,adjective,phrase,,78,0.875,2,no,pending,yes
kha-n1906-001316,rhus succedane,rhus succedane,adjective,phrase,,77,0.875,2,no,pending,yes
kha-n1906-003014,rymbai,rymbai,noun,word,a,197,0.875,2,no,pending,yes
kha-n1906-003054,saheb,saheb,noun,word,a,200,0.875,2,no,pending,yes
kha-n1906-001876,same as jumm,same as jumm,adjective,phrase,,120,0.875,2,no,pending,yes
kha-n1906-003279,same as shyia,same as shyia,pronoun,phrase,,213,0.875,2,no,pending,yes
kha-n1906-003216,same as thdld,same as thdld,pronoun,phrase,,209,0.875,2,no,pending,yes
kha-n1906-000597,shi-khir ia ng,shi-khir ia ng,adjective,phrase,"""]",38,0.875,2,no,pending,yes
kha-n1906-003365,shong-lyng-ngeit shoh-tyndep shong-lyng-ngeit,shong-lyng-ngeit shoh-tyndep shong-lyng-ngeit,verb,phrase,to sit with the whole weight of the body.,218,0.875,2,no,pending,yes
kha-n1906-001310,shorea hobust,shorea hobust,adjective,phrase,,77,0.875,2,no,pending,yes
kha-n1906-003563,soitdn,soitdn,noun,word,,232,0.875,2,no,pending,yes
kha-n1906-001608,t-iashur laweng lasuit-iashor,t-iashur laweng lasuit-iashor,verb,phrase,"to confirm an agreement by pouring libations of liquor, lasiim, V. to bathe. [Imit. iasum-iasloh.] lasdm, V. to tlirow or cast a spear or pointed ekra at. lat, ia, n. a piece of wood attached to the plough. iat («i&r(?f. of k'iat), ka^ n. liquor, country spirit; (also spelt ^iad.) latang, v. to make a solemn agreement by oaths. latai, V. to sift, to scrutinize, to discuss. latait, V. to rejest, to disclaim. latdp, V. to go beyond the proper limit ; to encroach upon. lateh-ktien, phr. to betroth. latem, v. to play on a stringed instrument ; to extinguish a fire. latem-ktien, v. to interrupt one in the course of his conversation. lathad, v. to expose ; to wash dirty linen in public \_Imit. iathad- iabad.] lathain, v. to interweave ; to find an excuse. lathan, ) v. to look to another for the performance of one's own lathansi, ) duty ; to find an excuse for not doing a thing because others are not doing it. lathap, V. to watch for an opportunity, to waylay. lathong, V. to bet, to wager. lathoh, V. to commit in writing ; to register a marriage. [Iiiiit- iathoh-iatar.] lathuh, V. to tell, to relate. lathiihkhana, v. to relate as a story ; to preach. \_Imit. iathuh- khana-iathuhkhadeh.] latla, V. to quarrel by using obscene words. \_Imit. iatla-iatlep.j 'iaw (ydw), a. grown-up, ripe ; courageous ; an appellation of old women ; the fern, of koh which is an appellation of old men.",100,0.875,2,no,pending,yes
kha-n1906-000396,this ia an abbreviated form of kpa,this ia an abbreviated form of kpa,noun,phrase,,27,0.775,2,no,pending,yes
kha-n1906-001732,tj mut ki isiieit j dn-pr a,tj mut ki isiieit j dn-pr a,noun,phrase,"""^ » Hndi 99 JAPHA JATBE Japha, ka^ n. a cooked rice-ball placed over the stones where the bones of the dead are deposited, as a meal for the departed spirit. Japhrut-japhret, ttc?. in a careless or slip-shod way, [as, ""ushu leh japhrut japhret tang ban dep.""] Japi, kcif n. a basket in the shape of a round trunk where precious articles are generally kept ; a casket. Japieh, A-a, w. a frog of a greenish brown colour found iu hill streams.",111,0.875,2,no,pending,yes
kha-n1906-000015,ee,ee,verb,word,"J. G. Evans, to Major E. R. W, C. Carroll, I. M.S., and to Major P. R. T. Gurdon, i.a., for the kind and valuable assistance rendered by them. I must not omit to men- tion here my obligations to the members of the revising commit- tee—U Dohory Ropmay, b.a., and U Hajom Kissor Singh ~-^vho have devoted much time and thought to the revision work, and to some of my Khasi friends from whom I derived assistance. In conclusion, I beg to say that, with all that I and tlse. members of the committee have done, there will still be room for further improvements as years pass. I am, however, satisfied that a foundation has been laid for any improvements that may be made in future. Shillong, ^ 46422^ J NISSOR SINGH December 1904. EXPLANATORY NOTES. The reader must first of all make himself acquainted with the letters of the Khasi alphabet, according to which the words have been arranged in this book. These are the letters of the Khasi alphabet :— abkdegnghi ^ j 1 m n (fi) o p r 8 t u w y 2. The following prefixes, which may be formed with verbs and adjectives to make compound words, have been omitted, excepting in the case where the derivatives so formed bear a special mean- ing from that of the radicals, e.g., jingri — cattle, jinghriew — human, nongwei — a stranger, nongra — a worn-out and useless brass vessel, iaroTi — io Y^?k\s>Q, sngewsih — to be ^OYij, pynhiar — diarrhoea, export, etc. Prefixes of the above kind are — i — (or ih — ), ia — , iai — , jing — , kaba — , la — , myn — , nang — , nong — , pyn — , sngew — , i — , ih — , to appear, to look, as, ibha — to take a fancy to ; isyn-ei — to have pity for ; itlot — to appear weak; i-raikhoh — to appear lean or reduced. ia — , denotes plurality of the subject agreeing with the verb, as, ki ia kren — they are talking ; u ia shoh bad u dkhar — he is fighting with a dkhar. iai""-'^ nang — , expresses continuity or progression of action, as, iai'sneng — to continue to rebuke ; iai-leii — to continue to go; w««^^/zoA— to be writing, is writ- ing ; nangiaid — to be going on, is going on. jing — , when prefixed to a verb or adjective, to form ab- stract noun, SiSfJingbha — goodness ; Jing shdi — light ; jingleh — ^action, and so on. kaba — , a prefix to form a verbal noun and the imperfect participle, as, kaba sum ka pynkhiUd ia ha met — bathing cleanses the body. ?a— ) a prefix denoting future time, as, lashdi — to-morrow ; lashisngi — day after to-morrow ; lanymwei — next season or year. iv NOTES. my?i — , a prefix to denote a doer, as, mynttlh — a tliief ; myn- pang — a patient. In adverbs of time it denotes past time, as, mynhynne—o. short time ago ; niynshi- sngi — day before yesterday ; mynnyniwei — last season or year. nang — , see iai aboye. nong — , denotes a doer or an inhabitant of, as, noiigkren — a speaker; nong Sohra, — a Gherra-man ; nong Myl- liem — an inhabitant of Mylliem village. pyn — , a prefix to form a causative verb, pi/iifhoh —to cause one to write ypynshong — to cause one to sit ; 'pyn …",2,0.725,3,no,pending,yes
kha-n1906-001602,jaid-ior-ior,jaid-ior-ior,verb,reduplication,"to walk slowly as a weak person. laid-laitlan, v. to walk as if under no restraint ; to roam about. Idid lammir.//^r. to lead a profligate life. laid-lyngngeh, v. to walk slowly by throwing the head backwards. Idid-pawang, v, to swagger. 8G lAID-SHAN-SHAN lAPKUT Idid-shan-shaii, "") v. to walk as one who has been, under the in- I^id-shen-shen, ) fliience of liquor ; to stagger. I^id-suda, v. to go or walk without a load. laid-thnet thnet, v. to walk as if one means to knock against everything. laid-tnet-tnet, v. to walk as if one is regardless of what the feet might knock against. lai, (prefix) v. to continue to, [as, idi kren, idi long, idi shong.] la-ieh noh, v. to leave off; to divorce, lajan, a. near each other. — v. closely related, lalade, pron. self, to one's self. laiam, v. to lead. lalap, V. to say ; preach. [Imit. ialap-iariew.] laluh, V. to woo, make love, allure, entice. [IrniL ialuli-iapah.] lalur, V. to court, solicit for marria^ic. lam, V. to weep, cry. (Pronounced yam). s lamai, v. to quarrel. [Imit. iamal-iania.] lamhait, v. to easily give way to crying, lam-hriew, v. to lament for the dead, lanap, v. to devote one's self to. lania, v. to dispute, quarrel, argue. lanoh, V. to add a little more quantity than what is bought upon the terms agreed upon ; — v. {imper.) let us be off. lapoi, V. to cohabit. lap {yap), ^- to die, to lose. [Imit. iap-im.] 'iap, {abbrev. of shyiap), u, n. sand ; [as, 'x'^/lieh,' zV^^-wah.] lap-antr, ad. (generally used with rkhie), to laugh to one's heart's content. [Imit. lap-ang-iapler.] lapah, V. to allure, to decoy. [Imit. lapah-ialuh.] lapbiej, v. to die of accident or as the result of one's own care- lessness. [Imit. iap-biej-iap them.] lapein, v. to give for change (money) ; to barter. lapkhlam, v. to die of cholera ; — ha, n. cholera. [Imit. iapkhlam- iapngoh.] lapkut, V. to die because one could not get out of danger as from a burning house or a besieged fort. 87 lAPDUH ^lAR-LASIR lapduh, V. to be annihilated, to die without having any female relative surviving him. [Imit. iap-duh-iaptan.] lapngiah, v. to be much absorbed in anything ; to be charmed with. [Imit. iapngiah-iapshoin.] lap-iap, ad. thin and light (cloth). lap-ieng. v. to die in a standing posture as a withered tree. lap-iong, V. to be attacked with mildew, — ka, n. kdld-dzdr. lap-jyllop, V. to die of drowning ; to be drowned. lapler, v. to fall into a swoon, to faint. lap-op, V. to die of suffocation. lap-pongding, v. to die with a child in the womb. \_Imit. iap- pongding-iap-pongruh.] lap-shiliang, ka, n. palsy. lap-snap (i-), v. ;to be of any worth (said of property and used with the negative particle ym!) lap-snem, v. to die of epidemic disease, esp. of cholera. lap-thai, d. to wither ; to droop or be sorrowful ; to pine away in sorrow. lap-them, ka^ n. cholera. lap-thngan, v. to die of starvation. [Imit. iapthngan-iapjing-it.] lap-tram, v. to wither. lap-tyrsaw, v. to faint from hunger, [/mit. iap-tyrsaw-iaptyr- sian.] lap-tyr-ut, …",96,0.725,3,no,pending,yes
